Dis No,Year,Seq,Glide,Disaster Group,Disaster Subgroup,Disaster Type,Disaster Subtype,Disaster Subsubtype,Event Name,Country,ISO,Region,Continent,Location,Origin,Associated Dis,Associated Dis2,OFDA Response,Appeal,Declaration,AID Contribution ('000 US$),Dis Mag Value,Dis Mag Scale,Latitude,Longitude,Local Time,River Basin,Start Year,Start Month,Start Day,End Year,End Month,End Day,Total Deaths,No Injured,No Affected,No Homeless,Total Affected,Reconstruction Costs ('000 US$),"Reconstruction Costs, Adjusted ('000 US$)",Insured Damages ('000 US$),"Insured Damages, Adjusted ('000 US$)",Total Damages ('000 US$),"Total Damages, Adjusted ('000 US$)",CPI,Adm Level,Admin1 Code,Admin2 Code,Geo Locations
1965-0072-PER,1965,72,,Natural,Hydrological,Flood,Riverine flood,,,Peru,PER,South America,Americas,,,,,,,,,,Km2,,,,,1965,12.0,22.0,1965,12.0,22.0,60.0,,,,,,,,,,,11.6279903783075,,,,
1977-0206-PER,1977,206,,Natural,Hydrological,Flood,,,,Peru,PER,South America,Americas,Amazonas province,,,,Yes,,,,,Km2,,,,,1977,4.0,6.0,1977,4.0,6.0,17.0,,,300.0,300.0,,,,,,,22.367198775421,,,,
1977-0135-PER,1977,135,,Natural,Hydrological,Flood,,,,Peru,PER,South America,Americas,Cuzco city,,,,,,,,,Km2,,,,,1977,11.0,17.0,1977,11.0,17.0,4.0,,640.0,,640.0,,,,,1000.0,4471.0,22.367198775421,,,,
1978-0045-PER,1978,45,,Natural,Hydrological,Flood,,,,Peru,PER,South America,Americas,San Martin,,,,Yes,,,,,Km2,,,,,1978,3.0,22.0,1978,3.0,22.0,2.0,,17000.0,5000.0,22000.0,,,,,2000.0,8308.0,24.0740345506232,,,,
1981-0266-PER,1981,266,,Natural,Hydrological,Flood,,,,Peru,PER,South America,Americas,Central mountains,,,,,,,,,Km2,,,,,1981,3.0,13.0,1981,3.0,13.0,70.0,,,5000.0,5000.0,,,,,6000.0,17881.0,33.5554165755522,,,,
1982-0025-PER,1982,25,,Natural,Hydrological,Flood,Flash flood,,,Peru,PER,South America,Americas,"Huallaga, Cuzco",,,,,,,,,Km2,,,,,1982,1.0,25.0,1982,1.0,25.0,332.0,,20000.0,5000.0,25000.0,,,,,,,35.6128405860485,,,,
1982-0050-PER,1982,50,,Natural,Hydrological,Flood,,,,Peru,PER,South America,Americas,Ucayali river,,,,,,,,,Km2,,,,,1982,4.0,13.0,1982,4.0,13.0,,,30000.0,,30000.0,,,,,,,35.6128405860485,,,,
1987-0073-PER,1987,73,,Natural,Hydrological,Flood,,,,Peru,PER,South America,Americas,Chosica (Lima),,,,,,,,,Km2,,,,,1987,3.0,9.0,1987,3.0,9.0,100.0,500.0,25000.0,,25500.0,,,,,,,41.9327356221299,,,,
1988-0093-PER,1988,93,,Natural,Hydrological,Flood,Riverine flood,,,Peru,PER,South America,Americas,Cuzco province,,,,,,,,,Km2,,,,,1988,2.0,24.0,1988,2.0,24.0,38.0,,,,,,,,,,,43.6426415919528,,,,
1989-0006-PER,1989,6,,Natural,Hydrological,Flood,,,,Peru,PER,South America,Americas,Arequipa,,,,Yes,,,,,Km2,,,,,1989,2.0,8.0,1989,2.0,8.0,38.0,,,500.0,500.0,,,,,,,45.749276186311,,,,
1990-0315-PER,1990,315,,Natural,Hydrological,Flood,Riverine flood,,,Peru,PER,South America,Americas,,Heavy rain,,,,No,No,,,Km2,,,,,1990,2.0,14.0,1990,2.0,14.0,20.0,,,,,,,,,,,48.2187972884321,,,,
1990-0322-PER,1990,322,,Natural,Hydrological,Flood,Riverine flood,,,Peru,PER,South America,Americas,"Southern Andean Highlands, Cuzco, Chumbivilcas Province",Heavy rain,,,,No,No,,,Km2,,,,,1990,2.0,20.0,1990,2.0,23.0,21.0,,100.0,,100.0,,,,,,,48.2187972884321,,,,
1990-0245-PER,1990,245,,Natural,Hydrological,Flood,Riverine flood,,,Peru,PER,South America,Americas,"Huancayo, Santa Rosa de Lima (Highlands)",Heavy rain,,,,No,No,,,Km2,,,,,1990,12.0,28.0,1990,12.0,30.0,20.0,,,2500.0,2500.0,,,,,,,48.2187972884321,,,,
1992-0156-PER,1992,156,,Natural,Hydrological,Flood,Riverine flood,,,Peru,PER,South America,Americas,"Grau, San Martin",,,,Yes,,,,,Km2,,,,,1992,4.0,2.0,1992,4.0,2.0,,,30000.0,,30000.0,,,,,,,51.7831620380495,,,,
1993-0131-PER,1993,131,,Natural,Hydrological,Flood,Riverine flood,,,Peru,PER,South America,Americas,Amazon region,,,,,,,,,Km2,,,,,1993,3.0,12.0,1993,3.0,12.0,80.0,,219000.0,,219000.0,,,,,,,53.3116203804942,,,,
1994-0017-PER,1994,17,,Natural,Hydrological,Flood,,,,Peru,PER,South America,Americas,"Arequipa, Cuzco, Huancayo, Iquitos, Puno, Trujillo, Lima, Apurimac, Ayacucho, La Libertad, Huanuco, Junin, Cerro de Pasco, Huancavelica, Madre de Dios, San Martin, Pucallpa",,,,Yes,No,No,479.0,299.0,Km2,,,,,1994,2.0,21.0,1994,2.0,25.0,52.0,100.0,89000.0,12000.0,101100.0,,,,,50000.0,91405.0,54.7016925431883,,,,
1999-0160-PER,1999,160,,Natural,Hydrological,Flood,,,,Peru,PER,South America,Americas,Loretto department,,,,,,,963.0,250.0,Km2,,,,,1999,3.0,19.0,1999,3.0,19.0,60.0,1200.0,240000.0,,241200.0,,,,,,,61.473667176908,,,,
1999-0704-PER,1999,704,,Natural,Hydrological,Flood,,,,Peru,PER,South America,Americas,"Iquitos (Loreto province),",Brief torrential rain,,,,No,No,,,Km2,,,,"Amazon river, Itaya and Nanay tributaries",1999,5.0,13.0,1999,5.0,24.0,14.0,,,250000.0,250000.0,,,,,,,61.473667176908,,,,
2000-0129-PER,2000,129,,Natural,Hydrological,Flood,Flash flood,,,Peru,PER,South America,Americas,"Hipre village (Uraya area, Angaraes district, Huancavelica province)",Torrential rain,"Slide (land, mud, snow, rock)",,,,,,,Km2,,,,,2000,3.0,16.0,2000,3.0,16.0,22.0,,,50.0,50.0,,,,,,,63.5495473431008,2,,24086,Angaraes (Adm2).
2001-0117-PER,2001,117,,Natural,Hydrological,Flood,Riverine flood,,,Peru,PER,South America,Americas,"El Collao, Chucui­to, San Roman, Puno, Huancane districts (Puno province), Lima, Ica, Arequipa,Tacna, Moquegua provinces",,,,,,,23.0,17430.0,Km2,,,,,2001,3.0,1.0,2001,3.0,21.0,,,46000.0,,46000.0,,,,,,,65.345558714192,1;2,2331;2338;2342;2345;2350,24165;24167;24168;24169;24170;24173;24174;24175,"Arequipa, Ica, Lima, Moquegua, Tacna (Adm1). Azangaro, Chucui­to, El Collao, Huancane, Lampa, Puno, San Antonio de Putina, San Roman (Adm2)."
2001-0271-PER,2001,271,,Natural,Hydrological,Flood,Flash flood,,,Peru,PER,South America,Americas,"Mazamri area (Satipo district, Junin province)",Brief torrential rain,,,,,,,14800.0,Km2,,,,,2001,4.0,25.0,2001,4.0,26.0,9.0,10.0,300.0,,310.0,,,,,,,65.345558714192,2,,24114,Satipo (Adm2).
2001-0703-PER,2001,703,,Natural,Hydrological,Flood,Riverine flood,,,Peru,PER,South America,Americas,Padre Abad district (Ucayali province),Heavy rains,,,,,,,272800.0,Km2,,,,"Aguaytia, Negro rivers",2001,12.0,26.0,2001,12.0,29.0,6.0,,20000.0,,20000.0,,,,,,,65.345558714192,2,,24198,Padre Abad (Adm2).
2002-0077-PER,2002,77,,Natural,Hydrological,Flood,Riverine flood,,,Peru,PER,South America,Americas,"Tumbes, Cajamarca, Lima, Juni­n, Cusco, Huancavelica, Puno, Piura, Lambayeque, Arequipa, Moquegua, Apurimac, Madre de Dios, La Libertad, Huanuco provinces",Heavy rain,"Slide (land, mud, snow, rock)",,,,,286.0,333200.0,Km2,,,,"Rimac, Chillon, Caete Rivers",2002,2.0,4.0,2002,2.0,15.0,6.0,,8349.0,,8349.0,,,,,,,66.3819636999782,1,2330;2331;2333;2335;2336;2337;2339;2340;2341;2342;2344;2345;2347;2348;2351,,"Apurimac, Arequipa, Cajamarca, Cusco, Huancavelica, Huanuco, Junin, La Libertad, Lambayeque, Lima, Madre de Dios, Moquegua, Piura, Puno, Tumbes (Adm1)."
2002-0187-PER,2002,187,,Natural,Hydrological,Flood,Riverine flood,,,Peru,PER,South America,Americas,"Tumbes, Puno provinces",Heavy rain,,,,,,,13770.0,Km2,,,,"Zarumilla, Lake Titicaca",2002,3.0,17.0,2002,3.0,31.0,13.0,14.0,2155.0,,2169.0,,,,,,,66.3819636999782,1,2348;2351,,"Puno, Tumbes (Adm1)."
2002-0708-PER,2002,708,,Natural,Hydrological,Flood,Riverine flood,,,Peru,PER,South America,Americas,Satipo district (Junin province),,,,,,,,16.0,Km2,,,,,2002,11.0,10.0,2002,11.0,10.0,4.0,,350.0,,350.0,,,,,,,66.3819636999782,2,,24114,Satipo (Adm2).
2003-0051-PER,2003,51,,Natural,Hydrological,Flood,Riverine flood,,,Peru,PER,South America,Americas,"Melgar, Azangaro, Huancane, San Antonio de Putina, Carabaya districts (Puno province), Cusco, Madre de Dios, Apuri­mac, Arequipa, Ayacucho, Ucayali, Huancavelica, Ica provinces",Heavy rains,"Slide (land, mud, snow, rock)",,Yes,,Yes,325.0,78940.0,Km2,,,,"Inambari, Puquir, Colorado, Manu, Tambopata, Choco, Huancane, Huatanaya, Ramis, Vilcanota",2003,1.0,23.0,2003,2.0,10.0,18.0,12.0,60000.0,,60012.0,,,,,,,67.8888956921058,1;2,2330;2331;2332;2335;2336;2338;2344;2352,24165;24166;24169;24171;24174,"Apurimac, Arequipa, Ayacucho, Cusco, Huancavelica, Ica, Madre de Dios, Ucayali (Adm1). Azangaro, Carabaya, Huancane, Melgar, San Antonio de Putina (Adm2)."
2003-0644-PER,2003,644,,Natural,Hydrological,Flood,Riverine flood,,,Peru,PER,South America,Americas,"El Dorado, Lamas, Picota, Moyobamaba, Bellavista, San Martin districts (San Martin province), Huancane, Lampa, Azangaro, San Roman districts (Puno province), Cusco, Apurimac, Collao, Madre de Dios, Huanuco provinces",Heavy rains,Rain,"Slide (land, mud, snow, rock)",,,Yes,,73130.0,Km2,,,,"Ramis, Hauncane",2003,12.0,28.0,2004,1.0,14.0,4.0,,1500.0,3950.0,5450.0,,,,,,,67.8888956921058,1;2,2330;2334;2335;2337;2344,24165;24169;24170;24175;24179;24182;24184;24185;24187;91844,"Apurimac, Callao, Cusco, Huanuco, Madre de Dios (Adm1). Azangaro, Bellavista, El Dorado, Huancane, Lamas, Lampa, Moyobamba, Picota, San Martin, San Roman (Adm2)."
2004-0200-PER,2004,200,,Natural,Hydrological,Flood,Riverine flood,,,Peru,PER,South America,Americas,"Bagua district (Amazonas province), Sihuas district (Ancash province), San Martin province",Heavy rains,"Slide (land, mud, snow, rock)",,,,,,,Km2,,,,"Brujopata, Grande",2004,5.0,7.0,2004,5.0,7.0,,,7500.0,,7500.0,,,,,,,69.7064421605073,1;2,2349,24005;24030,"San Martin (Adm1). Bagua, Sihuas (Adm2)."
2007-0039-PER,2007,39,FL-2007-000009,Natural,Hydrological,Flood,Riverine flood,,,Peru,PER,South America,Americas,"Junin, Pasco, Ucayali, Huanuco, Cusco, Huancavelica, La Libertad, San Martin provinces",Heavy rain,"Slide (land, mud, snow, rock)",,,,,,,Km2,-11.47,-74.46,,"Tulumayo, Chanchamayo, Huacara rivers",2007,1.0,21.0,2007,2.0,10.0,17.0,11.0,47703.0,,47714.0,,,,,,,76.5186792040236,1,2335;2336;2337;2339;2340;2346;2349;2352,,"Cusco, Huancavelica, Huanuco, Junin, La Libertad, Pasco, San Martin, Ucayali (Adm1)."
2008-0064-PER,2008,64,FL-2008-000031,Natural,Hydrological,Flood,Riverine flood,,,Peru,PER,South America,Americas,"Tumbes, Piura, Lambayeque, Amazonas, Loreto, San Martin, Huanuco, Pasco, Ucayali, Junin, Apurimac, Ica, Ayacucho, Arequipa, Puno, Moquegua, Tacna, Ancash, Cajamarca, Huancavelica, Madre de Dios, Lima provinces","Heavy rains, El Nina and El Nino","Slide (land, mud, snow, rock)",,,,,,456900.0,Km2,-10.11,-73.01,,"Ucayali, Tarma, Huayabamba, Saposoa, Mayo, Paranupura",2008,2.0,4.0,2008,3.0,14.0,40.0,12.0,450000.0,,450012.0,,,,,,,79.4563043953641,1,2328;2329;2330;2331;2332;2333;2336;2337;2338;2339;2341;2342;2343;2344;2345;2346;2347;2348;2349;2350;2351;2352,,"Amazonas, Ancash, Apurimac, Arequipa, Ayacucho, Cajamarca, Huancavelica, Huanuco, Ica, Junin, Lambayeque, Lima, Loreto, Madre de Dios, Moquegua, Pasco, Piura, Puno, San Martin, Tacna, Tumbes, Ucayali (Adm1)."
2010-0065-PER,2010,65,FL-2010-000023,Natural,Hydrological,Flood,Riverine flood,,,Peru,PER,South America,Americas,"La Esperanza, El Porvenir, Salaverry towns (Trujillo district, La Libertad province)",,,,,,,,305800.0,Km2,-4.68,-78.29,,,2010,2.0,10.0,2010,2.0,17.0,20.0,,80000.0,,80000.0,,,,,,,80.472285151979,2,,24127,Trujillo (Adm2).
2011-0556-PER,2011,556,,Natural,Hydrological,Flood,Riverine flood,,,Peru,PER,South America,Americas,Ucayali province,,,,,,,,,Km2,,,,,2011,5.0,26.0,2011,5.0,26.0,1.0,,3000.0,,3000.0,,,,,,,83.0126743931774,1,2352,,Ucayali (Adm1).
2012-0402-PER,2012,402,,Natural,Hydrological,Flood,Riverine flood,,,Peru,PER,South America,Americas,"Amazonas, Ancash, Apurimac, Arequipa, Ayacucho, Cajamarca, Callao, Cusco, Huancavelica, Huanuco, Ica, Junin, La Libertad, Lambayeque, Lima, Loreto, Madre de Dios, Moquegua, Pasco, Piura, Puno, San Martin, Tacna, Tumbes, Ucayali provinces",,"Slide (land, mud, snow, rock)",Broken Dam/Burst bank,,,Yes,,,Km2,,,,,2012,2.0,8.0,2012,3.0,13.0,14.0,29.0,,50000.0,50029.0,,,,,,,84.7304788978789,1,2328;2329;2330;2331;2332;2333;2334;2335;2336;2337;2338;2339;2340;2341;2342;2343;2344;2345;2346;2347;2348;2349;2350;2351;2352,,"Amazonas, Ancash, Apurimac, Arequipa, Ayacucho, Cajamarca, Callao, Cusco, Huancavelica, Huanuco, Ica, Junin, La Libertad, Lambayeque, Lima, Loreto, Madre de Dios, Moquegua, Pasco, Piura, Puno, San Martin, Tacna, Tumbes, Ucayali (Adm1)."
2013-0056-PER,2013,56,,Natural,Hydrological,Flood,Riverine flood,,,Peru,PER,South America,Americas,"Loreto, Arequipa, Cusco, Ancash, Huancavelica, Huanuco, Pasco provinces",Heavy rains,,,,,,,577783.0,Km2,-20.3461,-69.09,,,2013,1.0,1.0,2013,2.0,20.0,67.0,32.0,180734.0,,180766.0,,,,,,,85.9716422479773,1,2329;2331;2335;2336;2337;2343;2346,,"Ancash, Arequipa, Cusco, Huancavelica, Huanuco, Loreto, Pasco (Adm1)."
2013-0578-PER,2013,578,,Natural,Hydrological,Flood,Riverine flood,,,Peru,PER,South America,Americas,Leoncio Prado district (Huanuco province),Torrential rains,Broken Dam/Burst bank,,,,,,,Km2,,,,"Huallaga, Supte",2013,10.0,19.0,2013,10.0,22.0,1.0,355.0,,,355.0,,,,,,,85.9716422479773,2,,24098,Leoncio Prado (Adm2).
2014-0534-PER,2014,534,,Natural,Hydrological,Flood,Riverine flood,,,Peru,PER,South America,Americas,"Cusco, Huancavelica provinces",,,,,,,,,Km2,,,,,2014,1.0,1.0,2014,1.0,20.0,21.0,,,,,,,,,,,87.3662978351193,1,2335;2336,,"Cusco, Huancavelica (Adm1)."
2014-0040-PER,2014,40,,Natural,Hydrological,Flood,Riverine flood,,,Peru,PER,South America,Americas,"Madre de Dios, Cusco, Puno, Apurimac, Pasco provinces",Heavy rains,"Slide (land, mud, snow, rock)",,,,,,,Km2,,,,,2014,1.0,24.0,2014,1.0,27.0,,,6300.0,2700.0,9000.0,,,,,,,87.3662978351193,1,2330;2335;2344;2346;2348,,"Apurimac, Cusco, Madre de Dios, Pasco, Puno (Adm1)."
2015-0522-PER,2015,522,FL-2015-000011,Natural,Hydrological,Flood,Riverine flood,,,Peru,PER,South America,Americas,"Pedegral area (Camana district, Arequipa province), Quirio, Chosica, Lurigancho areas (Lima district, Lima province), La Trinchera area (Tacna district, Tacna province), Santa Eulalia area (Huarochiri district, Lima province), La Libertad province",,"Slide (land, mud, snow, rock)",,,,,,,Km2,,,,,2015,3.0,23.0,2015,3.0,23.0,9.0,55.0,3180.0,,3235.0,,,,,,,87.4699322108025,1;2,2340,24040;24137;24191;91841,"La Libertad (Adm1). Caman?, Huarochiri, Lima, Tacna (Adm2)."
2015-0199-PER,2015,199,FL-2015-000011,Natural,Hydrological,Flood,Riverine flood,,,Peru,PER,South America,Americas,"San Juan Bautista, Punchana, Belen, Indiana areas (Maynas district, Loreto province), Datem del Maranon, Requena, Mariscal Ramon Castilla, Ucayali, Loreto, Alto Amazonas districts (Loreto province)",,,,,,Yes,,,Km2,,,,,2015,4.0,9.0,2015,4.0,9.0,,,147405.0,,147405.0,,,,,,,87.4699322108025,2,,24143;24144;24145;24146;24147;91842;91847,"Alto Amazonas, Datem del Maranon, Loreto, Mariscal Ram??n Castilla, Maynas, Requena, Ucayali (Adm2)."
2016-0054-PER,2016,54,,Natural,Hydrological,Flood,,,,Peru,PER,South America,Americas,"Puno, Arequipa, Cusco, Junin provinces",,"Slide (land, mud, snow, rock)",,,,,,,Km2,,,,"Ralis, Sullca, Urubamba, Coschireni rivers",2016,2.0,20.0,2016,2.0,25.0,2.0,,10000.0,,10000.0,,,,,2000.0,2258.0,88.573452875574,1,2331;2335;2339;2348,,"Arequipa, Cusco, Junin, Puno (Adm1)."
2017-0036-PER,2017,36,,Natural,Hydrological,Flood,,,,Peru,PER,South America,Americas,"Arequipa, Camana, Caraveli, Castile, Caylloma, Condesuyos, Islay, La Union (Arequipa). Huancavelica, Acobamba, Angaraes, Castrovirreyna, Huaytara, Tayacaja (Huancavelica), Ica, Nasca, Palpa, Pisco (Ica), Canete, Canta, Huarochirir, Lima, Oyon, Yauyos (Lima)",Heavy rain,"Slide (land, mud, snow, rock)",,,,Yes,,,Km2,,,,,2017,1.0,14.0,2017,2.0,1.0,15.0,,376000.0,,376000.0,,,,,100000.0,110546.0,90.4601793133611,2,,24039;24040;24041;24042;24043;24044;24045;24046;24085;24086;24087;24089;24090;24104;24105;24106;24107;24134;24135;24137;24140;24141;91839;91841,"Acobamba, Angaraes, Arequipa, Ca??ete, Caman?, Canta, Caravel??, Castilla, Castrovirreyna, Caylloma, Condesuyos, Huancavelica, Huarochiri, Huaytara, Ica, Islay, La Uni??n, Lima, Nazca, Oyon, Palpa, Pisco, Tayacaja, Yauyos (Adm2)."
2017-0052-PER,2017,52,FL-2017-000014,Natural,Hydrological,Flood,,,,Peru,PER,South America,Americas,"Lambayeque, Morrope, Tucume, Illimo, Pacora, Jayanca, Olmos, Motupe, Salas, Cayalti, San Jose, Mochumi districts (Lambayeque province); Chiclayo, Ortiz, La Victoria, Pimentel, Monsefu, Santa Rosa, Puerto Eten, Lagunas, Chongoyape, Patapo, Pomalca, Cayalti, Zana, Eten, Tuman, Picsi, Pucala, Reque, José Leonardo Orti districts (Chiclayo province); Ferrenafe province",Heavy rains,,,,,Yes,,288499.0,Km2,-5.251,-77.573,,La Leche,2017,2.0,1.0,2017,2.0,7.0,1.0,,12000.0,,12000.0,,,,,,,90.4601793133611,2,,24129;24130;24131,"Chiclayo, Ferre??afe, Lambayeque (Adm2)."
2017-0084-PER,2017,84,FL-2017-000014,Natural,Hydrological,Flood,,,,Peru,PER,South America,Americas,"Ancash department (Huarmey, Casma, El Santa provinces); Tumbes department (Zarumilla and Tumbes provinces); Lima department (Lima, Huarochirí and Canta provinces), La Libertad department (Trujillo province), Chiclayo department (Chiclayo province), Piura department (Piura province)","Hevy rains, El Nino","Slide (land, mud, snow, rock)",,Yes,,Yes,,810942.0,Km2,-11.004,-75.148,,,2017,3.0,15.0,2017,3.0,19.0,184.0,505.0,1800000.0,,1800505.0,,,380000.0,420074.0,3100000.0,3426922.0,90.4601793133611,1;2,2331;2333;2334;2336;2338;2343,24018;24029;24127;24129;24135;24137;24161;24194;24195;91836;91841,"Arequipa, Cajamarca, Callao, Huancavelica, Ica, Loreto (Adm1). Canta, Casma, Chiclayo, Huarmey, Huarochiri, Lima, Piura, Santa, Trujillo, Tumbes, Zarumilla (Adm2)."
2019-0093-PER,2019,93,,Natural,Hydrological,Flood,,,,Peru,PER,South America,Americas,"Arequipa, Ancash, Loreto, Tacna, Moquegua",Heavy rains,"Slide (land, mud, snow, rock)",,,,,,,Km2,,,,,2019,2.0,7.0,2019,2.0,7.0,10.0,,,,,,,,,,,94.3490924994534,1,2329;2331;2343;2345;2350,,"Ancash, Arequipa, Loreto, Moquegua, Tacna (Adm1)."
2019-0072-PER,2019,72,,Natural,Hydrological,Flood,,,,Peru,PER,South America,Americas,"Apurimac, Arequipa, Ayacucho, Cusco, Huancavelica, Ica, Lima, Moquegua, Puno, Tacna",,Storm,"Slide (land, mud, snow, rock)",,,,,,Km2,,,,,2019,2.0,21.0,2019,2.0,28.0,51.0,79.0,8300.0,,8379.0,,,,,,,94.3490924994534,1,2330;2331;2332;2335;2336;2338;2342;2345;2348;2350,,"Apurimac, Arequipa, Ayacucho, Cusco, Huancavelica, Ica, Lima, Moquegua, Puno, Tacna (Adm1)."
2019-0647-PER,2019,647,,Natural,Hydrological,Flood,,,,Peru,PER,South America,Americas,"Huanuco, Pasco and Cusco departments",,"Slide (land, mud, snow, rock)",,,,,,322183.0,Km2,-5.921,-76.979,,,2019,12.0,15.0,2020,1.0,10.0,,,900.0,,900.0,,,,,,,94.3490924994534,1,2335;2337;2346,,"Cusco, Huanuco, Pasco (Adm1)."
2020-0032-PER,2020,32,,Natural,Hydrological,Flood,Flash flood,,,Peru,PER,South America,Americas,Uchumayo (Arequipa); Monzón (Huanuco Department),Heavy rains,"Slide (land, mud, snow, rock)",,,,,,,Km2,,,,,2020,1.0,23.0,2020,1.0,24.0,,,240.0,,240.0,,,,,,,95.5129674174503,2,,24039;24095,"Arequipa, Huamal??es (Adm2)."
2020-0094-PER,2020,94,,Natural,Hydrological,Flood,Flash flood,,,Peru,PER,South America,Americas,"Arequipa, Tacna, Cusco",Seasonal rains,"Slide (land, mud, snow, rock)",,,,,,,Km2,,,,,2020,2.0,17.0,2020,2.0,25.0,15.0,23.0,6438.0,,6461.0,,,,,10000.0,10470.0,95.5129674174503,1,2331;2335;2350,,"Arequipa, Cusco, Tacna (Adm1)."
2020-0122-PER,2020,122,,Natural,Hydrological,Flood,Flash flood,,,Peru,PER,South America,Americas,"Maranon Province , Huanuco Department (central Peru)",Heavy rains,"Slide (land, mud, snow, rock)",,,,,,152175.0,Km2,-7.011,-76.88,,,2020,3.0,28.0,2020,4.0,2.0,,,550.0,,550.0,,,,,,,95.5129674174503,2,,24099,Maranon (Adm2).
2021-0101-PER,2021,101,,Natural,Hydrological,Flood,Flash flood,,,Peru,PER,South America,Americas,"Santa Rosa de Alto Yanajanca district, Marañón province (Huanuco Department)",,"Slide (land, mud, snow, rock)",,,,,,,Km2,,,,Santa Martha River,2021,2.0,10.0,2021,2.0,11.0,1.0,,1875.0,,1875.0,,,,,,,100.0,2,,24099,Maranon (Adm2).
2021-0098-PER,2021,98,,Natural,Hydrological,Flood,Riverine flood,,,Peru,PER,South America,Americas,"Tambopata, Tahuamanu, Manu Provinces; Ucayali, Loreto, Junín, Cusco regions (Madre de Dios Department)",Heavy rains,"Slide (land, mud, snow, rock)",,,,Yes,,,Km2,,,,,2021,2.0,12.0,2021,2.0,20.0,10.0,,12000.0,,12000.0,,,,,25000.0,25000.0,100.0,1;2,2335;2339;2343;2352,24149;24150,"Cusco, Junin, Loreto, Ucayali (Adm1). Tahuamanu, Tambopata (Adm2)."
2021-0094-PER,2021,94,,Natural,Hydrological,Flood,,,,Peru,PER,South America,Americas,Santa Ana District and Echarate District (La Convención Province); Cusco region,Heavy rains,,,,,,,,Km2,,,,,2021,2.0,16.0,2021,2.0,19.0,10.0,,45.0,39.0,84.0,,,,,,,100.0,2,,24080,La Convenci??n (Adm2).
2021-0145-PER,2021,145,,Natural,Hydrological,Flood,Riverine flood,,,Peru,PER,South America,Americas,"Tambogrande, Las Loma, Chulucanas, Canchaque, Máncora,San Miguel de El Faique distrcits (Morropón, Piura, Huancabamba , Sullana Provinces - Piura Region)",Heavy rains,"Slide (land, mud, snow, rock)",,,,Yes,,,Km2,,,,,2021,3.0,3.0,2021,3.0,4.0,,,546.0,15.0,561.0,,,,,,,100.0,2,,24158;24159;24161;24163,"Huancabamba, Morrop??n, Piura, Sullana (Adm2)."
2021-0170-PER,2021,170,,Natural,Hydrological,Flood,,,,Peru,PER,South America,Americas,"Yurimaguas District (Alto Amazonas Province, Loreto Region); Piura, Amazonas, and San Martin regions",Heavy rains,,,,,,,,Km2,,,,,2021,3.0,20.0,2021,3.0,31.0,1.0,,9000.0,,9000.0,,,,,,,100.0,1;2,2328;2347;2349,91847,"Amazonas, Piura, San Martin (Adm1). Alto Amazonas (Adm2)."
2021-0212-PER,2021,212,,Natural,Hydrological,Flood,,,,Peru,PER,South America,Americas,Nauta District (Loreto Province); San Martin region,,"Slide (land, mud, snow, rock)",,,,,,,Km2,,,,,2021,4.0,1.0,2021,4.0,15.0,,,2595.0,,2595.0,,,,,,,100.0,1;2,2349,24143,San Martin (Adm1). Loreto (Adm2).
2021-0235-PER,2021,235,,Natural,Hydrological,Flood,,,,Peru,PER,South America,Americas,"Pichari and Kimbiri, La Convención Province (Cusco Region); Vizcatán del Ene district, Satipo province in Junín Region",Heavy rains,"Slide (land, mud, snow, rock)",,,,,,,Km2,,,,"Cuscomayo, San Martín, Santa Fey and Otari",2021,4.0,20.0,2021,4.0,21.0,,,105.0,,105.0,,,,,,,100.0,2,,24080;24114,"La Convenci??n, Satipo (Adm2)."
2021-0712-PER,2021,712,,Natural,Hydrological,Flood,,,,Peru,PER,South America,Americas,Jaèn Province (Cajamarca Region),Heavy rais,,,,,Yes,,,Km2,,,,,2021,10.0,31.0,2021,11.0,1.0,1.0,2.0,2982.0,,2984.0,,,,,,,100.0,2,,24065,Ja??n (Adm2).
2022-0058-PER,2022,58,,Natural,Hydrological,Flood,Flash flood,,,Peru,PER,South America,Americas,Machu Picchu Pueblo District (Cusco Department),Heavy rains,"Slide (land, mud, snow, rock)",,,,,,,Km2,,,,,2022,1.0,21.0,2022,1.0,23.0,1.0,,500.0,,500.0,,,,,,,,1,2335,,Cusco (Adm1).
