Dis No,Year,Seq,Glide,Disaster Group,Disaster Subgroup,Disaster Type,Disaster Subtype,Disaster Subsubtype,Event Name,Country,ISO,Region,Continent,Location,Origin,Associated Dis,Associated Dis2,OFDA Response,Appeal,Declaration,AID Contribution ('000 US$),Dis Mag Value,Dis Mag Scale,Latitude,Longitude,Local Time,River Basin,Start Year,Start Month,Start Day,End Year,End Month,End Day,Total Deaths,No Injured,No Affected,No Homeless,Total Affected,Reconstruction Costs ('000 US$),"Reconstruction Costs, Adjusted ('000 US$)",Insured Damages ('000 US$),"Insured Damages, Adjusted ('000 US$)",Total Damages ('000 US$),"Total Damages, Adjusted ('000 US$)",CPI,Adm Level,Admin1 Code,Admin2 Code,Geo Locations
1934-0008-JPN,1934,8,,Natural,Meteorological,Storm,Tropical cyclone,,,Japan,JPN,Eastern Asia,Asia,Muruto,,,,,No,No,,,Kph,,,,,1934,9.0,21.0,1934,9.0,21.0,3006.0,,,,,,,,,50000.0,1010517.0,4.9479621809012,,,,
1945-0002-JPN,1945,2,,Natural,Meteorological,Storm,Tropical cyclone,,Makurazaki,Japan,JPN,Eastern Asia,Asia,"Kyushu, Kanto",,,,,,,,,Kph,,,,,1945,9.0,18.0,1945,9.0,18.0,3746.0,,1340691.0,,1340691.0,,,,,400000.0,6007066.0,6.6588247260385,,,,
1947-0009-JPN,1947,9,,Natural,Meteorological,Storm,Tropical cyclone,,Catherine,Japan,JPN,Eastern Asia,Asia,Honshu Island,,,,,,,,,Kph,,,,,1947,9.0,15.0,1947,9.0,15.0,1930.0,,,,,,,,,,,8.2589119984693,,,,
1953-0018-JPN,1953,18,,Natural,Meteorological,Storm,Tropical cyclone,,,Japan,JPN,Eastern Asia,Asia,Nagoya,,,,,,,,,Kph,,,,,1953,9.0,25.0,1953,9.0,25.0,250.0,,1000000.0,,1000000.0,,,,,,,9.8959243618021,,,,
1954-0019-JPN,1954,19,,Natural,Meteorological,Storm,Tropical cyclone,,,Japan,JPN,Eastern Asia,Asia,North Japan,,,,,,,,,Kph,,,,,1954,9.0,26.0,1954,9.0,26.0,1761.0,,,,,,,,,,,9.9328494527043,,,,
1958-0011-JPN,1958,11,,Natural,Meteorological,Storm,Tropical cyclone,,,Japan,JPN,Eastern Asia,Asia,Tokyo,,,,,,,,,Kph,,,,,1958,9.0,21.0,1958,9.0,21.0,681.0,,,,,,,,,,,10.6500240542314,,,,
1958-0012-JPN,1958,12,,Natural,Meteorological,Storm,Tropical cyclone,,Ida,Japan,JPN,Eastern Asia,Asia,Central Honshu,,,,,,,,,Kph,,,,,1958,9.0,27.0,1958,9.0,27.0,1175.0,,,,,,,,,,,10.6500240542314,,,,
1959-0013-JPN,1959,13,,Natural,Meteorological,Storm,Tropical cyclone,,Vera,Japan,JPN,Eastern Asia,Asia,Entire nation,,,,,No,No,,,Kph,,,,,1959,9.0,26.0,1959,9.0,26.0,5098.0,,1500000.0,,1500000.0,,,,,600000.0,5577419.0,10.75766455281,,,,
1961-0011-JPN,1961,11,,Natural,Meteorological,Storm,Tropical cyclone,,,Japan,JPN,Eastern Asia,Asia,Honshu + other Isles,,,,,,,,,Kph,,,,,1961,9.0,16.0,1961,9.0,16.0,202.0,,,,,,,,,,,11.0313667176908,,,,
1965-0036-JPN,1965,36,,Natural,Meteorological,Storm,Tropical cyclone,,Dinah,Japan,JPN,Eastern Asia,Asia,,,,,,,,,,Kph,,,,,1965,6.0,10.0,1965,6.0,10.0,61.0,,30000.0,,30000.0,,,,,,,11.6279903783075,,,,
1965-0046-JPN,1965,46,,Natural,Meteorological,Storm,Tropical cyclone,,Jean,Japan,JPN,Eastern Asia,Asia,South,,,,,,,,,Kph,,,,,1965,8.0,6.0,1965,8.0,6.0,26.0,40.0,,,40.0,,,,,,,11.6279903783075,,,,
1965-0055-JPN,1965,55,,Natural,Meteorological,Storm,Tropical cyclone,,Shirley,Japan,JPN,Eastern Asia,Asia,"Shikoku, Honshu",,,,,,,,,Kph,,,,,1965,9.0,10.0,1965,9.0,10.0,60.0,730.0,,,730.0,,,,,,,11.6279903783075,,,,
1966-0052-JPN,1966,52,,Natural,Meteorological,Storm,Tropical cyclone,,Kit,Japan,JPN,Eastern Asia,Asia,Honshu,,,,,,,,,Kph,,,,,1966,6.0,28.0,1966,6.0,28.0,44.0,80.0,,,80.0,,,,,,,11.9785873605948,,,,
1966-0065-JPN,1966,65,,Natural,Meteorological,Storm,Tropical cyclone,,Alice & Cora,Japan,JPN,Eastern Asia,Asia,Ryukyu Islands,,,,Yes,,,,,Kph,,,,,1966,9.0,17.0,1966,9.0,17.0,314.0,41.0,13764.0,,13805.0,,,,,7900.0,65951.0,11.9785873605948,,,,
1967-0045-JPN,1967,45,,Natural,Meteorological,Storm,Tropical cyclone,,Billie,Japan,JPN,Eastern Asia,Asia,"South West, Western Japan",,,,,,,,,Kph,,,,,1967,7.0,9.0,1967,7.0,9.0,263.0,395.0,2610.0,,3005.0,,,,,,,12.3107281871857,,,,
1967-0069-JPN,1967,69,,Natural,Meteorological,Storm,Tropical cyclone,,Diana,Japan,JPN,Eastern Asia,Asia,Central region,,,,,,,,,Kph,,,,,1967,10.0,28.0,1967,10.0,28.0,27.0,34.0,45.0,,79.0,,,,,,,12.3107281871857,,,,
1968-0058-JPN,1968,58,,Natural,Meteorological,Storm,Tropical cyclone,,,Japan,JPN,Eastern Asia,Asia,"Kyushu, Shikoku",,,,,,,,,Kph,,,,,1968,7.0,28.0,1968,7.0,28.0,22.0,,,,,,,,,,,12.8366149136235,,,,
1969-0075-JPN,1969,75,,Natural,Meteorological,Storm,,,,Japan,JPN,Eastern Asia,Asia,Kyushu Island,,,,,,,,,Kph,,,,,1969,7.0,7.0,1969,7.0,7.0,72.0,,,,,,,,,,,13.5378001312049,,,,
1971-0047-JPN,1971,47,,Natural,Meteorological,Storm,Tropical cyclone,,,Japan,JPN,Eastern Asia,Asia,Kyushu Island,,,,,,,,,Kph,,,,,1971,8.0,5.0,1971,8.0,5.0,135.0,,,,,,,,,,,14.9432495079816,,,,
1972-0053-JPN,1972,53,,Natural,Meteorological,Storm,Tropical cyclone,,Helen,Japan,JPN,Eastern Asia,Asia,Honshu,,,,,,,,,Kph,,,,,1972,9.0,16.0,1972,9.0,16.0,50.0,,,,,,,,,,,15.4322326700197,,,,
1974-0162-JPN,1974,162,,Natural,Meteorological,Storm,Tropical cyclone,,,Japan,JPN,Eastern Asia,Asia,Yui,,,,,,,,,Kph,,,,,1974,5.0,29.0,1974,5.0,29.0,143.0,,,,,,,,,,,18.196991034332,,,,
1974-0035-JPN,1974,35,,Natural,Meteorological,Storm,Tropical cyclone,,,Japan,JPN,Eastern Asia,Asia,"West, South",,,,,,,,,Kph,,,,,1974,7.0,6.0,1974,7.0,6.0,33.0,50.0,,,50.0,,,,,,,18.196991034332,,,,
1974-0037-JPN,1974,37,,Natural,Meteorological,Storm,,,,Japan,JPN,Eastern Asia,Asia,,,,,,,,,,Kph,,,,,1974,7.0,11.0,1974,7.0,11.0,108.0,,,,,,,,,400000.0,2198166.0,18.196991034332,,,,
1975-0049-JPN,1975,49,,Natural,Meteorological,Storm,Tropical cyclone,,Phyllis,Japan,JPN,Eastern Asia,Asia,"Northern, Shikoku",,,,,,,,,Kph,,,,,1975,8.0,15.0,1975,8.0,15.0,68.0,52.0,123.0,,175.0,,,,,505000.0,2542700.0,19.8607741089,,,,
1976-0062-JPN,1976,62,,Natural,Meteorological,Storm,Tropical cyclone,,Fran,Japan,JPN,Eastern Asia,Asia,Kyushu (Southern),,,,,,,,150.0,Kph,,,,,1976,9.0,8.0,1976,9.0,8.0,169.0,107.0,325000.0,,325107.0,,,,,800000.0,3809210.0,21.0017319046578,,,,
1977-0092-JPN,1977,92,,Natural,Meteorological,Storm,Tropical cyclone,,Vera,Japan,JPN,Eastern Asia,Asia,Ryukyus,,,,,,,,,Kph,,,,,1977,7.0,31.0,1977,7.0,31.0,16.0,,5000.0,,5000.0,,,,,,,22.367198775421,,,,
1977-0117-JPN,1977,117,,Natural,Meteorological,Storm,Tropical cyclone,,Babe,Japan,JPN,Eastern Asia,Asia,Okino-Erabu,,,,,,,,,Kph,,,,,1977,9.0,12.0,1977,9.0,12.0,16.0,45.0,,8000.0,8045.0,,,,,,,22.367198775421,,,,
1978-0114-JPN,1978,114,,Natural,Meteorological,Storm,Tropical cyclone,,Irma,Japan,JPN,Eastern Asia,Asia,Southwestern,,,,,,,,,Kph,,,,,1978,9.0,15.0,1978,9.0,15.0,6.0,100.0,,3000.0,3100.0,,,,,,,24.0740345506232,,,,
1979-0095-JPN,1979,95,,Natural,Meteorological,Storm,Tropical cyclone,,Tip,Japan,JPN,Eastern Asia,Asia,Northern,,,,,No,No,,,Kph,,,,,1979,10.0,20.0,1979,10.0,20.0,71.0,,,,,,,,,,,26.7834419418325,,,,
1980-0089-JPN,1980,89,,Natural,Meteorological,Storm,Tropical cyclone,,Orchid,Japan,JPN,Eastern Asia,Asia,Southern,,,,,,,,,Kph,,,,,1980,9.0,11.0,1980,9.0,11.0,7.0,33.0,15000.0,2000.0,17033.0,,,,,,,30.4123857424011,,,,
1981-0273-JPN,1981,273,,Natural,Meteorological,Storm,,,,Japan,JPN,Eastern Asia,Asia,,,,,,,,,,Kph,,,,,1981,1.0,8.0,1981,1.0,8.0,33.0,,,,,,,,,,,33.5554165755522,,,,
1981-0072-JPN,1981,72,,Natural,Meteorological,Storm,Tropical cyclone,,Phyllis,Japan,JPN,Eastern Asia,Asia,Hokkaido,,,,,,,,,Kph,,,,,1981,8.0,6.0,1981,8.0,6.0,7.0,,40000.0,22500.0,62500.0,,,,,,,33.5554165755522,,,,
1981-0077-JPN,1981,77,,Natural,Meteorological,Storm,Tropical cyclone,,Thad,Japan,JPN,Eastern Asia,Asia,"Central, Northern",,,,,,,,,Kph,,,,,1981,8.0,23.0,1981,8.0,23.0,40.0,100.0,20000.0,,20100.0,,,,,,,33.5554165755522,,,,
1982-0365-JPN,1982,365,,Natural,Meteorological,Storm,,,,Japan,JPN,Eastern Asia,Asia,Nagasaki,,,,,,,,,Kph,,,,,1982,7.0,3.0,1982,7.0,3.0,100.0,,,140000.0,140000.0,,,,,,,35.6128405860485,,,,
1982-0090-JPN,1982,90,,Natural,Meteorological,Storm,Tropical cyclone,,Bess,Japan,JPN,Eastern Asia,Asia,Honshu,,,,,,,,,Kph,,,,,1982,8.0,2.0,1982,8.0,2.0,80.0,150.0,3000.0,,3150.0,,,,,137000.0,384693.0,35.6128405860485,,,,
1982-0092-JPN,1982,92,,Natural,Meteorological,Storm,Tropical cyclone,,Ellis,Japan,JPN,Eastern Asia,Asia,Kyushu,,,,,,,,,Kph,,,,,1982,8.0,25.0,1982,8.0,25.0,12.0,,,5000.0,5000.0,,,,,18000.0,50544.0,35.6128405860485,,,,
1982-0099-JPN,1982,99,,Natural,Meteorological,Storm,Tropical cyclone,,Judy,Japan,JPN,Eastern Asia,Asia,Central,,,,,,,,,Kph,,,,,1982,9.0,2.0,1982,9.0,2.0,26.0,102.0,,,102.0,,,,,57000.0,160055.0,35.6128405860485,,,,
1983-0123-JPN,1983,123,,Natural,Meteorological,Storm,Tropical cyclone,,Forest,Japan,JPN,Eastern Asia,Asia,Western Japan,,,,,,,,,Kph,,,,,1983,9.0,28.0,1983,9.0,28.0,44.0,78.0,,,78.0,,,,,,,36.7568773234201,,,,
1985-0079-JPN,1985,79,,Natural,Meteorological,Storm,Tropical cyclone,,Typhoon Irma,Japan,JPN,Eastern Asia,Asia,Central,,,,,No,No,,,Kph,,,,,1985,6.0,15.0,1985,7.0,1.0,19.0,,30000.0,,30000.0,,,,,,,39.696934178876,,,,
1985-0375-JPN,1985,375,,Natural,Meteorological,Storm,Tropical cyclone,,Pat,Japan,JPN,Eastern Asia,Asia,"Kyushu, Hokkaiso Isl.",,,,,,,,,Kph,,,,,1985,9.0,1.0,1985,9.0,1.0,30.0,200.0,,,200.0,,,,,99500.0,250649.0,39.696934178876,,,,
1986-0097-JPN,1986,97,,Natural,Meteorological,Storm,Tropical cyclone,,Sarah,Japan,JPN,Eastern Asia,Asia,"Northern, Central",,,,,No,No,,,Kph,,,,,1986,8.0,4.0,1986,8.0,4.0,17.0,64.0,2000.0,,2064.0,,,102200.0,252655.0,2200000.0,5438758.0,40.4504089219331,,,,
1987-0193-JPN,1987,193,,Natural,Meteorological,Storm,Tropical cyclone,,Kelly,Japan,JPN,Eastern Asia,Asia,"Shikoku, Honshu",,,,,,,,,Kph,,,,,1987,10.0,16.0,1987,10.0,16.0,8.0,10.0,65000.0,,65010.0,,,,,,,41.9327356221299,,,,
1989-0457-JPN,1989,457,,Natural,Meteorological,Storm,Tropical cyclone,,Sarah,Japan,JPN,Eastern Asia,Asia,,,,,,,,,,Kph,,,,,1989,9.0,10.0,1989,9.0,10.0,,,,,,,,,,,,45.749276186311,,,,
1990-0407-JPN,1990,407,,Natural,Meteorological,Storm,Tropical cyclone,,Flo,Japan,JPN,Eastern Asia,Asia,Honshu,,,,,No,No,,,Kph,,,,,1990,9.0,17.0,1990,9.0,20.0,40.0,,60000.0,,60000.0,,,269900.0,559740.0,4000000.0,8295520.0,48.2187972884321,,,,
1990-0155-JPN,1990,155,,Natural,Meteorological,Storm,Convective storm,Tornado,,Japan,JPN,Eastern Asia,Asia,"Mobara, Chiba",,,,,,,,,Kph,,,,,1990,12.0,12.0,1990,12.0,12.0,,78.0,87700.0,,87778.0,,,,,13000.0,26960.0,48.2187972884321,,,,
1991-0526-JPN,1991,526,,Natural,Meteorological,Storm,Tropical cyclone,,Caitlin,Japan,JPN,Eastern Asia,Asia,,,,,,,,,,Kph,,,,,1991,7.0,26.0,1991,7.0,26.0,,,,,,,,,,81500.0,162154.0,50.2608528318391,,,,
1991-0384-JPN,1991,384,,Natural,Meteorological,Storm,Tropical cyclone,,Gladys,Japan,JPN,Eastern Asia,Asia,Kyushu Isl.,,,,,,,,100.0,Kph,,,,,1991,8.0,20.0,1991,8.0,20.0,11.0,,,,,,,3000.0,5969.0,5000.0,9948.0,50.2608528318391,,,,
1991-0536-JPN,1991,536,,Natural,Meteorological,Storm,Tropical cyclone,,Kinna,Japan,JPN,Eastern Asia,Asia,"Nago Bay, Okinawa",,,,,,,,,Kph,,,,,1991,9.0,14.0,1991,9.0,14.0,6.0,,,,,,,272000.0,541177.0,,,50.2608528318391,,,,
1991-0537-JPN,1991,537,,Natural,Meteorological,Storm,Tropical cyclone,,Luke,Japan,JPN,Eastern Asia,Asia,Chiba prefecture,,,,,,,,,Kph,,,,,1991,9.0,19.0,1991,9.0,19.0,18.0,,,,,,,54000.0,107439.0,,,50.2608528318391,,,,
1991-0539-JPN,1991,539,,Natural,Meteorological,Storm,Tropical cyclone,,Mireille (n°19),Japan,JPN,Eastern Asia,Asia,"Hiroshima, Kure districts (Kyushu Isl.)",,,,,No,No,,,Kph,,,,,1991,9.0,27.0,1991,9.0,27.0,66.0,777.0,90000.0,351.0,91128.0,,,5400000.0,10743948.0,10000000.0,19896200.0,50.2608528318391,,,,
1992-0174-JPN,1992,174,,Natural,Meteorological,Storm,,,,Japan,JPN,Eastern Asia,Asia,"Kanagawa, Chiba, Saitama prefectures (Tokyo)",,,,,No,No,,100.0,Kph,,,,,1992,1.0,31.0,1992,1.0,31.0,,348.0,,,348.0,,,7800.0,15063.0,,,51.7831620380495,,,,
1992-0314-JPN,1992,314,,Natural,Meteorological,Storm,Tropical cyclone,,Yancy,Japan,JPN,Eastern Asia,Asia,Kyushu Isl.,,,,,,,,180.0,Kph,,,,,1992,9.0,3.0,1992,9.0,3.0,11.0,86.0,,,86.0,,,,,,,51.7831620380495,,,,
1993-0577-JPN,1993,577,,Natural,Meteorological,Storm,Convective storm,Winter storm/Blizzard,,Japan,JPN,Eastern Asia,Asia,Mountainous areas,,,,,,,,,Kph,,,,,1993,5.0,5.0,1993,5.0,5.0,18.0,,,,,,,,,,,53.3116203804942,,,,
1993-0473-JPN,1993,473,,Natural,Meteorological,Storm,Tropical cyclone,,Robyn,Japan,JPN,Eastern Asia,Asia,,,,,,No,No,,,Kph,,,,,1993,8.0,8.0,1993,8.0,10.0,47.0,,,,,,,225000.0,422047.0,450000.0,844094.0,53.3116203804942,,,,
1993-0079-JPN,1993,79,,Natural,Meteorological,Storm,Tropical cyclone,,Yancy,Japan,JPN,Eastern Asia,Asia,Okinawa and neigbouring isl.,,,,,No,No,,180.0,Kph,,,,,1993,9.0,5.0,1993,9.0,5.0,48.0,208.0,30255.0,,30463.0,,,896000.0,1680684.0,1300000.0,2438493.0,53.3116203804942,,,,
1994-0302-JPN,1994,302,,Natural,Meteorological,Storm,Convective storm,Winter storm/Blizzard,,Japan,JPN,Eastern Asia,Asia,Tokyo,,,,,,,,,Kph,,,,,1994,2.0,12.0,1994,2.0,12.0,,120.0,,,120.0,,,,,,,54.7016925431883,,,,
1994-0198-JPN,1994,198,,Natural,Meteorological,Storm,Tropical cyclone,,Fred (9416),Japan,JPN,Eastern Asia,Asia,,,,,,No,No,,,Kph,,,,,1994,8.0,21.0,1994,8.0,24.0,,,,,,,,,,6000.0,10969.0,54.7016925431883,,,,
1994-0787-JPN,1994,787,,Natural,Meteorological,Storm,Tropical cyclone,,Orchid,Japan,JPN,Eastern Asia,Asia,Osaka,,,,,No,No,,,Kph,,,,,1994,9.0,29.0,1994,9.0,30.0,3.0,7.0,,,7.0,,,199100.0,363974.0,,,54.7016925431883,,,,
1995-0484-JPN,1995,484,,Natural,Meteorological,Storm,Tropical cyclone,,Oscar,Japan,JPN,Eastern Asia,Asia,"Hachijo Isl., Miyake Isl., Tokyo region",,Flood,"Slide (land, mud, snow, rock)",,No,No,,,Kph,,,,,1995,9.0,15.0,1995,9.0,18.0,3.0,,500.0,,500.0,,,,,9600.0,17071.0,56.2363000218675,,,,
1996-0347-JPN,1996,347,,Natural,Meteorological,Storm,Tropical cyclone,,Kirk,Japan,JPN,Eastern Asia,Asia,Kyushu Isl.,,,,,,,,210.0,Kph,,,,,1996,8.0,14.0,1996,8.0,14.0,6.0,74.0,5400.0,264.0,5738.0,,,,,,,57.8847058823529,,,,
1997-0180-JPN,1997,180,,Natural,Meteorological,Storm,Tropical cyclone,,Winnie,Japan,JPN,Eastern Asia,Asia,,,,,,No,No,,,Kph,,,,,1997,8.0,18.0,1997,8.0,19.0,3.0,,,,,,,,,100000.0,168811.0,59.2378657336541,,,,
1997-0214-JPN,1997,214,,Natural,Meteorological,Storm,Tropical cyclone,,Oliwa,Japan,JPN,Eastern Asia,Asia,Kyushu Isl.,,,,,,,,125.0,Kph,,,,,1997,9.0,16.0,1997,9.0,16.0,4.0,,67000.0,,67000.0,,,,,,,59.2378657336541,,,,
1998-0004-JPN,1998,4,,Natural,Meteorological,Storm,,,,Japan,JPN,Eastern Asia,Asia,Tokyo,,,,,,,,,Kph,,,,,1998,1.0,9.0,1998,1.0,9.0,1.0,500.0,,,500.0,,,,,,,60.1574108900066,,,,
1998-0278-JPN,1998,278,,Natural,Meteorological,Storm,Tropical cyclone,,Rex,Japan,JPN,Eastern Asia,Asia,Fukushima Prefecture,,,,,,,,126.0,Kph,,,,,1998,8.0,27.0,1998,8.0,27.0,14.0,40.0,40000.0,,40040.0,,,,,,,60.1574108900066,,,,
1998-0328-JPN,1998,328,,Natural,Meteorological,Storm,Tropical cyclone,,Stella,Japan,JPN,Eastern Asia,Asia,N.A. on the source,,,,,,,,,Kph,,,,,1998,9.0,18.0,1998,9.0,18.0,2.0,23.0,9000.0,,9023.0,,,,,,,60.1574108900066,,,,
1998-0297-JPN,1998,297,,Natural,Meteorological,Storm,Tropical cyclone,,Vicky (7) and Waldo (8),Japan,JPN,Eastern Asia,Asia,"Honshu, Hokkaido",,,,,No,No,,160.0,Kph,,,,,1998,9.0,22.0,1998,9.0,22.0,12.0,258.0,,,258.0,,,62100.0,103229.0,3000000.0,4986917.0,60.1574108900066,,,,
1998-0311-JPN,1998,311,,Natural,Meteorological,Storm,Tropical cyclone,,Zeb,Japan,JPN,Eastern Asia,Asia,Hiroshima Prefecture,,,,,No,No,,280.0,Kph,,,,,1998,10.0,13.0,1998,10.0,18.0,12.0,43.0,,,43.0,,,,,335500.0,557704.0,60.1574108900066,,,,
1999-0326-JPN,1999,326,,Natural,Meteorological,Storm,Tropical cyclone,,Bart,Japan,JPN,Eastern Asia,Asia,"Kyushu, Honshu",,Flood,"Slide (land, mud, snow, rock)",,No,No,,238.0,Kph,,,,,1999,9.0,22.0,1999,9.0,22.0,26.0,438.0,20000.0,6900.0,27338.0,,,3500000.0,5693495.0,5000000.0,8133564.0,61.473667176908,,,,
2000-0274-JPN,2000,274,,Natural,Meteorological,Storm,Convective storm,Hail,,Japan,JPN,Eastern Asia,Asia,"Tiba, Ibaraki provinces",,Hail,,,,,,,Kph,,,,,2000,5.0,24.0,2000,5.0,24.0,,100.0,12000.0,,12100.0,,,290000.0,456337.0,350000.0,550751.0,63.5495473431008,1,1663;1693,,"Ibaraki, Tiba (Adm1)."
2000-0447-JPN,2000,447,,Natural,Meteorological,Storm,Tropical cyclone,,Kirogi,Japan,JPN,Eastern Asia,Asia,Tookyoo province,,,,,,,,126.0,Kph,,,,,2000,7.0,8.0,2000,7.0,9.0,4.0,,900.0,,900.0,,,200000.0,314715.0,300000.0,472073.0,63.5495473431008,1,1690,,Tookyoo (Adm1).
2000-0576-JPN,2000,576,,Natural,Meteorological,Storm,Tropical cyclone,,Saomai,Japan,JPN,Eastern Asia,Asia,"Aiti, Mie, Gifu provinces",,,,,,,,160.0,Kph,,,,,2000,9.0,11.0,2000,9.0,14.0,9.0,41.0,180000.0,,180041.0,,,1050000.0,1652254.0,1400000.0,2203005.0,63.5495473431008,1,1651;1658;1672,,"Aiti, Gifu, Mie (Adm1)."
2001-0085-JPN,2001,85,,Natural,Meteorological,Storm,,,,Japan,JPN,Eastern Asia,Asia,"Tiba, Ibaraki, Kanagawa, Tookyoo province",,,,,,,,,Kph,,,,,2001,1.0,20.0,2001,1.0,20.0,5.0,300.0,,,300.0,,,,,,,65.345558714192,1,1663;1668;1690;1693,,"Ibaraki, Kanagawa, Tiba, Tookyoo (Adm1)."
2001-0476-JPN,2001,476,,Natural,Meteorological,Storm,,,,Japan,JPN,Eastern Asia,Asia,"Hukuoka, Kagosima, Kumamoto, Miyazaki, Nagasaki, Ooita, Saga, Okinawa provinces",,,,,,,,,Kph,,,,,2001,6.0,20.0,2001,6.0,20.0,1.0,13.0,1308.0,12.0,1333.0,,,,,,,65.345558714192,1,1656;1667;1670;1674;1676;1679;1681;1683,,"Hukuoka, Kagosima, Kumamoto, Miyazaki, Nagasaki, Okinawa, Ooita, Saga (Adm1)."
2001-0454-JPN,2001,454,,Natural,Meteorological,Storm,Tropical cyclone,,Pabuk,Japan,JPN,Eastern Asia,Asia,"Siga, Aiti, Oosaka, Ehime, Mie provinces",,,,,,,,109.0,Kph,,,,,2001,8.0,21.0,2001,8.0,23.0,9.0,40.0,7000.0,,7040.0,,,500000.0,765163.0,800000.0,1224261.0,65.345558714192,1,1651;1654;1672;1682;1685,,"Aiti, Ehime, Mie, Oosaka, Siga (Adm1)."
2001-0511-JPN,2001,511,,Natural,Meteorological,Storm,Tropical cyclone,,Danas,Japan,JPN,Eastern Asia,Asia,Tookyoo province,,,,,,,,126.0,Kph,,,,,2001,9.0,10.0,2001,9.0,13.0,7.0,15.0,1200.0,,1215.0,,,300000.0,459098.0,500000.0,765163.0,65.345558714192,1,1690,,Tookyoo (Adm1).
2002-0431-JPN,2002,431,,Natural,Meteorological,Storm,Tropical cyclone,,Chata'an,Japan,JPN,Eastern Asia,Asia,Hokkaidoo province,,,,,,,,,Kph,,,,,2002,7.0,5.0,2002,7.0,5.0,5.0,18.0,100000.0,,100018.0,,,,,5000.0,7532.0,66.3819636999782,1,1661,,Hokkaidoo (Adm1).
2002-0406-JPN,2002,406,,Natural,Meteorological,Storm,,,Rammasun,Japan,JPN,Eastern Asia,Asia,Okinawa province,,,,,,,,,Kph,,,,,2002,7.0,5.0,2002,7.0,7.0,1.0,,,,,,,,,500.0,753.0,66.3819636999782,1,1681,,Okinawa (Adm1).
2002-0430-JPN,2002,430,,Natural,Meteorological,Storm,Tropical cyclone,,Halong,Japan,JPN,Eastern Asia,Asia,"Okinawa, Kagosima, Isikawa provinces",,,,,,,,108.0,Kph,,,,,2002,7.0,15.0,2002,7.0,15.0,,9.0,570.0,,579.0,,,,,,,66.3819636999782,1,1664;1667;1681,,"Isikawa, Kagosima, Okinawa (Adm1)."
2002-0570-JPN,2002,570,,Natural,Meteorological,Storm,,,Sinlaku,Japan,JPN,Eastern Asia,Asia,Okinawa province,,,,,,,,,Kph,,,,,2002,9.0,4.0,2002,9.0,8.0,1.0,,,,,,,,,20000.0,30129.0,66.3819636999782,1,1681,,Okinawa (Adm1).
2002-0825-JPN,2002,825,,Natural,Meteorological,Storm,,,,Japan,JPN,Eastern Asia,Asia,Tookyoo province,,,,,,,,,Kph,,,,,2002,12.0,9.0,2002,12.0,9.0,,228.0,,,228.0,,,,,,,66.3819636999782,1,1690,,Tookyoo (Adm1).
2003-0388-JPN,2003,388,,Natural,Meteorological,Storm,Tropical cyclone,,Etau,Japan,JPN,Eastern Asia,Asia,"Hokkaidoo, Ehime provinces",,"Slide (land, mud, snow, rock)",Flood,,,,,145.0,Kph,,,,,2003,8.0,8.0,2003,8.0,11.0,20.0,80.0,2100.0,,2180.0,,,47000.0,69231.0,55000.0,81015.0,67.8888956921058,1,1654;1661,,"Ehime, Hokkaidoo (Adm1)."
2003-0459-JPN,2003,459,,Natural,Meteorological,Storm,Tropical cyclone,,Maemi,Japan,JPN,Eastern Asia,Asia,Okinawa province,,Rain,,,,,,200.0,Kph,,,,,2003,9.0,12.0,2003,9.0,13.0,1.0,93.0,130.0,,223.0,,,,,50000.0,73650.0,67.8888956921058,1,1681,,Okinawa (Adm1).
2004-0276-JPN,2004,276,,Natural,Meteorological,Storm,Tropical cyclone,,Dianmu (Helen/09W),Japan,JPN,Eastern Asia,Asia,Murotosi district (Kooti province),,"Slide (land, mud, snow, rock)",Rain,,,,,285.0,Kph,,,,,2004,6.0,16.0,2004,6.0,19.0,6.0,56.0,700.0,,756.0,,,,,,,69.7064421605073,2,,34885,Murotosi (Adm2).
2004-0428-JPN,2004,428,,Natural,Meteorological,Storm,Tropical cyclone,,Megi (Lawin/18W),Japan,JPN,Eastern Asia,Asia,"Kagawa, Ehime, Hyoogo, Kooti provinces",,,,,,,,126.0,Kph,,,,,2004,8.0,17.0,2004,8.0,20.0,11.0,,8502.0,,8502.0,,,,,500000.0,717294.0,69.7064421605073,1,1654;1662;1666;1669,,"Ehime, Hyoogo, Kagawa, Kooti (Adm1)."
2004-0435-JPN,2004,435,,Natural,Meteorological,Storm,Tropical cyclone,,Aere (Marce/20W),Japan,JPN,Eastern Asia,Asia,"Kasarityoo, Nazesi, Setootityoo, Sumiyooson, Tatugootyoo, Ukenson, Yamatoson districts (Kagosima province), Okinawa province",,,,,,,,,Kph,,,,,2004,8.0,23.0,2004,8.0,23.0,2.0,2.0,,,2.0,,,,,500.0,717.0,69.7064421605073,1;2,1681,34737;34765;34779;34783;34788;34795;34800,"Okinawa (Adm1). Kasarityoo, Nazesi, Setootityoo, Sumiyooson, Tatugootyoo, Ukenson, Yamatoson (Adm2)."
2004-0445-JPN,2004,445,,Natural,Meteorological,Storm,Tropical cyclone,,Chaba,Japan,JPN,Eastern Asia,Asia,"Oosaka, Hyoogo, Okayama, Ehime, Kagawa, Miyazaki, Kagosima provinces",,Flood,,,,,,126.0,Kph,,,,,2004,8.0,30.0,2004,8.0,31.0,14.0,50.0,180000.0,,180050.0,,,1200000.0,1721505.0,2000000.0,2869175.0,69.7064421605073,1,1654;1662;1666;1667;1674;1680;1682,,"Ehime, Hyoogo, Kagawa, Kagosima, Miyazaki, Okayama, Oosaka (Adm1)."
2004-0459-JPN,2004,459,,Natural,Meteorological,Storm,Tropical cyclone,,Songda (Nina/22W),Japan,JPN,Eastern Asia,Asia,"Hukuoka, Kagosima, Kumamoto, Miyazaki, Nagasaki, Ooita, Saga provinces",,Transport accident,,,,,,230.0,Kph,,,,,2004,9.0,3.0,2004,9.0,4.0,41.0,900.0,40000.0,,40900.0,,,4700000.0,6742562.0,9000000.0,12911289.0,69.7064421605073,1,1656;1667;1670;1674;1676;1679;1683,,"Hukuoka, Kagosima, Kumamoto, Miyazaki, Nagasaki, Ooita, Saga (Adm1)."
2004-0492-JPN,2004,492,,Natural,Meteorological,Storm,Tropical cyclone,,Meari (Quinta/25W),Japan,JPN,Eastern Asia,Asia,"Niihama, Saizyoosi districts (Ehime province), Miyagawamura district (Mie province)",,"Slide (land, mud, snow, rock)",Rain,,,,,220.0,Kph,,,,,2004,9.0,23.0,2004,9.0,25.0,25.0,89.0,10000.0,,10089.0,,,,,740000.0,1061595.0,69.7064421605073,2,,33647;33655;35105,"Miyagawamura, Niihamasi, Saizyoosi (Adm2)."
2004-0511-JPN,2004,511,,Natural,Meteorological,Storm,Tropical cyclone,,Ma-on (Rolly/26W),Japan,JPN,Eastern Asia,Asia,"Tookyoo, Sizuoka, Aiti provinces",,Flood,,,,,,260.0,Kph,,,,,2004,10.0,3.0,2004,10.0,8.0,11.0,44.0,5904.0,,5948.0,,,241000.0,345736.0,603000.0,865056.0,69.7064421605073,1,1651;1687;1690,,"Aiti, Sizuoka, Tookyoo (Adm1)."
2004-0524-JPN,2004,524,,Natural,Meteorological,Storm,Tropical cyclone,,Tokage (Siony/27W),Japan,JPN,Eastern Asia,Asia,"Ibaraki, Kanagawa, Nagano, Toyama, Kyooto, Okayama, Tokusima, Ehime, Kagawa, Saga, Miyazaki, Okinawa provinces",,"Slide (land, mud, snow, rock)",Flood,,,,,230.0,Kph,,,,,2004,10.0,15.0,2004,10.0,19.0,89.0,342.0,84450.0,,84792.0,,,1100000.0,1578046.0,2300000.0,3299552.0,69.7064421605073,1,1654;1663;1666;1668;1671;1674;1675;1680;1681;1683;1689;1692,,"Ehime, Ibaraki, Kagawa, Kanagawa, Kyooto, Miyazaki, Nagano, Okayama, Okinawa, Saga, Tokusima, Toyama (Adm1)."
2005-0464-JPN,2005,464,,Natural,Meteorological,Storm,Tropical cyclone,,Mawar,Japan,JPN,Eastern Asia,Asia,"Nagano, Sizuoka provinces",,"Slide (land, mud, snow, rock)",Flood,,,,,108.0,Kph,,,,,2005,8.0,25.0,2005,8.0,26.0,3.0,4.0,90.0,,94.0,,,,,,,72.0714104526569,1,1675;1687,,"Nagano, Sizuoka (Adm1)."
2005-0497-JPN,2005,497,,Natural,Meteorological,Storm,Tropical cyclone,,Nabi (Jolina/14W),Japan,JPN,Eastern Asia,Asia,"Okinawa, Ehime, Kagawa, Kooti, Tokusima, Tookyoo provinces",,Rain,"Slide (land, mud, snow, rock)",,,,,144.0,Kph,,,,,2005,9.0,2.0,2005,9.0,4.0,32.0,140.0,270000.0,,270140.0,,,550000.0,763132.0,1000000.0,1387513.0,72.0714104526569,1,1654;1666;1669;1681;1689;1690,,"Ehime, Kagawa, Kooti, Okinawa, Tokusima, Tookyoo (Adm1)."
2005-0723-JPN,2005,723,,Natural,Meteorological,Storm,,,,Japan,JPN,Eastern Asia,Asia,"Niigata, Iwate, Hirosima, Tottori provinces",,Cold wave,"Avalanche (Snow, Debris)",,,,,,Kph,,,,,2005,12.0,9.0,2006,1.0,5.0,100.0,1010.0,1800.0,,2810.0,,,,,33000.0,45788.0,72.0714104526569,1,1660;1665;1678;1691,,"Hirosima, Iwate, Niigata, Tottori (Adm1)."
2006-0742-JPN,2006,742,,Natural,Meteorological,Storm,,,,Japan,JPN,Eastern Asia,Asia,"Aiti, Aomori, Gifu, Gunma, Hukui, Ibaraki, Isikawa, Kanagawa, Nagano, Niigata, Saitama, Sizuoka, Tiba, Tookyoo, Totigi, Toyama, Yamanasi provinces",,Cold wave,,,,,,,Kph,,,,,2006,1.0,21.0,2006,1.0,24.0,1.0,246.0,,,246.0,,,25000.0,33604.0,,,74.3963874917997,1,1651;1653;1655;1658;1659;1663;1664;1668;1675;1678;1684;1687;1688;1690;1692;1693;1697,,"Aiti, Aomori, Gifu, Gunma, Hukui, Ibaraki, Isikawa, Kanagawa, Nagano, Niigata, Saitama, Sizuoka, Tiba, Tookyoo, Totigi, Toyama, Yamanasi (Adm1)."
2006-0504-JPN,2006,504,,Natural,Meteorological,Storm,Tropical cyclone,,Shanshan (13),Japan,JPN,Eastern Asia,Asia,"Nagasaki, Hukuoka, Miyazaki, Okinawa, Hirosima, Okayama, Simane, Tottori, Yamaguti provinces",,Flood,"Slide (land, mud, snow, rock)",,,,,,Kph,,,,,2006,9.0,15.0,2006,9.0,20.0,10.0,448.0,12000.0,,12448.0,,,1020000.0,1371034.0,2500000.0,3360378.0,74.3963874917997,1,1656;1660;1674;1676;1680;1681;1686;1691;1696,,"Hirosima, Hukuoka, Miyazaki, Nagasaki, Okayama, Okinawa, Simane, Tottori, Yamaguti (Adm1)."
2007-0262-JPN,2007,262,TC-2007-000103,Natural,Meteorological,Storm,Tropical cyclone,,Man-Yi,Japan,JPN,Eastern Asia,Asia,"Okinawa, Hukuoka, Kagosima, Kumamoto, Miyazaki, Nagasaki, Ooita, Saga, Aiti, Ehime, Kagawa, Kooti, Tokusima provinces",,"Slide (land, mud, snow, rock)",Rain,,,,,250.0,Kph,31.69,130.9,,,2007,7.0,13.0,2007,7.0,16.0,5.0,12.0,40000.0,,40012.0,,,67000.0,87560.0,60000.0,78412.0,76.5186792040236,1,1651;1654;1656;1666;1667;1669;1670;1674;1676;1679;1681;1683;1689,,"Aiti, Ehime, Hukuoka, Kagawa, Kagosima, Kooti, Kumamoto, Miyazaki, Nagasaki, Okinawa, Ooita, Saga, Tokusima (Adm1)."
2007-0479-JPN,2007,479,,Natural,Meteorological,Storm,Tropical cyclone,,Fitow (9),Japan,JPN,Eastern Asia,Asia,"Tookyoo, Hokkaidoo, Nagano provinces",,Flood,,,,,,140.0,Kph,,,,,2007,8.0,28.0,2007,9.0,8.0,4.0,82.0,900.0,,982.0,,,700000.0,914809.0,1000000.0,1306870.0,76.5186792040236,1,1661;1675;1690,,"Hokkaidoo, Nagano, Tookyoo (Adm1)."
2007-0457-JPN,2007,457,TC-2007-000162,Natural,Meteorological,Storm,Tropical cyclone,,Wipha/Goring,Japan,JPN,Eastern Asia,Asia,"Iwate, Akita provinces",,Flood,,,,,,,Kph,38.57,125.83,,,2007,9.0,17.0,2007,9.0,25.0,4.0,,,,,,,,,,,76.5186792040236,1,1652;1665,,"Akita, Iwate (Adm1)."
2009-0316-JPN,2009,316,,Natural,Meteorological,Storm,Tropical cyclone,,"Typhoon ""Etau""",Japan,JPN,Eastern Asia,Asia,"Hyoogo, Okayama provinces",,Flood,,,,,,,Kph,,,,,2009,8.0,10.0,2009,8.0,10.0,12.0,,2000.0,,2000.0,,,,,,,79.1738027553029,1,1662;1680,,"Hyoogo, Okayama (Adm1)."
2009-0423-JPN,2009,423,,Natural,Meteorological,Storm,Tropical cyclone,,"TYphoon ""Melor""",Japan,JPN,Eastern Asia,Asia,"Mie, Aiti, Gifu, Siga, Wakayama, Miyagi, Saitama provinces",,Surge,,,,,,220.0,Kph,,,,,2009,10.0,7.0,2009,10.0,9.0,4.0,119.0,5000.0,,5119.0,,,625000.0,789403.0,1000000.0,1263044.0,79.1738027553029,1,1651;1658;1672;1673;1684;1685;1694,,"Aiti, Gifu, Mie, Miyagi, Saitama, Siga, Wakayama (Adm1)."
2011-0574-JPN,2011,574,,Natural,Meteorological,Storm,Convective storm,,Typhoon Ma-on,Japan,JPN,Eastern Asia,Asia,"Tokusima, Hyoogo, Kooti, Siga provinces",,Flood,,,,,,175.0,Kph,,,,,2011,7.0,19.0,2011,7.0,19.0,5.0,55.0,,,55.0,,,,,50000.0,60232.0,83.0126743931774,1,1662;1669;1685;1689,,"Hyoogo, Kooti, Siga, Tokusima (Adm1)."
2011-0454-JPN,2011,454,,Natural,Meteorological,Storm,Tropical cyclone,,Typhoon Talas,Japan,JPN,Eastern Asia,Asia,"Wakayama, Nara, Ehime, Kooti provinces",,Flood,"Slide (land, mud, snow, rock)",,,,,90.0,Kph,,,,,2011,9.0,2.0,2011,9.0,4.0,68.0,,1300.0,,1300.0,,,430000.0,517993.0,650000.0,783013.0,83.0126743931774,1,1654;1669;1677;1694,,"Ehime, Kooti, Nara, Wakayama (Adm1)."
2011-0352-JPN,2011,352,,Natural,Meteorological,Storm,Tropical cyclone,,Typhoon Roke,Japan,JPN,Eastern Asia,Asia,"Aiti, Ehime, Siga, Nagasaki, Kumamoto provinces",,Flood,,,,,,215.0,Kph,,,,,2011,9.0,22.0,2011,9.0,22.0,13.0,308.0,,,308.0,,,1210000.0,1457609.0,1820000.0,2192436.0,83.0126743931774,1,1651;1654;1670;1676;1685,,"Aiti, Ehime, Kumamoto, Nagasaki, Siga (Adm1)."
2012-0027-JPN,2012,27,,Natural,Meteorological,Storm,Convective storm,Winter storm/Blizzard,,Japan,JPN,Eastern Asia,Asia,"Akita, Hokkaidoo, Niigata, Nagano, Kyooto, Aomori provinces",,"Avalanche (Snow, Debris)",,,,,,130.0,Kph,,,,,2012,1.0,1.0,2012,1.0,31.0,134.0,1991.0,5775.0,,7766.0,,,,,158000.0,186474.0,84.7304788978789,1,1652;1653;1661;1671;1675;1678,,"Akita, Aomori, Hokkaidoo, Kyooto, Nagano, Niigata (Adm1)."
2012-0120-JPN,2012,120,,Natural,Meteorological,Storm,Convective storm,Severe storm,,Japan,JPN,Eastern Asia,Asia,Niigata province,,,,,,,,150.0,Kph,,,,,2012,4.0,3.0,2012,4.0,4.0,4.0,372.0,,,372.0,,,841000.0,992559.0,,,84.7304788978789,1,1678,,Niigata (Adm1).
2012-0574-JPN,2012,574,,Natural,Meteorological,Storm,Convective storm,Lightning/Thunderstorms,,Japan,JPN,Eastern Asia,Asia,Tukubasi district (Ibaraki province),,,,,,,,,Kph,,,,,2012,5.0,6.0,2012,5.0,6.0,3.0,59.0,2481.0,,2540.0,,,,,,,84.7304788978789,2,,34553,Tukubasi (Adm2).
2012-0414-JPN,2012,414,TC-2012-000159,Natural,Meteorological,Storm,Tropical cyclone,,Typhoon Bolaven,Japan,JPN,Eastern Asia,Asia,"Okinawa, Kagosima province",,,,,,,,,Kph,,,,,2012,8.0,25.0,2012,8.0,25.0,,,,,,,,,,86000.0,101498.0,84.7304788978789,1,1667;1681,,"Kagosima, Okinawa (Adm1)."
2012-0588-JPN,2012,588,,Natural,Meteorological,Storm,Tropical cyclone,,Typhoon Sanba,Japan,JPN,Eastern Asia,Asia,Okinawa province,,,,,,,,,Kph,,,,,2012,9.0,15.0,2012,9.0,17.0,,,25250.0,,25250.0,,,,,31000.0,36587.0,84.7304788978789,1,1681,,Okinawa (Adm1).
2012-0451-JPN,2012,451,,Natural,Meteorological,Storm,Tropical cyclone,,Typhoon Jelawat,Japan,JPN,Eastern Asia,Asia,"Okinawa, Kagosima, Mie provinces",,,,,,,,126.0,Kph,,,,,2012,9.0,29.0,2012,9.0,30.0,2.0,180.0,18045.0,,18225.0,,,,,27400.0,32338.0,84.7304788978789,1,1667;1672;1681,,"Kagosima, Mie, Okinawa (Adm1)."
2013-0046-JPN,2013,46,,Natural,Meteorological,Storm,Convective storm,Winter storm/Blizzard,,Japan,JPN,Eastern Asia,Asia,Tookyoo province,,,,,,,,,Kph,,,,,2013,1.0,14.0,2013,1.0,14.0,2.0,1569.0,,,1569.0,,,,,,,85.9716422479773,1,1690,,Tookyoo (Adm1).
2013-0080-JPN,2013,80,,Natural,Meteorological,Storm,Convective storm,Winter storm/Blizzard,,Japan,JPN,Eastern Asia,Asia,Hokkaidoo province,,,,,,,,,Kph,,,,,2013,2.0,23.0,2013,3.0,3.0,9.0,,1152.0,,1152.0,,,,,14200.0,16517.0,85.9716422479773,1,1661,,Hokkaidoo (Adm1).
2013-0326-JPN,2013,326,,Natural,Meteorological,Storm,Convective storm,Tornado,,Japan,JPN,Eastern Asia,Asia,Kosigayasi district (Saitama province),,,,,,,,,Kph,,,,,2013,9.0,2.0,2013,9.0,4.0,,67.0,3864.0,,3931.0,,,,,2000.0,2326.0,85.9716422479773,2,,35945,Kosigayasi (Adm2).
2013-0413-JPN,2013,413,,Natural,Meteorological,Storm,Tropical cyclone,,Tropical storm Toraji,Japan,JPN,Eastern Asia,Asia,Kagosima province,,,,,,,,,Kph,,,,,2013,9.0,4.0,2013,9.0,4.0,1.0,19.0,4317.0,,4336.0,,,,,2000.0,2326.0,85.9716422479773,1,1667,,Kagosima (Adm1).
2013-0415-JPN,2013,415,,Natural,Meteorological,Storm,Tropical cyclone,,Tropical storm Man-Yi,Japan,JPN,Eastern Asia,Asia,"Aiti, Kyooto provinces",,Flood,,,,,,,Kph,,,,,2013,9.0,16.0,2013,9.0,16.0,6.0,141.0,30147.0,,30288.0,,,,,2000.0,2326.0,85.9716422479773,1,1651;1671,,"Aiti, Kyooto (Adm1)."
2013-0429-JPN,2013,429,,Natural,Meteorological,Storm,Tropical cyclone,,Tropical storm Fitow,Japan,JPN,Eastern Asia,Asia,Okinawa province,,,,,,,,,Kph,,,,,2013,10.0,7.0,2013,10.0,7.0,,,4392.0,,4392.0,,,,,,,85.9716422479773,1,1681,,Okinawa (Adm1).
2013-0396-JPN,2013,396,,Natural,Meteorological,Storm,Tropical cyclone,,Typhoon Wipha,Japan,JPN,Eastern Asia,Asia,"Tookyoo, Saitama, Ibaraki, Totigi, Hokkaidoo, Tiba, Kagosima provinces",,"Slide (land, mud, snow, rock)",Flood,,,,,,Kph,,,,,2013,10.0,14.0,2013,10.0,16.0,39.0,107.0,19182.0,,19289.0,,,,,200000.0,232635.0,85.9716422479773,1,1661;1663;1667;1684;1688;1690;1693,,"Hokkaidoo, Ibaraki, Kagosima, Saitama, Tiba, Tookyoo, Totigi (Adm1)."
2014-0061-JPN,2014,61,,Natural,Meteorological,Storm,Convective storm,Winter storm/Blizzard,,Japan,JPN,Eastern Asia,Asia,"Aiti, Akita, Aomori, Gifu, Gunma, Hirosima, Hukui, Hukusima, Hyoogo, Ibaraki, Iwate, Kanagawa, Kyooto, Mie, Miyagi, Nagano, Nara, Niigata, Okayama, Okinawa, Oosaka, Saitama, Siga, Simane, Sizuoka, Tiba, Tookyoo, Totigi, Tottori, Toyama, Wakayama, Yamagata, Yamaguti, Yamanasi provinces",,,,,,,,,Kph,,,,,2014,2.0,8.0,2014,2.0,9.0,37.0,2800.0,,,2800.0,,,3100000.0,3548279.0,5900000.0,6753176.0,87.3662978351193,1,1651;1652;1653;1655;1657;1658;1659;1660;1662;1663;1665;1668;1671;1672;1673;1675;1677;1678;1680;1681;1682;1684;1685;1686;1687;1688;1690;1691;1692;1693;1694;1695;1696;1697,,"Aiti, Akita, Aomori, Gifu, Gunma, Hirosima, Hukui, Hukusima, Hyoogo, Ibaraki, Iwate, Kanagawa, Kyooto, Mie, Miyagi, Nagano, Nara, Niigata, Okayama, Okinawa, Oosaka, Saitama, Siga, Simane, Sizuoka, Tiba, Tookyoo, Totigi, Tottori, Toyama, Wakayama, Yamagata, Yamaguti, Yamanasi (Adm1)."
2014-0068-JPN,2014,68,,Natural,Meteorological,Storm,Convective storm,Winter storm/Blizzard,,Japan,JPN,Eastern Asia,Asia,"Ibaraki, Kanagawa, Nagano, Niigata, Saitama, Tiba, Tookyoo, Totigi, Yamanasi, Akita, Aomori, Hukusima, Iwate, Miyagi, Yamagata provinces",,,,,,,,,Kph,,,,,2014,2.0,14.0,2014,2.0,17.0,24.0,1600.0,,,1600.0,,,,,185000.0,211752.0,87.3662978351193,1,1652;1653;1657;1663;1665;1668;1673;1675;1678;1684;1688;1690;1693;1695;1697,,"Akita, Aomori, Hukusima, Ibaraki, Iwate, Kanagawa, Miyagi, Nagano, Niigata, Saitama, Tiba, Tookyoo, Totigi, Yamagata, Yamanasi (Adm1)."
2014-0236-JPN,2014,236,,Natural,Meteorological,Storm,Tropical cyclone,,Typhoon Neoguri,Japan,JPN,Eastern Asia,Asia,"Ehime, Kagawa, Kooti, Tokusima, Hukuoka, Kagosima, Kumamoto, Miyazaki, Nagasaki, Ooita, Saga, Hukusima, Nagano, Hokkaidoo provinces",,Flood,"Slide (land, mud, snow, rock)",,,,,130.0,Kph,,,,,2014,7.0,7.0,2014,7.0,10.0,7.0,66.0,600.0,,666.0,,,,,156000.0,178559.0,87.3662978351193,1,1654;1656;1657;1661;1666;1667;1669;1670;1674;1675;1676;1679;1683;1689,,"Ehime, Hokkaidoo, Hukuoka, Hukusima, Kagawa, Kagosima, Kooti, Kumamoto, Miyazaki, Nagano, Nagasaki, Ooita, Saga, Tokusima (Adm1)."
2014-0314-JPN,2014,314,,Natural,Meteorological,Storm,Tropical cyclone,,Tropical storm Nakri,Japan,JPN,Eastern Asia,Asia,Kooti province,,"Slide (land, mud, snow, rock)",Flood,,,,,,Kph,,,,,2014,8.0,3.0,2014,8.0,6.0,,,4401.0,,4401.0,,,,,,,87.3662978351193,1,1669,,Kooti (Adm1).
2014-0316-JPN,2014,316,,Natural,Meteorological,Storm,Tropical cyclone,,Typhoon Halong,Japan,JPN,Eastern Asia,Asia,"Ehime, Kagawa, Kooti, Tokusima provinces",,,,,,,,160.0,Kph,,,,,2014,8.0,10.0,2014,8.0,12.0,10.0,96.0,21654.0,,21750.0,,,,,200000.0,228921.0,87.3662978351193,1,1654;1666;1669;1689,,"Ehime, Kagawa, Kooti, Tokusima (Adm1)."
2014-0397-JPN,2014,397,,Natural,Meteorological,Storm,Tropical cyclone,,Typhoon Phanfone,Japan,JPN,Eastern Asia,Asia,"Okinawa, Sizuoka, Aiti, Kanagawa provinces",,Flood,"Slide (land, mud, snow, rock)",,,,,110.0,Kph,,,,,2014,10.0,6.0,2014,10.0,6.0,7.0,60.0,8706.0,,8766.0,,,,,100000.0,114461.0,87.3662978351193,1,1651;1668;1681;1687,,"Aiti, Kanagawa, Okinawa, Sizuoka (Adm1)."
2014-0396-JPN,2014,396,,Natural,Meteorological,Storm,Tropical cyclone,,Typhoon Vongfong,Japan,JPN,Eastern Asia,Asia,"Makurazakisi, Kagosimasi districts (Kagosima province), Okinawa, Sizuoka provinces",,,,,,,,290.0,Kph,,,,,2014,10.0,12.0,2014,10.0,13.0,9.0,94.0,1104.0,,1198.0,,,,,100000.0,114461.0,87.3662978351193,1;2,1681;1687,34731;34756,"Okinawa, Sizuoka (Adm1). Kagosimasi, Makurazakisi (Adm2)."
2014-0519-JPN,2014,519,,Natural,Meteorological,Storm,Convective storm,Winter storm/Blizzard,,Japan,JPN,Eastern Asia,Asia,Tokusima province,,,,,,,,,Kph,,,,,2014,12.0,2.0,2014,12.0,9.0,24.0,101.0,,,101.0,,,,,,,87.3662978351193,1,1689,,Tokusima (Adm1).
2014-0487-JPN,2014,487,,Natural,Meteorological,Storm,Convective storm,Winter storm/Blizzard,,Japan,JPN,Eastern Asia,Asia,"Nagoyasi_Atutaku district (Aiti province), Hokkaidoo, Niigata provinces",,,,,,,,,Kph,,,,,2014,12.0,17.0,2014,12.0,18.0,11.0,,,,,,,,,,,87.3662978351193,1;2,1661;1678,33407,"Hokkaidoo, Niigata (Adm1). Nagoyasi_Atutaku (Adm2)."
2015-0176-JPN,2015,176,TC-2015-000051,Natural,Meteorological,Storm,Tropical cyclone,,Typhoon Noul (Dodong),Japan,JPN,Eastern Asia,Asia,"Amagityoo, Isentyoo, Kasarityoo, Nazesi, Setootityoo, Sumiyooson, Tatugootyoo, Tokunosimatyoo, Ukenson, Yamatoson districts (Kagosima province), Okinawa province",,,,,,,,180.0,Kph,,,,,2015,5.0,12.0,2015,5.0,12.0,,6.0,39.0,,45.0,,,,,23200.0,26523.0,87.4699322108025,1;2,1681,34712;34727;34737;34765;34779;34783;34788;34791;34795;34800,"Okinawa (Adm1). Amagityoo, Isentyoo, Kasarityoo, Nazesi, Setootityoo, Sumiyooson, Tatugootyoo, Tokunosimatyoo, Ukenson, Yamatoson (Adm2)."
2015-0244-JPN,2015,244,,Natural,Meteorological,Storm,Tropical cyclone,,Typhoon Chan-Home,Japan,JPN,Eastern Asia,Asia,Okinawa province,,Flood,,,,,,250.0,Kph,,,,,2015,7.0,9.0,2015,7.0,11.0,1.0,27.0,,,27.0,,,,,,,87.4699322108025,1,1681,,Okinawa (Adm1).
2015-0261-JPN,2015,261,,Natural,Meteorological,Storm,Tropical cyclone,,Typhoon Nangka,Japan,JPN,Eastern Asia,Asia,"Aiti, Akita, Aomori, Gifu, Gunma, Hirosima, Hukui, Hukusima, Hyoogo, Ibaraki, Iwate, Kanagawa, Kyooto, Mie, Miyagi, Nagano, Nara, Niigata, Okayama, Okinawa, Oosaka, Saitama, Siga, Simane, Sizuoka, Tiba, Tookyoo, Totigi, Tottori, Toyama, Wakayama, Yamagata, Yamaguti, Yamanasi, Ehime, Kagawa, Kooti, Tokusima provinces",,Flood,"Slide (land, mud, snow, rock)",,,,,185.0,Kph,,,,,2015,7.0,16.0,2015,7.0,17.0,2.0,56.0,789.0,,845.0,,,127000.0,145193.0,207000.0,236653.0,87.4699322108025,1,1651;1652;1653;1654;1655;1657;1658;1659;1660;1662;1663;1665;1666;1668;1669;1671;1672;1673;1675;1677;1678;1680;1681;1682;1684;1685;1686;1687;1688;1689;1690;1691;1692;1693;1694;1695;1696;1697,,"Aiti, Akita, Aomori, Ehime, Gifu, Gunma, Hirosima, Hukui, Hukusima, Hyoogo, Ibaraki, Iwate, Kagawa, Kanagawa, Kooti, Kyooto, Mie, Miyagi, Nagano, Nara, Niigata, Okayama, Okinawa, Oosaka, Saitama, Siga, Simane, Sizuoka, Tiba, Tokusima, Tookyoo, Totigi, Tottori, Toyama, Wakayama, Yamagata, Yamaguti, Yamanasi (Adm1)."
2015-0371-JPN,2015,371,,Natural,Meteorological,Storm,Tropical cyclone,,Typhoon Goni (Ineng),Japan,JPN,Eastern Asia,Asia,Kumamoto province,,,,,,,,198.0,Kph,,,,,2015,8.0,25.0,2015,8.0,25.0,,70.0,,,70.0,,,,,,,87.4699322108025,1,1670,,Kumamoto (Adm1).
2015-0456-JPN,2015,456,TC-2015-000124,Natural,Meteorological,Storm,Tropical cyclone,,Tropical Storm Etau,Japan,JPN,Eastern Asia,Asia,"Ibaraki, Totigi, Miyagi provinces",,Flood,,,,,,,Kph,,,,,2015,9.0,8.0,2015,9.0,10.0,8.0,46.0,60000.0,,60046.0,,,250000.0,285813.0,,,87.4699322108025,1,1663;1673;1688,,"Ibaraki, Miyagi, Totigi (Adm1)."
2015-0458-JPN,2015,458,,Natural,Meteorological,Storm,Tropical cyclone,,Typhoon Dujuan,Japan,JPN,Eastern Asia,Asia,Okinawa province,,,,,,,,,Kph,,,,,2015,9.0,28.0,2015,9.0,28.0,,,,,,,,,,,,87.4699322108025,1,1681,,Okinawa (Adm1).
2016-0382-JPN,2016,382,,Natural,Meteorological,Storm,Tropical cyclone,,Tropical storm Mindulle,Japan,JPN,Eastern Asia,Asia,"Saitama, Hokkaidoo, Tookyoo, Tiba provinces",,"Slide (land, mud, snow, rock)",,,,,,,Kph,,,,,2016,8.0,22.0,2016,8.0,22.0,2.0,70.0,3633.0,,3703.0,,,,,100000.0,112901.0,88.573452875574,1,1661;1684;1690;1693,,"Hokkaidoo, Saitama, Tiba, Tookyoo (Adm1)."
2016-0324-JPN,2016,324,,Natural,Meteorological,Storm,Tropical cyclone,,Typhoon Lionrock,Japan,JPN,Eastern Asia,Asia,Iwate,,Flood,,,,,,,Kph,,,,,2016,9.0,4.0,2016,9.0,4.0,22.0,,,,,,,,,,,88.573452875574,1,1665,,Iwate (Adm1).
2016-0390-JPN,2016,390,,Natural,Meteorological,Storm,Tropical cyclone,,Typhoon Malakas,Japan,JPN,Eastern Asia,Asia,"Hyogoo, Miyazaki, Oosaka province",,Flood,,,,,,185.0,Kph,,,,,2016,9.0,20.0,2016,9.0,20.0,1.0,,6000.0,,6000.0,,,,,,,88.573452875574,1,1662;1674;1682,,"Hyoogo, Miyazaki, Oosaka (Adm1)."
2016-0361-JPN,2016,361,,Natural,Meteorological,Storm,Tropical cyclone,,Typhoon Chaba (Chyba?),Japan,JPN,Eastern Asia,Asia,Hokkaidoo province (Hokkaido island),,,,,,,,,Kph,,,,,2016,10.0,5.0,2016,10.0,6.0,,,,,,,,,,,,88.573452875574,1,1661,,Hokkaidoo (Adm1).
2017-0327-JPN,2017,327,,Natural,Meteorological,Storm,Tropical cyclone,,Typhoon 'Noru',Japan,JPN,Eastern Asia,Asia,"Wakayama prefecture; Mie region, Kagoshima (Yakushima, Minami-ko towns), Miyazaki, Oita, Fukuoka Prefectures, Hyogo Prefecture",,,,,,,,120.0,Kph,33.2,134.0,,,2017,8.0,5.0,2017,8.0,7.0,2.0,51.0,1338.0,,1389.0,,,,,2000.0,2211.0,90.4601793133611,1,1656;1662;1667;1672;1674;1679;1694,,"Hukuoka, Hyoogo, Kagosima, Mie, Miyazaki, Ooita, Wakayama (Adm1)."
2017-0468-JPN,2017,468,,Natural,Meteorological,Storm,Tropical cyclone,,Typhoon 'Talim',Japan,JPN,Eastern Asia,Asia,"Oita (Bungo-ono), Kagawa (Mitoyo city), Okayama, Ehime, Kochi, Kyoto, Miyazaki, Hyogo",,Flood,"Slide (land, mud, snow, rock)",,,,,160.0,Kph,,,,,2017,9.0,17.0,2017,9.0,19.0,2.0,56.0,21600.0,,21656.0,,,330000.0,364801.0,500000.0,552729.0,90.4601793133611,1,1654;1662;1666;1669;1671;1674;1679;1680,,"Ehime, Hyoogo, Kagawa, Kooti, Kyooto, Miyazaki, Okayama, Ooita (Adm1)."
2017-0432-JPN,2017,432,,Natural,Meteorological,Storm,Tropical cyclone,,Typhoon 'Lan'/'Paolo',Japan,JPN,Eastern Asia,Asia,"Honshu Island: Fukuoka, Mie, Osaka, Toyama, Wakayama, Ibaraki, Nagano, Hokkaido",,Flood,"Slide (land, mud, snow, rock)",,,,,216.0,Kph,,,,,2017,10.0,22.0,2017,10.0,22.0,8.0,210.0,18600.0,,18810.0,,,,,1000000.0,1105459.0,90.4601793133611,1,1656;1661;1663;1672;1675;1682;1692;1694,,"Hokkaidoo, Hukuoka, Ibaraki, Mie, Nagano, Oosaka, Toyama, Wakayama (Adm1)."
2018-0326-JPN,2018,326,,Natural,Meteorological,Storm,Tropical cyclone,,Typhoon Jebi,Japan,JPN,Eastern Asia,Asia,"Osaka, Wakayama, Hyogo",,Flood,,,,,,220.0,Kph,,,,,2018,9.0,4.0,2018,9.0,5.0,17.0,600.0,3300.0,,3900.0,,,9000000.0,9711915.0,12500000.0,13488771.0,92.6696698010059,1,1662;1682;1694,,"Hyoogo, Oosaka, Wakayama (Adm1)."
2018-0353-JPN,2018,353,,Natural,Meteorological,Storm,Tropical cyclone,,Typhoon Trami,Japan,JPN,Eastern Asia,Asia,"Tokyo, Okinawa, Wakayama",,Flood,,,,,,216.0,Kph,,,,,2018,9.0,28.0,2018,10.0,1.0,4.0,200.0,18000.0,,18200.0,,,,,4500000.0,4855958.0,92.6696698010059,1,1681;1690;1694,,"Okinawa, Tookyoo, Wakayama (Adm1)."
2018-0424-JPN,2018,424,,Natural,Meteorological,Storm,Tropical cyclone,,Typhoon 'Kong-Rey',Japan,JPN,Eastern Asia,Asia,,,,,,,,,,Kph,,,,,2018,10.0,6.0,2018,10.0,7.0,3.0,,4200.0,,4200.0,,,,,,,92.6696698010059,1,1656;1674;1676;1681,,"Hukuoka, Miyazaki, Nagasaki, Okinawa (Adm1)."
2019-0424-JPN,2019,424,TC-2019-000102,Natural,Meteorological,Storm,Tropical cyclone,,Tropical cyclone 'Lingling',Japan,JPN,Eastern Asia,Asia,"Nagano, Yamaguchi, Hiroshima, Tottori, Okayama, Okinawa and Miyazaki Prefectures",,,,,,,,,Kph,,,,,2019,9.0,5.0,2019,9.0,8.0,,,,,,,,,,10000.0,10599.0,94.3490924994534,1,1660;1674;1675;1680;1681;1691;1696,,"Hirosima, Miyazaki, Nagano, Okayama, Okinawa, Tottori, Yamaguti (Adm1)."
2019-0443-JPN,2019,443,,Natural,Meteorological,Storm,Tropical cyclone,,Tropical storm 'Tapah',Japan,JPN,Eastern Asia,Asia,"Okinawa, Miyazaki Prefectures",,,,,,,,,Kph,,,,,2019,9.0,24.0,2019,9.0,24.0,,21.0,2000.0,,2021.0,,,,,,,94.3490924994534,1,1674;1681,,"Miyazaki, Okinawa (Adm1)."
2019-0521-JPN,2019,521,,Natural,Meteorological,Storm,Tropical cyclone,,Typhoon 'Faxai',Japan,JPN,Eastern Asia,Asia,Chiba prefecture; Tokyo,,,,,,,,170.0,Kph,,,,,2019,10.0,8.0,2019,10.0,8.0,3.0,150.0,120000.0,,120150.0,,,7000000.0,7419255.0,9100000.0,9645032.0,94.3490924994534,1,1690;1693,,"Tiba, Tookyoo (Adm1)."
2019-0492-JPN,2019,492,,Natural,Meteorological,Storm,Tropical cyclone,,Tropical cylone 'Hagibis',Japan,JPN,Eastern Asia,Asia,"Tokyo, Fukushima, Miyagi, Shizuoka, Kanawanga, Nagano, Saitama, Gunma, Ibaraki, Tochigi",,Flood,,,,,,160.0,Kph,,,,,2019,10.0,12.0,2019,10.0,17.0,99.0,470.0,390000.0,,390470.0,,,10000000.0,10598936.0,17000000.0,18018191.0,94.3490924994534,1,1657;1659;1663;1668;1673;1675;1684;1687;1688;1690,,"Gunma, Hukusima, Ibaraki, Kanagawa, Miyagi, Nagano, Saitama, Sizuoka, Tookyoo, Totigi (Adm1)."
2020-0403-JPN,2020,403,,Natural,Meteorological,Storm,Tropical cyclone,,Typhoon 'Maisak' (Julian),Japan,JPN,Eastern Asia,Asia,Okinawa Prefecture,,,,,,,,175.0,Kph,,,,,2020,9.0,2.0,2020,9.0,2.0,,8.0,,,8.0,,,,,,,95.5129674174503,1,1681,,Okinawa (Adm1).
2020-0400-JPN,2020,400,,Natural,Meteorological,Storm,Tropical cyclone,,Tropical cyclone 'Haishen' (Kristine),Japan,JPN,Eastern Asia,Asia,"Miyazaki Prefecture, Kyushu region, Kagoshima, Okinawa",,,,,,,,185.0,Kph,,,,,2020,9.0,7.0,2020,9.0,7.0,2.0,52.0,,,52.0,,,,,,,95.5129674174503,1,1656;1667;1670;1674;1676;1679;1681;1683,,"Hukuoka, Kagosima, Kumamoto, Miyazaki, Nagasaki, Okinawa, Ooita, Saga (Adm1)."
2020-0555-JPN,2020,555,,Natural,Meteorological,Storm,Convective storm,Winter storm/Blizzard,,Japan,JPN,Eastern Asia,Asia,Minakami ( Gunma prefecture); Yuzawa (Niigata prefecture),,Cold wave,,,,,,,Kph,,,,,2020,12.0,16.0,2020,12.0,18.0,,,,,,,,,,200000.0,209396.0,95.5129674174503,2,,34036;35603,"Minakamimati, Yuzawamati (Adm2)."
2021-0018-JPN,2021,18,,Natural,Meteorological,Storm,Convective storm,Winter storm/Blizzard,,Japan,JPN,Eastern Asia,Asia,"Hokuriku, Tohoku, Hokkaido",,Cold wave,,,,,,,Kph,,,,,2021,1.0,7.0,2021,1.0,12.0,23.0,394.0,,,394.0,,,,,2000000.0,2000000.0,100.0,1,1652;1653;1655;1657;1661;1664;1665;1673;1678;1692;1695,,"Akita, Aomori, Hokkaidoo, Hukui, Hukusima, Isikawa, Iwate, Miyagi, Niigata, Toyama, Yamagata (Adm1)."
2022-0398-JPN,2022,398,,Natural,Meteorological,Storm,Tropical cyclone,,Tropical depression 'Aere',Japan,JPN,Eastern Asia,Asia,"Unzen, Nagasaki, Arao, Kumamoto, Omuta, Fukuoka prefectures",,Flood,"Slide (land, mud, snow, rock)",,,,,46.0,Kph,,,,,2022,7.0,4.0,2022,7.0,5.0,,2.0,390.0,,392.0,,,,,,,,1;2,1670;1676,33778,"Kumamoto, Nagasaki (Adm1). Oomutasi (Adm2)."
2022-0604-JPN,2022,604,,Natural,Meteorological,Storm,Tropical cyclone,,Typhoon 'Nanmadol',Japan,JPN,Eastern Asia,Asia,"Kagoshima, Kyushu Isl.",,,,,,,,175.0,Kph,,,,,2022,9.0,18.0,2022,9.0,20.0,4.0,140.0,1200.0,,1340.0,,,,,,,,1,1667,,Kagosima (Adm1).
2022-0627-JPN,2022,627,,Natural,Meteorological,Storm,Tropical cyclone,,Typhoon 'Talas',Japan,JPN,Eastern Asia,Asia,"Kakegawa, Fukuroi (Shizuoka prefecture); Chibu",,"Slide (land, mud, snow, rock)",,,,,,65.0,Kph,,,,,2022,9.0,25.0,2022,9.0,25.0,3.0,,13323.0,,13323.0,,,,,,,,,,,
