Dis No,Year,Seq,Glide,Disaster Group,Disaster Subgroup,Disaster Type,Disaster Subtype,Disaster Subsubtype,Event Name,Country,ISO,Region,Continent,Location,Origin,Associated Dis,Associated Dis2,OFDA Response,Appeal,Declaration,AID Contribution ('000 US$),Dis Mag Value,Dis Mag Scale,Latitude,Longitude,Local Time,River Basin,Start Year,Start Month,Start Day,End Year,End Month,End Day,Total Deaths,No Injured,No Affected,No Homeless,Total Affected,Reconstruction Costs ('000 US$),"Reconstruction Costs, Adjusted ('000 US$)",Insured Damages ('000 US$),"Insured Damages, Adjusted ('000 US$)",Total Damages ('000 US$),"Total Damages, Adjusted ('000 US$)",CPI,Adm Level,Admin1 Code,Admin2 Code,Geo Locations
1905-0001-ITA,1905,1,,Natural,Geophysical,Earthquake,Ground movement,,,Italy,ITA,Southern Europe,Europe,"MONTELEONE, TROPEA, MONTE PORO (Calabria)",,,,,,,,7.0,Richter,38.67,16.07,01:43,,1905,9.0,8.0,1905,9.0,8.0,557.0,2000.0,,20100.0,22100.0,,,,,,,3.3232581812022,,,,
1908-0007-ITA,1908,7,,Natural,Geophysical,Earthquake,Ground movement,,,Italy,ITA,Southern Europe,Europe,"Messina, Regio, Calabria, Sicilia",,Tsunami/Tidal wave,,,,,,7.0,Richter,38.17,15.58,05:20,,1908,12.0,28.0,1908,12.0,28.0,75000.0,,150000.0,,150000.0,,,,,116000.0,3490550.0,3.3232581812022,,,,
1914-0028-ITA,1914,28,,Natural,Geophysical,Earthquake,Ground movement,,,Italy,ITA,Southern Europe,Europe,"Catania, Etna",,,,,,,,5.0,Richter,37.7,15.2,19.01,,1914,5.0,8.0,1914,5.0,8.0,120.0,,,669.0,669.0,,,,,,,3.7048174538587,,,,
1915-0002-ITA,1915,2,,Natural,Geophysical,Earthquake,Ground movement,,,Italy,ITA,Southern Europe,Europe,"Avezzano, Marsica (Abruzze)",,,,,,,,8.0,Richter,42.02,13.26,07:52,,1915,1.0,13.0,1915,1.0,13.0,29980.0,,,,,,,,,60000.0,1603531.0,3.741742544761,,,,
1920-0014-ITA,1920,14,,Natural,Geophysical,Earthquake,Ground movement,,,Italy,ITA,Southern Europe,Europe,"Carrara, Farfagnana",,,,,,,,6.0,Richter,44.3,10.3,06:55,,1920,9.0,7.0,1920,9.0,7.0,1400.0,,,,,,,,,,,7.4096349077176,,,,
1930-0008-ITA,1930,8,,Natural,Geophysical,Earthquake,Ground movement,,,Italy,ITA,Southern Europe,Europe,"Irpina, Naples",,,,,,,,6.0,Richter,40.922,15.377,02:08,,1930,7.0,23.0,1930,7.0,23.0,1883.0,,10000.0,,10000.0,,,,,5000.0,80922.0,6.1787985443093,,,,
1930-0033-ITA,1930,33,,Natural,Geophysical,Earthquake,Ground movement,,,Italy,ITA,Southern Europe,Europe,Senigalia,,,,,,,,6.0,Richter,43.667,13.267,08:10,,1930,10.0,30.0,1930,10.0,30.0,18.0,,,,,,,,,,,6.1787985443093,,,,
1933-0027-ITA,1933,27,,Natural,Geophysical,Earthquake,Ground movement,,,Italy,ITA,Southern Europe,Europe,Central,,,,,,,,,Richter,42.0,14.2,04:33,,1933,9.0,26.0,1933,9.0,26.0,10.0,,,,,,,,,,,4.787953453658,,,,
1962-0045-ITA,1962,45,,Natural,Geophysical,Earthquake,Ground movement,,,Italy,ITA,Southern Europe,Europe,Irpinia,,,,,,,,6.0,Richter,41.4,15.5,19:19,,1962,8.0,21.0,1962,8.0,21.0,16.0,,,30000.0,30000.0,,,,,,,11.1636125082004,,,,
1968-0023-ITA,1968,23,,Natural,Geophysical,Earthquake,Ground movement,,,Italy,ITA,Southern Europe,Europe,Belice Valley (Western Sicily),,,,Yes,,,,6.0,Richter,37.702,13.033,03:01,,1968,1.0,15.0,1968,1.0,15.0,224.0,563.0,55000.0,,55563.0,,,,,250000.0,1947554.0,12.8366149136235,,,,
1971-0014-ITA,1971,14,,Natural,Geophysical,Earthquake,Ground movement,,,Italy,ITA,Southern Europe,Europe,Toscana,,,,,,,,5.0,Richter,42.5,11.8,15:00,,1971,2.0,6.0,1971,2.0,6.0,22.0,100.0,4120.0,,4220.0,,,,,41600.0,278387.0,14.9432495079816,,,,
1972-0084-ITA,1972,84,,Natural,Geophysical,Earthquake,Ground movement,,,Italy,ITA,Southern Europe,Europe,Ancona,,,,,,,,5.0,Richter,43.8,13.3,03:42,,1972,2.0,4.0,1972,2.0,4.0,1.0,,450.0,,450.0,,,,,,,15.4322326700197,,,,
1972-0150-ITA,1972,150,,Natural,Geophysical,Earthquake,Ground movement,,,Italy,ITA,Southern Europe,Europe,Ancona,,,,,,,,4.0,Richter,43.8,13.3,16:06,,1972,6.0,21.0,1972,6.0,21.0,2.0,,,,,,,,,300000.0,1943983.0,15.4322326700197,,,,
1976-0037-ITA,1976,37,,Natural,Geophysical,Earthquake,Ground movement,,,Italy,ITA,Southern Europe,Europe,Friuli region,,,,,,,,7.0,Richter,46.356,13.275,21:00,,1976,5.0,6.0,1976,5.0,6.0,922.0,1750.0,111472.0,105000.0,218222.0,,,,,3600000.0,17141443.0,21.0017319046578,,,,
1976-0195-ITA,1976,195,,Natural,Geophysical,Earthquake,Ground movement,,,Italy,ITA,Southern Europe,Europe,Friuli,,,,Yes,No,No,,,Richter,,,,,1976,9.0,9.0,1976,9.0,9.0,12.0,,,32000.0,32000.0,,,,,,,21.0017319046578,,,,
1976-0196-ITA,1976,196,,Natural,Geophysical,Earthquake,Ground movement,,,Italy,ITA,Southern Europe,Europe,Northeastern,,,,,,,,,Richter,46.302,13.197,05:15,,1976,9.0,15.0,1976,9.0,15.0,11.0,,,,,,,,,,,21.0017319046578,,,,
1978-0057-ITA,1978,57,,Natural,Geophysical,Earthquake,Ground movement,,,Italy,ITA,Southern Europe,Europe,Sicily,,,,,,,,6.0,Richter,38.391,15.066,00:33,,1978,4.0,16.0,1978,4.0,16.0,5.0,,900.0,,900.0,,,,,,,24.0740345506232,,,,
1979-0216-ITA,1979,216,,Natural,Geophysical,Earthquake,Ground movement,,,Italy,ITA,Southern Europe,Europe,Val Nerina (Umbria),,,,,,,,6.0,Richter,42.812,13.061,23:35,,1979,9.0,19.0,1979,9.0,19.0,5.0,,,5000.0,5000.0,,,,,,,26.7834419418325,,,,
1980-0103-ITA,1980,103,,Natural,Geophysical,Earthquake,Ground movement,,,Italy,ITA,Southern Europe,Europe,"Avellino, Potenza, Caserta, Naples",,,,Yes,,,,7.0,Richter,40.914,15.366,18:34,,1980,11.0,23.0,1980,11.0,23.0,4689.0,7700.0,400000.0,,407700.0,,,,,20000000.0,65762680.0,30.4123857424011,,,,
1981-0224-ITA,1981,224,,Natural,Geophysical,Earthquake,Ground movement,,,Italy,ITA,Southern Europe,Europe,South,,,,,,,,5.0,Richter,41.051,14.601,18:27,,1981,2.0,14.0,1981,2.0,14.0,12.0,,,,,,,,,500.0,1490.0,33.5554165755522,,,,
1981-0123-ITA,1981,123,,Natural,Geophysical,Earthquake,Ground movement,,,Italy,ITA,Southern Europe,Europe,Mazara del Vallo area (Sicily),,,,,No,No,,5.0,Richter,37.67 N,12.47 E,,,1981,6.0,7.0,1981,6.0,7.0,,6.0,300.0,,306.0,,,,,,,33.5554165755522,,,,
1982-0035-ITA,1982,35,,Natural,Geophysical,Earthquake,Ground movement,,,Italy,ITA,Southern Europe,Europe,"Avellino, Potenza",,,,,,,,,Richter,,,,,1982,3.0,21.0,1982,3.0,21.0,,,1000.0,,1000.0,,,,,,,35.6128405860485,,,,
1982-0106-ITA,1982,106,,Natural,Geophysical,Earthquake,Ground movement,,,Italy,ITA,Southern Europe,Europe,Perugia area (Umbria),,,,,,,,4.0,Richter,43.164,12.586,11:56,,1982,10.0,17.0,1982,10.0,17.0,,,5000.0,,5000.0,,,,,35000.0,98279.0,35.6128405860485,,,,
1983-0112-ITA,1983,112,,Natural,Geophysical,Earthquake,Ground movement,,,Italy,ITA,Southern Europe,Europe,Pozzuoli (Naples),,,,,No,No,,,Richter,40.50 N,14.15 E,,,1983,9.0,19.0,1983,9.0,19.0,,30.0,20000.0,1000.0,21030.0,,,,,,,36.7568773234201,,,,
1983-0589-ITA,1983,589,,Natural,Geophysical,Earthquake,Ground movement,,,Italy,ITA,Southern Europe,Europe,Parma,,,,,,,,,Richter,44.689,10.317,18:39,,1983,11.0,9.0,1983,11.0,9.0,,100.0,,,100.0,,,,,,,36.7568773234201,,,,
1984-0038-ITA,1984,38,,Natural,Geophysical,Earthquake,Ground movement,,,Italy,ITA,Southern Europe,Europe,"Assisi, Gubbio, Perugia area (Umbria Province)",,,,,,,,6.0,Richter,43.26,12.558,06:03,,1984,4.0,29.0,1984,4.0,29.0,3.0,200.0,,4000.0,4200.0,,,,,25000.0,65210.0,38.3376251913405,,,,
1984-0047-ITA,1984,47,,Natural,Geophysical,Earthquake,Ground movement,,,Italy,ITA,Southern Europe,Europe,Abruzzo area,,,,,No,No,,5.0,Richter,42.10 N,13.50 E,,,1984,5.0,7.0,1984,5.0,7.0,3.0,83.0,5000.0,,5083.0,,,,,,,38.3376251913405,,,,
1984-0274-ITA,1984,274,,Natural,Geophysical,Earthquake,Ground movement,,,Italy,ITA,Southern Europe,Europe,"Mt. Etna, Catania (Sicily)",,,,,No,No,,,Richter,37.31 N,15.06 E,,,1984,10.0,20.0,1984,10.0,20.0,1.0,2.0,,300.0,302.0,,,,,,,38.3376251913405,,,,
1990-0105-ITA,1990,105,,Natural,Geophysical,Earthquake,Ground movement,,,Italy,ITA,Southern Europe,Europe,Potenza area,,,,,No,No,,5.0,Richter,40.38 N,15.48 E,,,1990,5.0,6.0,1990,5.0,6.0,2.0,16.0,,,16.0,,,,,,,48.2187972884321,,,,
1990-0250-ITA,1990,250,,Natural,Geophysical,Earthquake,Ground movement,,,Italy,ITA,Southern Europe,Europe,Carlentini (Sicily),,,,,No,No,,5.0,Richter,37.300 N,15.438 E,,,1990,12.0,13.0,1990,12.0,13.0,19.0,200.0,,2500.0,2700.0,,,,,500000.0,1036940.0,48.2187972884321,,,,
1997-0228-ITA,1997,228,,Natural,Geophysical,Earthquake,Ground movement,,,Italy,ITA,Southern Europe,Europe,"Umbria, Marche regions",,,,,No,No,,6.0,Richter,43.0 N,13.0 E,1:33,,1997,9.0,26.0,1997,10.0,3.0,14.0,100.0,,38000.0,38100.0,,,4100.0,6921.0,4524900.0,7638526.0,59.2378657336541,,,,
1998-0078-ITA,1998,78,,Natural,Geophysical,Earthquake,Ground movement,,,Italy,ITA,Southern Europe,Europe,Gualdo Tadino-Nocera Umbra area (Central),,,,,,,,5.0,Richter,43.164,12.701,09:26,,1998,4.0,3.0,1998,4.0,3.0,,5.0,900.0,,905.0,,,,,,,60.1574108900066,,,,
2002-0882-ITA,2002,882,,Natural,Geophysical,Earthquake,Ground movement,,,Italy,ITA,Southern Europe,Europe,Palermo Province (Sicilia Region),,,,,,,,6.0,Richter,38.381,13.701,,,2002,9.0,6.0,2002,9.0,6.0,2.0,,,,,,,,,500000.0,753217.0,66.3819636999782,2,,18395,Palermo (Adm2).
2002-0680-ITA,2002,680,,Natural,Geophysical,Earthquake,Ground movement,,,Italy,ITA,Southern Europe,Europe,"Zafferana Etnea, Giarre, Santa Venerina towns (Catania Province, Sicilia Region)",,,,,,,,4.0,Richter,37.67,15.267,11:02,,2002,10.0,29.0,2002,10.0,29.0,,9.0,,1000.0,1009.0,,,,,,,66.3819636999782,2,,18392,Catania (Adm2).
2002-0690-ITA,2002,690,,Natural,Geophysical,Earthquake,Ground movement,,,Italy,ITA,Southern Europe,Europe,"San Guliano di Puglia town (Campobasso province, Molise region)",,"Slide (land, mud, snow, rock)",,,,,,6.0,Richter,41.789,14.872,10:32,,2002,10.0,31.0,2002,10.0,31.0,30.0,33.0,,8500.0,8533.0,,,,,796000.0,1199121.0,66.3819636999782,2,,18371,Campobasso (Adm2).
2003-0184-ITA,2003,184,,Natural,Geophysical,Earthquake,Ground movement,,,Italy,ITA,Southern Europe,Europe,Alessandria Province (Piemonte Region),,"Slide (land, mud, snow, rock)",,,,,,5.0,Richter,44.792,8.892,10:26,,2003,4.0,11.0,2003,4.0,11.0,,2.0,230.0,,232.0,,,,,561352.0,826869.0,67.8888956921058,2,,18373,Alessandria (Adm2).
2009-0136-ITA,2009,136,EQ-2009-000072,Natural,Geophysical,Earthquake,Ground movement,,,Italy,ITA,Southern Europe,Europe,"Aquila, Villa Sant'Angelo, Borgo di Castelnuovo Onna, Poggio Picenze, Tormintarte, Totani, Poggio di Roio, Massa d'Albe, Tempera, Paganica, Fossa towns (L'Aquila Province, Abruzzo region)",,"Slide (land, mud, snow, rock)",,Yes,,Yes,,6.0,Richter,42.334,13.334,03:03,,2009,4.0,6.0,2009,4.0,6.0,295.0,1000.0,,55000.0,56000.0,,,260000.0,328391.0,2500000.0,3157610.0,79.1738027553029,2,,18318,L'Aquila (Adm2).
2012-0142-ITA,2012,142,,Natural,Geophysical,Earthquake,Ground movement,,,Italy,ITA,Southern Europe,Europe,"Finale Emilia, Mirandola towns (Modena Province, Emilia-romagna Region), Sant'Agostino area (Ferrara province, Emilia-romagna Region)",,,,,,,,6.0,Richter,44.89,11.23,04:03:52,,2012,5.0,20.0,2012,5.0,20.0,7.0,50.0,11000.0,,11050.0,,,1300000.0,1534277.0,15800000.0,18647363.0,84.7304788978789,2,,18335;18337,"Ferrara, Modena (Adm2)."
2012-0162-ITA,2012,162,EQ-2012-000090,Natural,Geophysical,Earthquake,Ground movement,,,Italy,ITA,Southern Europe,Europe,Modena Province (Emilia-romagna Region),,,,,,,,6.0,Richter,44.851,11.086,,,2012,5.0,29.0,2012,5.0,29.0,17.0,350.0,,14000.0,14350.0,,,1300000.0,1534277.0,,,84.7304788978789,2,,18337,Modena (Adm2).
2016-0313-ITA,2016,313,EQ-2016-000095,Natural,Geophysical,Earthquake,Ground movement,,,Italy,ITA,Southern Europe,Europe,"Amatrice, Accumoli, Pescara del Tronto, Arquataa, Posta (Rieti and Ascoli Piceno provinces)",,,,,,Yes,,6.0,Richter,42.723,13.187,03:36,,2016,8.0,24.0,2016,8.0,24.0,296.0,400.0,4454.0,,4854.0,,,75000.0,84675.0,5000000.0,5645032.0,88.573452875574,2,,18349;18368,"Ascoli Piceno, Rieti (Adm2)."
2016-0357-ITA,2016,357,,Natural,Geophysical,Earthquake,Ground movement,,,Italy,ITA,Southern Europe,Europe,"Visso, Ussita (Macerata district, Marche province)",,,,,,,,6.0,Richter,42.934,13.043,,,2016,10.0,26.0,2016,10.0,26.0,1.0,24.0,3003.0,,3027.0,,,,,200000.0,225801.0,88.573452875574,2,,18369,Macerata (Adm2).
2016-0358-ITA,2016,358,,Natural,Geophysical,Earthquake,Ground movement,,,Italy,ITA,Southern Europe,Europe,"Norcia (Perugia district, Umbria province)",,,,,,,,7.0,Richter,42.855,13.088,07:40,,2016,10.0,30.0,2016,10.0,30.0,,20.0,22272.0,,22292.0,,,,,200000.0,225801.0,88.573452875574,2,,18411,Perugia (Adm2).
2017-0015-ITA,2017,15,,Natural,Geophysical,Earthquake,Ground movement,,,Italy,ITA,Southern Europe,Europe,"Avezzano, Campotosto, Montereale, Capitignano, Ortolano di Campoposto, Mopolino (L’Aquila); Csatel Castagna, Csatigkione Messer Raimondo, Prati di Tivo (Teramao); Abruzzo (Pescara), Lazio (Rieti), Marche (Ascoli Piceno, Macerata, Fermo, Ancona) region",,"Avalanche (Snow, Debris)",,,,,,5.0,Richter,42.601,13.227,10:25,13.227,2017,1.0,18.0,2017,1.0,19.0,29.0,11.0,,,11.0,,,6000.0,6633.0,18000.0,19898.0,90.4601793133611,1;2,1633,18318;18319;18320;18349;18367;18368;18369,"Umbria (Adm1). Ancona, Ascoli Piceno, L'Aquila, Macerata, Pescara, Rieti, Teramo (Adm2)."
2017-0349-ITA,2017,349,,Natural,Geophysical,Earthquake,Ground movement,,,Italy,ITA,Southern Europe,Europe,"Casamicciola Terme, Lacco Ameno (Ischia Isl.), near Flegrea coast of Campania (Naples province)",,,,,,,,4.0,Richter,,,20:57,,2017,8.0,23.0,2017,8.0,23.0,2.0,42.0,2600.0,,2642.0,,,,,,,90.4601793133611,2,,18332,Napoli (Adm2).
