Dis No,Year,Seq,Glide,Disaster Group,Disaster Subgroup,Disaster Type,Disaster Subtype,Disaster Subsubtype,Event Name,Country,ISO,Region,Continent,Location,Origin,Associated Dis,Associated Dis2,OFDA Response,Appeal,Declaration,AID Contribution ('000 US$),Dis Mag Value,Dis Mag Scale,Latitude,Longitude,Local Time,River Basin,Start Year,Start Month,Start Day,End Year,End Month,End Day,Total Deaths,No Injured,No Affected,No Homeless,Total Affected,Reconstruction Costs ('000 US$),"Reconstruction Costs, Adjusted ('000 US$)",Insured Damages ('000 US$),"Insured Damages, Adjusted ('000 US$)",Total Damages ('000 US$),"Total Damages, Adjusted ('000 US$)",CPI,Adm Level,Admin1 Code,Admin2 Code,Geo Locations
1967-0019-ECU,1967,19,,Natural,Hydrological,Flood,,,,Ecuador,ECU,South America,Americas,Milagro,,,,Yes,,,,,Km2,,,,,1967,2.0,8.0,1967,2.0,8.0,,100.0,20000.0,400.0,20500.0,,,,,100.0,812.0,12.3107281871857,,,,
1970-0023-ECU,1970,23,,Natural,Hydrological,Flood,,,,Ecuador,ECU,South America,Americas,"Guayas, Emeral, Manabi",,,,Yes,,,,,Km2,,,,,1970,4.0,8.0,1970,4.0,8.0,20.0,,140500.0,,140500.0,,,,,500.0,3490.0,14.3281696916685,,,,
1983-0464-ECU,1983,464,,Natural,Hydrological,Flood,,,,Ecuador,ECU,South America,Americas,,,,,,,,,,Km2,,,,,1983,8.0,4.0,1983,8.0,4.0,,,200000.0,,200000.0,,,,,,,36.7568773234201,,,,
1992-0024-ECU,1992,24,,Natural,Hydrological,Flood,Riverine flood,,,Ecuador,ECU,South America,Americas,"Guayas, Manabi, El Oro, Los Rios, Esmeraldas, Tungurahua, Cotopaxi, Loja, Zamora, Chinchipe, Galapagos, Chinchippe.",Heavy rain,,,Yes,No,No,2109.0,550.0,Km2,,,,,1992,3.0,24.0,1992,5.0,8.0,22.0,,125000.0,80000.0,205000.0,,,2500.0,4828.0,20000.0,38623.0,51.7831620380495,,,,
1997-0092-ECU,1997,92,,Natural,Hydrological,Flood,Riverine flood,,,Ecuador,ECU,South America,Americas,"Esmeraldas, Manabi, Guayas, El Oro, Azuay, Cañar, Cotopaxi, Pichincha,Morona Santiago, Zamora, Chinchipe provinces",Heavy rain,"Slide (land, mud, snow, rock)",,Yes,No,No,87.0,10.0,Km2,,,,jubones,1997,3.0,9.0,1997,3.0,19.0,27.0,,11907.0,2009.0,13916.0,,,,,,,59.2378657336541,,,,
2000-0266-ECU,2000,266,,Natural,Hydrological,Flood,,,,Ecuador,ECU,South America,Americas,"Carchi, Imbabura provinces",,,,,,,,,Km2,,,,,2000,5.0,22.0,2000,5.0,22.0,34.0,32.0,,,32.0,,,,,,,63.5495473431008,1,1138;1145,,"Carchi, Imbabura (Adm1)."
2001-0186-ECU,2001,186,,Natural,Hydrological,Flood,Flash flood,,,Ecuador,ECU,South America,Americas,"Chone, Portoviejo districts (Manabi province)",Brief torrential rain,,,,,,,2130.0,Km2,,,,,2001,3.0,8.0,2001,3.0,10.0,11.0,,1200.0,,1200.0,,,,,,,65.345558714192,2,,15473;15483,"Chone, Portoviejo (Adm2)."
2001-0252-ECU,2001,252,,Natural,Hydrological,Flood,Riverine flood,,,Ecuador,ECU,South America,Americas,"Zamora Chinchipe, Napo, Pastaza, Morona Santiago, Orellana provinces",Heavy rain,,,,,,223.0,,Km2,,,,,2001,6.0,11.0,2001,6.0,20.0,47.0,30.0,8300.0,,8330.0,,,,,,,65.345558714192,1,1149;1150;1151;1152;1156,,"Morona Santiago, Napo, Orellana, Pastaza, Zamora Chinchipe (Adm1)."
2002-0125-ECU,2002,125,,Natural,Hydrological,Flood,Riverine flood,,,Ecuador,ECU,South America,Americas,"Guayaquil, Duran districts (Guayas province), Huaquillas district (El Oro province), Portoviejo, Manta, Montecristi, Sucre, San Vicente districts (Manabi province), Pichincha, Bolivar, Canar, Esmeraldas, Los Rios provinces",Heavy rains,Rain,"Slide (land, mud, snow, rock)",,,,921.0,52930.0,Km2,,,,"Portoviejo, Bulu Bulu",2002,3.0,6.0,2002,4.0,29.0,31.0,6.0,51080.0,3027.0,54113.0,,,,,13000.0,19584.0,66.3819636999782,1;2,1136;1137;1142;1147;22006,15373;15420;15423;15479;15483;22058;22061;22063,"Bolivar, Canar, Esmeraldas, Los Rios, Pichincha (Adm1). Duran, Guayaquil, Huaquillas, Manta, Montecristi, Portoviejo, San Vicente, Sucre (Adm2)."
2002-0162-ECU,2002,162,,Natural,Hydrological,Flood,,,,Ecuador,ECU,South America,Americas,Huaquillas district (El Oro province),,,,,,,,,Km2,,,,,2002,3.0,19.0,2002,3.0,19.0,,,520.0,,520.0,,,,,3000.0,4519.0,66.3819636999782,2,,15373,Huaquillas (Adm2).
2003-0767-ECU,2003,767,,Natural,Hydrological,Flood,Riverine flood,,,Ecuador,ECU,South America,Americas,"Eloy Alfaro, San Lorenzo districts (Esmeraldas province)",Heavy rains,,,,,,,,Km2,,,,"Cayapas, Onzoles, Santiago",2003,5.0,6.0,2003,5.0,6.0,,,7905.0,,7905.0,,,,,,,67.8888956921058,2,,15385;15390,"Eloy Alfaro, San Lorenzo (Adm2)."
2006-0093-ECU,2006,93,,Natural,Hydrological,Flood,Riverine flood,,,Ecuador,ECU,South America,Americas,"Quevedo, Babahoyo, Vinces, Baba, Urdaneta, Montalvo districts (Los Rios province), Santa Rosa, Portovelo, Huaquillas, Arenillas districts (El Oro province), Salitre district (Gayas province), Eloy Alfaro district (Esmeraldas province), Portoviejo, Montecristi, Chone, Tosagua, Rocafuerte, Sucre district (Manabi province), Pichincha, Santa Elena, Santo Domingo de los Tsachilas, Zona No Delimitada provinces",Heavy rains,"Slide (land, mud, snow, rock)",,Yes,,,1670.0,30150.0,Km2,-2.23,-79.98,,"Guayas, Babahoyo, San Pablo, Catarama",2006,2.0,16.0,2006,5.0,6.0,16.0,,57670.0,,57670.0,,,,,2800.0,3764.0,74.3963874917997,1;2,1157;22006;22007;22008,15368;15373;15381;15382;15385;15438;15461;15462;15464;15468;15470;15473;15483;15484;15487;22051;22058;22063,"Pichincha, Santa Elena, Santo Domingo de los Tsachilas, Zona No Delimitada (Adm1). Arenillas, Baba, Babahoyo, Chone, Eloy Alfaro, Huaquillas, Montalvo, Montecristi, Portovelo, Portoviejo, Quevedo, Rocafuerte, Salitre, Santa Rosa, Sucre, Tosagua, Urdaneta, Vinces (Adm2)."
2008-0048-ECU,2008,48,FL-2008-000018,Natural,Hydrological,Flood,Riverine flood,,,Ecuador,ECU,South America,Americas,"Samborondon, Salitre, Daule, San Jacinto de Yaguachi, Alfredo Baquerizo Moreno, Santa Lucia districts (Guayas province), Chone, Tosagua districts (Manabi province), Babahoyo, Baba, Montalvo, Vinces, Urdaneta districts (Los Rios province), Azuay, Esmeraldas, El Oro, Santa Elena, Carchi, Cotopaxi, Canar, Chimborazo, Loja, Bolivar, Imbabura, Pincincha provinces","Heavy rain, La Nina","Slide (land, mud, snow, rock)",,Yes,Yes,Yes,7019.0,75830.0,Km2,-1.25,-79.66,,"Bulubulu, Chimbo",2008,1.0,30.0,2008,3.0,3.0,41.0,,275000.0,14122.0,289122.0,,,,,1000000.0,1258553.0,79.4563043953641,1;2,1135;1136;1137;1138;1139;1140;1141;1142;1145;1146;22006;22007,15414;15419;15434;15436;15438;15439;15461;15462;15464;15468;15470;15473;15487,"Azuay, Bolivar, Canar, Carchi, Chimborazo, Cotopaxi, El Oro, Esmeraldas, Imbabura, Loja, Pichincha, Santa Elena (Adm1). Alfredo Baquerizo Moreno, Baba, Babahoyo, Chone, Daule, Montalvo, Salitre, Samborondon, San Jacinto de Yaguachi, Santa Lucia, Tosagua, Urdaneta, Vinces (Adm2)."
2009-0088-ECU,2009,88,,Natural,Hydrological,Flood,Riverine flood,,,Ecuador,ECU,South America,Americas,"Montanita area (Santa Elena district, Santa Elena province), 3 de Noviembre area (El Guabo district, El Oro province), Taura, Naranjal, Puerto Inca, Lechugal areas (Naranjal district, Guayas province), El Triunfo, Colimes, Daule, San Jacinto de Yaguachi, Duran, Salitre districts (Guayas province), Machala, Balsas, El Guabo districts (El Oro province), Quevedo, Mocache, Babahoyo, Baba, Montalvo, Vinces, Urdaneta districts (Los Rios province), Echeandia district (Bolivar province), Santo Domingo district (Santo Domingo de los Tsachilas province), Salinas, La Libertad districts (Santa Elena province), Quininde, San Lorenzo, Eloy Alfaro, Esmeraldas districts (Esmeraldas province), Quito district (Pichincha province), Latacunga, La Mana districts (Cotopaxi province), Manta, 24 de Mayo, Flavio Alfaro, Sucre, Chone districts (Manabi province), Tollo Intag village (Cotacachi districts, Imbabura province), Chimborazo, Canar provinces",Heavy rains,,,,,Yes,,,Km2,,,,,2009,1.0,19.0,2009,3.0,2.0,3.0,2.0,11805.0,,11807.0,,,,,,,79.1738027553029,1;2,1137;1139,15336;15361;15362;15370;15372;15376;15385;15390;15417;15419;15420;15422;15424;15433;15435;15438;15439;15441;15461;15462;15464;15468;15470;15471;15473;15475;15479;15512;15514;22032;22044;22046;22050;22051;22063,"Canar, Chimborazo (Adm1). 24 de Mayo, Baba, Babahoyo, Balsas, Chone, Colimes, Cotacachi, Daule, Duran, Echeandia, El Guabo, El Triunfo, Eloy Alfaro, Esmeraldas, Flavio Alfaro, La Libertad, La Mana, Latacunga, Machala, Manta, Mocache, Montalvo, Naranjal, Quevedo, Quininde, Quito, Salinas, Salitre, San Jacinto de Yaguachi, San Lorenzo, Santa Elena, Santo Domingo, Sucre, Urdaneta, Vinces (Adm2)."
2010-0270-ECU,2010,270,FL-2010-000023,Natural,Hydrological,Flood,Riverine flood,,,Ecuador,ECU,South America,Americas,Tena district (Napo province),Torrential rainfall,,,,,Yes,,,Km2,,,,Napo river,2010,4.0,6.0,2010,4.0,6.0,2.0,,6440.0,,6440.0,,,,,,,80.472285151979,2,,22074,Tena (Adm2).
2012-0071-ECU,2012,71,FL-2012-000013,Natural,Hydrological,Flood,Riverine flood,,,Ecuador,ECU,South America,Americas,"Candilejo Arriba, Tierra o Muerte, Paula Leon, Santa Lucia, Porvenir, La Chontilla, El Jovito areas (Salitre district, Guayas province), Porvenir, El Tropezon, La Carmela de abajo, San Isidro areas (Babahoyo district, Los Rios province), (Pajarito de Abajo, La Yuca, La Palmira, Hiyerones, Independencia areas (Mocache districts, Los Rios province), Manabi, Santa Elena, Azuay, Canar, Cotopaxi, El Oro, Esmeraldas, Loja provinces","Heavy rains, La Nina","Slide (land, mud, snow, rock)",,,,Yes,,39793.0,Km2,-0.5987,-79.5,,,2012,1.0,1.0,2012,3.0,26.0,29.0,70.0,71790.0,,71860.0,,,,,,,84.7304788978789,1;2,1135;1137;1140;1141;1142;1146;1148;22007,15438;15462;22050,"Azuay, Canar, Cotopaxi, El Oro, Esmeraldas, Loja, Manabi, Santa Elena (Adm1). Babahoyo, Mocache, Salitre (Adm2)."
2015-0114-ECU,2015,114,,Natural,Hydrological,Flood,Riverine flood,,,Ecuador,ECU,South America,Americas,"Santo Domingo district (Santo Domino de los Tsachilas province), Santa Rosa district (El Oro province), Chillanes district (Bolivar province), Pichincha, Los Rios, Esmeraldas, Napo provinces",Heavy rain,"Slide (land, mud, snow, rock)",,,,,,,Km2,,,,,2015,3.0,23.0,2015,3.0,23.0,12.0,,1185.0,,1185.0,,,,,,,87.4699322108025,1;2,1142;1147;1150;22006,15334;15382;15514,"Esmeraldas, Los Rios, Napo, Pichincha (Adm1). Chillanes, Santa Rosa, Santo Domingo (Adm2)."
2016-0032-ECU,2016,32,,Natural,Hydrological,Flood,Flash flood,,,Ecuador,ECU,South America,Americas,"Guayas, Bolívar, Esmeraldas, Cotopaxi, Los Ríos, Manabí, Imbabura, Santo Domingo de los Tsáchilas, El Oro provinces",Heavy rainfall,,,,,,,69542.0,Km2,-0.786,-79.701,,"Chone, Esmeraldas, Guayaqui",2016,1.0,1.0,2016,1.0,25.0,9.0,,10000.0,,10000.0,,,,,10000.0,11290.0,88.573452875574,1,1136;1140;1141;1142;1145;1147;1148;22005;22008,,"Bolivar, Cotopaxi, El Oro, Esmeraldas, Guayas, Imbabura, Los Rios, Manabi, Santo Domingo de los Tsachilas (Adm1)."
2016-0039-ECU,2016,39,,Natural,Hydrological,Flood,Riverine flood,,,Ecuador,ECU,South America,Americas,"Atacames, Rioverde, Esmeraldas districts (Esmeraldas province)",Heavy rains,"Slide (land, mud, snow, rock)",,,,Yes,,,Km2,,,,"Esmeraldas, Muisne, Quininde, San Lorenzo, Eloy Alfaro, Rio Verde and Atacames rivers",2016,1.0,24.0,2016,1.0,26.0,,,23955.0,,23955.0,,,,,,,88.573452875574,2,,15384;22044;22047,"Atacames, Esmeraldas, Rioverde (Adm2)."
2019-0078-ECU,2019,78,,Natural,Hydrological,Flood,,,,Ecuador,ECU,South America,Americas,"La Delia, El Colorado (Los Rios Province); Santa Ana Canton, Manabí, Pastaza provinces",Heavy rains,,,,,,,,Km2,,,,Portoviejo River,2019,2.0,21.0,2019,3.0,5.0,14.0,,3000.0,,3000.0,,,,,,,94.3490924994534,1,1147;1148;1152,,"Los Rios, Manabi, Pastaza (Adm1)."
2020-0072-ECU,2020,72,,Natural,Hydrological,Flood,,,,Ecuador,ECU,South America,Americas,"Machala City (El Oro Province); Manabí,Morona Santiago Provinces",Heavy rains,,,,,,,,Km2,,,,,2020,2.0,22.0,2020,2.0,24.0,,,,,,,,,,,,95.5129674174503,1;2,1148;1149,15376,"Manabi, Morona Santiago (Adm1). Machala (Adm2)."
2021-0092-ECU,2021,92,,Natural,Hydrological,Flood,,,,Ecuador,ECU,South America,Americas,Piñas Canton (El Oro); Chunchi Canton (Chimborazo),Heavy rains,"Slide (land, mud, snow, rock)",,,,,,,Km2,,,,,2021,2.0,1.0,2021,3.0,14.0,6.0,3.0,18000.0,,18003.0,,,,,,,100.0,2,,15353;15380,"Chunchi, Pinas (Adm2)."
2021-0280-ECU,2021,280,,Natural,Hydrological,Flood,Riverine flood,,,Ecuador,ECU,South America,Americas,Cuenca Canton (Azuay Province),Heavy rains,,,,,,,,Km2,,,,Tarqui River,2021,5.0,15.0,2021,5.0,16.0,,,461.0,,461.0,,,,,,,100.0,2,,15321,Cuenca (Adm2).
2022-0068-ECU,2022,68,FL-2022-000164,Natural,Hydrological,Flood,,,,Ecuador,ECU,South America,Americas,"Guayas, Cotopaxi, El Oro and Los Ríos; Quito (Pichincha)",Heavy rains,,,,,,,,Km2,,,,,2022,1.0,28.0,2022,2.0,7.0,29.0,52.0,7270.0,,7322.0,,,,,50000.0,,,1;2,1140;1141;1147;22005,15512,"Cotopaxi, El Oro, Guayas, Los Rios (Adm1). Quito (Adm2)."
2022-0133-ECU,2022,133,,Natural,Hydrological,Flood,,,,Ecuador,ECU,South America,Americas,"Cotopaxi, Azuay, Chimborazo, El Oro, Esmeraldas, Guayas, Los Ríos, Pichincha Provinces",Torrential rains,"Slide (land, mud, snow, rock)",,,,,,,Km2,,,,,2022,3.0,7.0,2022,3.0,8.0,,,600.0,,600.0,,,,,,,,1,1135;1139;1140;1141;1147;22005;22006,,"Azuay, Chimborazo, Cotopaxi, El Oro, Guayas, Los Rios, Pichincha (Adm1)."
2022-0178-ECU,2022,178,,Natural,Hydrological,Flood,,,,Ecuador,ECU,South America,Americas,Azuay Province,Heavy rains,"Slide (land, mud, snow, rock)",,,,,,,Km2,,,,,2022,3.0,27.0,2022,3.0,28.0,4.0,27.0,81.0,,108.0,,,,,,,,1,1135,,Azuay (Adm1).
2022-0406-ECU,2022,406,,Natural,Hydrological,Flood,Riverine flood,,,Ecuador,ECU,South America,Americas,"Pastaza, Zamora Chinchipe, Azuay, Chimborazo,Tungurahua provinces",Heavy rains,"Slide (land, mud, snow, rock)",,,,,,,Km2,,,,Pastaza Rive,2022,7.0,3.0,2022,7.0,5.0,3.0,,600.0,,600.0,,,,,,,,1,1135;1139;1152;1155;1156,,"Azuay, Chimborazo, Pastaza, Tungurahua, Zamora Chinchipe (Adm1)."
