Dis No,Year,Seq,Glide,Disaster Group,Disaster Subgroup,Disaster Type,Disaster Subtype,Disaster Subsubtype,Event Name,Country,ISO,Region,Continent,Location,Origin,Associated Dis,Associated Dis2,OFDA Response,Appeal,Declaration,AID Contribution ('000 US$),Dis Mag Value,Dis Mag Scale,Latitude,Longitude,Local Time,River Basin,Start Year,Start Month,Start Day,End Year,End Month,End Day,Total Deaths,No Injured,No Affected,No Homeless,Total Affected,Reconstruction Costs ('000 US$),"Reconstruction Costs, Adjusted ('000 US$)",Insured Damages ('000 US$),"Insured Damages, Adjusted ('000 US$)",Total Damages ('000 US$),"Total Damages, Adjusted ('000 US$)",CPI,Adm Level,Admin1 Code,Admin2 Code,Geo Locations
1909-0017-USA,1909,17,,Natural,Hydrological,Flood,Coastal flood,,,United States of America (the),USA,Northern America,Americas,Louisiana,Meteorological,,,,No,No,,,Km2,,,,,1909,9.0,22.0,1909,9.0,22.0,72.0,,,,,,,,,,,3.3232581812022,,,,
1972-0037-USA,1972,37,,Natural,Hydrological,Flood,,,,United States of America (the),USA,Northern America,Americas,"Rapid city (South Dakota), Buffalo Creek (West Virginia)",,,,,,,,,Km2,,,,,1972,6.0,9.0,1972,6.0,9.0,237.0,,3000.0,,3000.0,,,,,120000.0,777593.0,15.4322326700197,,,,
1976-0051-USA,1976,51,,Natural,Hydrological,Flood,,,,United States of America (the),USA,Northern America,Americas,Colorado (Big Thompson Canyon),,,,,,,,,Km2,,,,,1976,7.0,31.0,1976,7.0,31.0,139.0,,,,,,,,,41000.0,195222.0,21.0017319046578,,,,
1977-0089-USA,1977,89,,Natural,Hydrological,Flood,Flash flood,,,United States of America (the),USA,Northern America,Americas,Johnstown (Pennsylvania),,,,,,,,,Km2,,,,,1977,7.0,22.0,1977,7.0,22.0,76.0,,2700.0,,2700.0,,,,,200000.0,894167.0,22.367198775421,,,,
1977-0118-USA,1977,118,,Natural,Hydrological,Flood,Flash flood,,,United States of America (the),USA,Northern America,Americas,Kansas city (Kansas),,,,,,,,,Km2,,,,,1977,9.0,12.0,1977,9.0,12.0,25.0,,,,,,,,,,,22.367198775421,,,,
1980-0294-USA,1980,294,,Natural,Hydrological,Flood,,,,United States of America (the),USA,Northern America,Americas,"Arizona, Phoenix",,,,,,,,,Km2,,,,,1980,2.0,17.0,1980,2.0,17.0,,,10000.0,,10000.0,,,,,,,30.4123857424011,,,,
1980-0295-USA,1980,295,,Natural,Hydrological,Flood,,,,United States of America (the),USA,Northern America,Americas,South California,,,,,,,,,Km2,,,,,1980,2.0,19.0,1980,2.0,19.0,36.0,,100000.0,6000.0,106000.0,,,,,350000.0,1150847.0,30.4123857424011,,,,
1980-0257-USA,1980,257,,Natural,Hydrological,Flood,,,,United States of America (the),USA,Northern America,Americas,Washington state,,,,,,,,,Km2,,,,,1980,11.0,24.0,1980,11.0,24.0,,,1000.0,,1000.0,,,,,,,30.4123857424011,,,,
1982-0353-USA,1982,353,,Natural,Hydrological,Flood,,,,United States of America (the),USA,Northern America,Americas,California,,,,,,,,,Km2,,,,,1982,1.0,3.0,1982,1.0,3.0,,,,,,,,,,33900.0,95190.0,35.6128405860485,,,,
1983-0473-USA,1983,473,,Natural,Hydrological,Flood,,,,United States of America (the),USA,Northern America,Americas,Arizona,,,,,,,,,Km2,,,,,1983,10.0,3.0,1983,10.0,3.0,10.0,,,,,,,,,100000.0,272058.0,36.7568773234201,,,,
1985-0166-USA,1985,166,,Natural,Hydrological,Flood,Riverine flood,,,United States of America (the),USA,Northern America,Americas,"Rome, Peoria, Liverpool, Chillicothe, Meredosia (Illinois)",,,,,,,,26270.0,Km2,,,,,1985,3.0,3.0,1985,3.0,3.0,4.0,,2400.0,,2400.0,,,,,,,39.696934178876,,,,
1985-0002-USA,1985,2,,Natural,Hydrological,Flood,Riverine flood,,,United States of America (the),USA,Northern America,Americas,"Monroe, Macomb, Wayne counties (Michigan), Toledo (Ohio)",,,,,,,,16880.0,Km2,,,,,1985,3.0,30.0,1985,3.0,30.0,,,300.0,,300.0,,,,,,,39.696934178876,,,,
1985-0003-USA,1985,3,,Natural,Hydrological,Flood,Riverine flood,,,United States of America (the),USA,Northern America,Americas,"San Patricio, Nueces counties (Texas)",,,,,,,,17190.0,Km2,,,,,1985,4.0,11.0,1985,4.0,11.0,1.0,,200.0,,200.0,,,,,,,39.696934178876,,,,
1985-0005-USA,1985,5,,Natural,Hydrological,Flood,Riverine flood,,,United States of America (the),USA,Northern America,Americas,Marquette county (Michigan),,,,,,,,5120.0,Km2,,,,,1985,4.0,24.0,1985,4.0,24.0,,,400.0,,400.0,,,,,400.0,1008.0,39.696934178876,,,,
1986-0030-USA,1986,30,,Natural,Hydrological,Flood,,,,United States of America (the),USA,Northern America,Americas,"Californie, Nevada, Oregon, Wyoming, Colorado",,,,,,,,,Km2,,,,,1986,2.0,13.0,1986,2.0,13.0,13.0,,,,,,,,,,,40.4504089219331,,,,
1988-0141-USA,1988,141,,Natural,Hydrological,Flood,,,,United States of America (the),USA,Northern America,Americas,Oklahoma,,,,,,,,,Km2,,,,,1988,3.0,28.0,1988,3.0,28.0,,,,,,,,100000.0,229134.0,,,43.6426415919528,,,,
1988-0157-USA,1988,157,,Natural,Hydrological,Flood,,,,United States of America (the),USA,Northern America,Americas,"Illinois, Indiana, Michigan",,,,,,,,,Km2,,,,,1988,4.0,5.0,1988,4.0,5.0,,,,,,,,60000.0,137480.0,,,43.6426415919528,,,,
1988-0229-USA,1988,229,,Natural,Hydrological,Flood,,,,United States of America (the),USA,Northern America,Americas,Nouveau-Mexique,,,,,,,,,Km2,,,,,1988,5.0,30.0,1988,5.0,30.0,,,,,,,,20000.0,45827.0,,,43.6426415919528,,,,
1990-0707-USA,1990,707,,Natural,Hydrological,Flood,Riverine flood,,,United States of America (the),USA,Northern America,Americas,"Washington, Oregon, Idaho, Montana, Wyoming, Colorado",Heavy rain,Rain,,,No,Yes,,86750.0,Km2,,,,"Chehalis, Skookumchuk rivers",1990,1.0,9.0,1990,1.0,11.0,3.0,,3000.0,,3000.0,,,45000.0,93325.0,45000.0,93325.0,48.2187972884321,,,,
1990-0708-USA,1990,708,,Natural,Hydrological,Flood,Riverine flood,,,United States of America (the),USA,Northern America,Americas,Baton Rouge (Louisiana),Heavy rain,,,,No,No,,,Km2,,,,,1990,1.0,25.0,1990,1.0,27.0,,,150.0,,150.0,,,,,,,48.2187972884321,,,,
1990-0713-USA,1990,713,,Natural,Hydrological,Flood,Flash flood,,,United States of America (the),USA,Northern America,Americas,"Vicksburg (Warren county, Mississippi)",Brief torrential rain,,,,No,Yes,,,Km2,,,,Mississippi river,1990,5.0,31.0,1990,6.0,2.0,,,200.0,,200.0,,,,,,,48.2187972884321,,,,
1990-0073-USA,1990,73,,Natural,Hydrological,Flood,,,,United States of America (the),USA,Northern America,Americas,Shadyside (Ohio state),,,,,,,,,Km2,,,,,1990,6.0,21.0,1990,6.0,21.0,35.0,,,,,,,,,,,48.2187972884321,,,,
1991-0487-USA,1991,487,,Natural,Hydrological,Flood,,,,United States of America (the),USA,Northern America,Americas,"Californie, Nevada",,,,,,,,,Km2,,,,,1991,3.0,2.0,1991,3.0,2.0,,,,,,,,40000.0,79585.0,,,50.2608528318391,,,,
1991-0490-USA,1991,490,,Natural,Hydrological,Flood,Riverine flood,,,United States of America (the),USA,Northern America,Americas,"Arkansas, Oklahoma, Texas, Indiana, Iowa, Mississippi, Tennessee, Illinois, Kentucky, Missouri",,,,,No,No,,,Km2,,,,,1991,3.0,21.0,1991,3.0,21.0,,,,,,,,85000.0,169118.0,,,50.2608528318391,,,,
1991-0491-USA,1991,491,,Natural,Hydrological,Flood,Riverine flood,,,United States of America (the),USA,Northern America,Americas,"Kansas, Missouri, Ohio, Illinois, Wisconsin, New York, Indiana, Tennessee, Michigan, Alabama, Pennsylvanie, Kentucky",,,,,,,,,Km2,,,,,1991,3.0,26.0,1991,3.0,26.0,,,,,,,,210000.0,417820.0,,,50.2608528318391,,,,
1991-0492-USA,1991,492,,Natural,Hydrological,Flood,Riverine flood,,,United States of America (the),USA,Northern America,Americas,"Alabama, Georgie, North + South Carolina",,,,,,,,,Km2,,,,,1991,3.0,28.0,1991,3.0,28.0,,,,,,,,70000.0,139273.0,,,50.2608528318391,,,,
1991-0493-USA,1991,493,,Natural,Hydrological,Flood,Riverine flood,,,United States of America (the),USA,Northern America,Americas,"Tennessee, Pennsylvanie, West Virginia, Kentucky",,,,,,,,,Km2,,,,,1991,4.0,8.0,1991,4.0,8.0,,,,,,,,60000.0,119377.0,,,50.2608528318391,,,,
1991-0494-USA,1991,494,,Natural,Hydrological,Flood,Riverine flood,,,United States of America (the),USA,Northern America,Americas,"Nebraska, Kansas, Texas, Oklahoma, Louisiane, Arkansas, Mississippi",,,,,,,,,Km2,,,,,1991,4.0,11.0,1991,4.0,11.0,,,,,,,,80000.0,159170.0,,,50.2608528318391,,,,
1991-0496-USA,1991,496,,Natural,Hydrological,Flood,Riverine flood,,,United States of America (the),USA,Northern America,Americas,"Texas, Arizona, Floride, Louisiane, Mississippi, Alabama, Georgie",,,,,,,,,Km2,,,,,1991,4.0,18.0,1991,4.0,18.0,,,,,,,,100000.0,198962.0,,,50.2608528318391,,,,
1991-0499-USA,1991,499,,Natural,Hydrological,Flood,Riverine flood,,,United States of America (the),USA,Northern America,Americas,"Texas, Floride, Louisiane",,,,,,,,,Km2,,,,,1991,4.0,24.0,1991,4.0,24.0,,,,,,,,33000.0,65657.0,,,50.2608528318391,,,,
1991-0501-USA,1991,501,,Natural,Hydrological,Flood,Riverine flood,,,United States of America (the),USA,Northern America,Americas,"Texas, Alabama, Georgie, Louisiane, Mississ Ippi, Arkansas, Missouri, Kansas, Illinois, Nebraska, Oklahoma",,,,,,,,,Km2,,,,,1991,5.0,2.0,1991,5.0,2.0,,,,,,,,60000.0,119377.0,,,50.2608528318391,,,,
1991-0502-USA,1991,502,,Natural,Hydrological,Flood,Riverine flood,,,United States of America (the),USA,Northern America,Americas,"North + South Dakota, Nebraska",,,,,,,,,Km2,,,,,1991,5.0,10.0,1991,5.0,10.0,,,,,,,,50000.0,99481.0,,,50.2608528318391,,,,
1991-0503-USA,1991,503,,Natural,Hydrological,Flood,Riverine flood,,,United States of America (the),USA,Northern America,Americas,"Illinois, Indiana, Iowa, Wyoming, Colorado, Oklahoma, Kansas, Missouri, Nebraska",,,,,,,,,Km2,,,,,1991,5.0,15.0,1991,5.0,15.0,,,,,,,,85000.0,169118.0,,,50.2608528318391,,,,
1991-0504-USA,1991,504,,Natural,Hydrological,Flood,Riverine flood,,,United States of America (the),USA,Northern America,Americas,Texas,,,,,,,,,Km2,,,,,1991,5.0,21.0,1991,5.0,21.0,,,,,,,,85000.0,169118.0,,,50.2608528318391,,,,
1991-0505-USA,1991,505,,Natural,Hydrological,Flood,Riverine flood,,,United States of America (the),USA,Northern America,Americas,"Colorado, Texas, Kansas, Oklahoma, Missouri",,,,,,,,,Km2,,,,,1991,5.0,23.0,1991,5.0,23.0,,,,,,,,80000.0,159170.0,,,50.2608528318391,,,,
1991-0776-USA,1991,776,,Natural,Hydrological,Flood,,,,United States of America (the),USA,Northern America,Americas,Texas,,,,,No,No,,,Km2,,,,,1991,12.0,18.0,1992,1.0,10.0,15.0,,,,,,,,,850000.0,1691177.0,50.2608528318391,,,,
1993-0420-USA,1993,420,,Natural,Hydrological,Flood,Riverine flood,,,United States of America (the),USA,Northern America,Americas,"California, Arizona, Nevada, Utah",Heavy rain,,,,No,No,,,Km2,,,,"Tijuana, Mojave, Gila, Salt, San Francisco",1993,1.0,6.0,1993,1.0,20.0,43.0,,6000.0,,6000.0,,,,,100000.0,187576.0,53.3116203804942,,,,
1993-0421-USA,1993,421,,Natural,Hydrological,Flood,Flash flood,,,United States of America (the),USA,Northern America,Americas,"Louisiana, Minnesota, Iowa, Ohio, Virginia",Brief torrential rain,,,,No,No,,42380.0,Km2,,,,,1993,1.0,20.0,1993,1.0,21.0,,,200.0,,200.0,,,175000.0,328259.0,,,53.3116203804942,,,,
1993-0099-USA,1993,99,,Natural,Hydrological,Flood,,,,United States of America (the),USA,Northern America,Americas,Washington,,,,,,,,,Km2,,,,,1993,1.0,20.0,1993,1.0,20.0,5.0,,,,,,,,,,,53.3116203804942,,,,
1993-0123-USA,1993,123,,Natural,Hydrological,Flood,,,,United States of America (the),USA,Northern America,Americas,,,,,,,,,,Km2,,,,,1993,2.0,28.0,1993,2.0,28.0,,,5200.0,,5200.0,,,,,190000.0,356395.0,53.3116203804942,,,,
1993-0126-USA,1993,126,,Natural,Hydrological,Flood,Riverine flood,,,United States of America (the),USA,Northern America,Americas,"Boyd, Butler, Colfax, Cuming, Dodge, Merrick, Platte, Sarpy, Saunders, Seward and Stanton (Eastern Nebraska)",Snowmelt,,,,No,No,,25230.0,Km2,,,,"Platte, Elkhorn, Loup and Wood rivers",1993,3.0,7.0,1993,3.0,12.0,2.0,,1500.0,,1500.0,,,,,,,53.3116203804942,,,,
1993-0043-USA,1993,43,,Natural,Hydrological,Flood,Riverine flood,,,United States of America (the),USA,Northern America,Americas,"Okhlahoma, Minnesota, Wisconsin, Iowa, Illinois, Missouri, South Dakota, North Dakota, Nebraska and Kansas",Heavy rain,,,,No,No,,445000.0,Km2,,,,"Iowa, Des Moines, Mississippi, Raccoon, Cedar, Rock, Illinois, Big Muddy, Missouri, Big Sioux, Red",1993,6.0,24.0,1993,8.0,23.0,48.0,,31000.0,,31000.0,,,755000.0,1416202.0,12000000.0,22509164.0,53.3116203804942,,,,
1994-0361-USA,1994,361,,Natural,Hydrological,Flood,Riverine flood,,,United States of America (the),USA,Northern America,Americas,"Houston, Galveston (Texas)",Heavy rain,Fire,,,No,No,,72990.0,Km2,,,,"San Jacinto, Neches, Brazos, Trinity",1994,10.0,17.0,1994,10.0,23.0,37.0,70.0,14000.0,,14070.0,,,700000.0,1279668.0,700000.0,1279668.0,54.7016925431883,,,,
1995-0045-USA,1995,45,,Natural,Hydrological,Flood,Riverine flood,,,United States of America (the),USA,Northern America,Americas,Louisiana (New orleans),Heavy rains,,,,No,No,,19340.0,Km2,,,,,1995,5.0,7.0,1995,5.0,13.0,6.0,,20000.0,,20000.0,,,,,3000000.0,5334633.0,56.2363000218675,,,,
1995-0046-USA,1995,46,,Natural,Hydrological,Flood,,,,United States of America (the),USA,Northern America,Americas,South Dakota,,,,,,,,,Km2,,,,,1995,5.0,8.0,1995,5.0,8.0,,,75000.0,,75000.0,,,,,,,56.2363000218675,,,,
1995-0488-USA,1995,488,,Natural,Hydrological,Flood,Riverine flood,,,United States of America (the),USA,Northern America,Americas,"Mississippi, Missouri, Illinois, Kansas, Nebarska, Oklahoma",Heavy rain,,,,No,No,,472100.0,Km2,,,,,1995,5.0,10.0,1995,6.0,1.0,3.0,,5000.0,,5000.0,,,,,10000.0,17782.0,56.2363000218675,,,,
1995-0483-USA,1995,483,,Natural,Hydrological,Flood,Riverine flood,,,United States of America (the),USA,Northern America,Americas,Alaska,Heavy rain,,,,No,No,,50390.0,Km2,,,,,1995,9.0,18.0,1995,10.0,16.0,,,300.0,,300.0,,,,,10000.0,17782.0,56.2363000218675,,,,
1995-0481-USA,1995,481,,Natural,Hydrological,Flood,Riverine flood,,,United States of America (the),USA,Northern America,Americas,"Wsahington, Oregon",Rain and snowmelt,,,,No,No,,111700.0,Km2,,,,"Skagit, Snohomish, Cowlitz",1995,11.0,28.0,1995,12.0,10.0,2.0,,15000.0,,15000.0,,,,,100000.0,177821.0,56.2363000218675,,,,
1996-0015-USA,1996,15,,Natural,Hydrological,Flood,Riverine flood,,,United States of America (the),USA,Northern America,Americas,"Nevada, Arizona, New Mexico, Texas, Arkansas, Mississippi, Missouri, Minnesota,Virginia, Maryland, Delaware, Pennsylvania, New Jersey, New York, Connecticut, Massachusetts",Snowmelt,,,,No,Yes,,136100.0,Km2,,,,"Ohio, Delaware, Schuylkill, Susquehanna, Allegheny, Monongahela, Neversink, Conhocton, Canisteo",1996,1.0,15.0,1996,1.0,21.0,35.0,,200000.0,,200000.0,,,395000.0,682391.0,700000.0,1209300.0,57.8847058823529,,,,
1996-0031-USA,1996,31,,Natural,Hydrological,Flood,Riverine flood,,,United States of America (the),USA,Northern America,Americas,"Washington, Oregon, Idaho, Montana","Heavy rains, Snowmlet",,,,No,No,,482600.0,Km2,,,,"Willamette, Columbia",1996,2.0,7.0,1996,2.0,13.0,7.0,,24900.0,,24900.0,,,80000.0,138206.0,500000.0,863786.0,57.8847058823529,,,,
1996-0494-USA,1996,494,,Natural,Hydrological,Flood,Riverine flood,,,United States of America (the),USA,Northern America,Americas,Western Pennsylvania,Heavy rain,,,,No,No,,53520.0,Km2,,,,Ohio,1996,7.0,18.0,1996,7.0,21.0,2.0,,115.0,,115.0,,,,,20000.0,34551.0,57.8847058823529,,,,
1996-0295-USA,1996,295,,Natural,Hydrological,Flood,Riverine flood,,,United States of America (the),USA,Northern America,Americas,"Washington, Oregon, Nevada, Idaho",Rain and snowmelt,Rain,,,No,No,,,Km2,,,,"Chehalis, Tualatin rivers",1996,12.0,27.0,1997,1.0,3.0,28.0,,18100.0,,18100.0,,,,,1500000.0,2591358.0,57.8847058823529,,,,
1997-0008-USA,1997,8,,Natural,Hydrological,Flood,Riverine flood,,,United States of America (the),USA,Northern America,Americas,"Nevada, Idaho, California",Heavy rain,"Slide (land, mud, snow, rock)",,,No,Yes,,156700.0,Km2,,,,"Napa, Russian, Sacramento, San JOaquin, Stanislaus, Tuolumme, Truckee",1997,1.0,1.0,1997,2.0,7.0,20.0,,125000.0,,125000.0,,,,,1500000.0,2532164.0,59.2378657336541,,,,
1997-0318-USA,1997,318,,Natural,Hydrological,Flood,Riverine flood,,,United States of America (the),USA,Northern America,Americas,"California, Nevada",,,,,,,,,Km2,,,,,1997,1.0,25.0,1997,1.0,25.0,,,,,,,,,,245000.0,413587.0,59.2378657336541,,,,
1997-0040-USA,1997,40,,Natural,Hydrological,Flood,Riverine flood,,,United States of America (the),USA,Northern America,Americas,"Kentucky, Ohio, Tennessee, Georgia, North Carolina, Pennsylvania, New Jersey, New York, Connecticut, Rhode Island, Maine",,,,,,,,,Km2,,,,,1997,3.0,8.0,1997,3.0,8.0,31.0,,,,,,,200500.0,338466.0,500000.0,844055.0,59.2378657336541,,,,
1997-0083-USA,1997,83,,Natural,Hydrological,Flood,,,,United States of America (the),USA,Northern America,Americas,"Grand Forks, Fargo",Snow melt,Fire,,,No,No,,,Km2,,,,,1997,4.0,17.0,1997,5.0,7.0,3.0,,50000.0,400.0,50400.0,,,225000.0,379825.0,5000000.0,8440547.0,59.2378657336541,,,,
1997-0127-USA,1997,127,,Natural,Hydrological,Flood,,,,United States of America (the),USA,Northern America,Americas,"Montana, Idaho, Washington",,,,,,,,,Km2,,,,,1997,6.0,13.0,1997,6.0,13.0,2.0,,200.0,,200.0,,,,,,,59.2378657336541,,,,
1997-0347-USA,1997,347,,Natural,Hydrological,Flood,Riverine flood,,,United States of America (the),USA,Northern America,Americas,Fort Collins (Northern Colorado),Heavy rain,,,,No,No,,15180.0,Km2,,,,Spring Creek,1997,7.0,25.0,1997,8.0,1.0,5.0,24.0,400.0,,424.0,,,25000.0,42203.0,100000.0,168811.0,59.2378657336541,,,,
1997-0172-USA,1997,172,,Natural,Hydrological,Flood,Riverine flood,,,United States of America (the),USA,Northern America,Americas,Narrow Canyon (Arizona),Heavy rain,,,,No,No,,,Km2,,,,,1997,8.0,10.0,1997,8.0,12.0,11.0,,350.0,,350.0,,,,,,,59.2378657336541,,,,
1997-0215-USA,1997,215,,Natural,Hydrological,Flood,,,,United States of America (the),USA,Northern America,Americas,Cook County,,,,,,,,,Km2,,,,,1997,8.0,21.0,1997,8.0,21.0,,,15000.0,,15000.0,,,,,,,59.2378657336541,,,,
1998-0008-USA,1998,8,,Natural,Hydrological,Flood,,,,United States of America (the),USA,Northern America,Americas,Alabama,,,,,,,,,Km2,,,,,1998,1.0,8.0,1998,1.0,8.0,7.0,,2200.0,,2200.0,,,,,,,60.1574108900066,,,,
1998-0066-USA,1998,66,,Natural,Hydrological,Flood,Riverine flood,,,United States of America (the),USA,Northern America,Americas,"S Alabama, N and C Georgia",Heavy rain,,,,No,No,,,Km2,,,,"Pea, Savannah, Ogeechee, Altamaha, Satilla, Suwannee, Albany, Dublin, Flint ,Oconee",1998,3.0,7.0,1998,3.0,13.0,11.0,,18000.0,,18000.0,,,,,270000.0,448823.0,60.1574108900066,,,,
1998-0606-USA,1998,606,,Natural,Hydrological,Flood,Riverine flood,,,United States of America (the),USA,Northern America,Americas,"Iowa, Indiana, , Illinois, Ohio, MI, Wisconsin",,,,,No,No,,,Km2,,,,,1998,6.0,13.0,1998,6.0,17.0,,,1000.0,,1000.0,,,200500.0,333292.0,200500.0,333292.0,60.1574108900066,,,,
1998-0199-USA,1998,199,,Natural,Hydrological,Flood,Flash flood,,,United States of America (the),USA,Northern America,Americas,"Hansas, IA, MO, Illinois, WI, Mississippi, Indiana, PA, New York, New Jersey, CT, RI, MA, Ohio, West virginia, Minnesota, Idaho, Vermont,",Brief torrential rain,Rain,,,No,Yes,,,Km2,,,,"Pocatalica, Zumbro, Peru Saranac Great Chazy and Ausable",1998,6.0,24.0,1998,7.0,1.0,11.0,,9000.0,5000.0,14000.0,,,450500.0,748869.0,469000.0,779621.0,60.1574108900066,,,,
1998-0200-USA,1998,200,,Natural,Hydrological,Flood,Flash flood,,,United States of America (the),USA,Northern America,Americas,Vermont,,,,,,,,,Km2,,,,,1998,6.0,29.0,1998,6.0,29.0,,,,,,,,,,,,60.1574108900066,,,,
1998-0605-USA,1998,605,,Natural,Hydrological,Flood,Flash flood,,,United States of America (the),USA,Northern America,Americas,"Illinois, Wisconsin, Indiana, MI",Brief torrential rain,,,,No,No,,,Km2,,,,,1998,8.0,4.0,1998,8.0,6.0,2.0,,600.0,,600.0,,,62500.0,103894.0,62500.0,103894.0,60.1574108900066,,,,
1998-0256-USA,1998,256,,Natural,Hydrological,Flood,Riverine flood,,,United States of America (the),USA,Northern America,Americas,Wisconsin,,,,,,,,,Km2,,,,,1998,8.0,7.0,1998,8.0,7.0,,,1200.0,,1200.0,,,,,60000.0,99738.0,60.1574108900066,,,,
1999-0740-USA,1999,740,,Natural,Hydrological,Flood,,,,United States of America (the),USA,Northern America,Americas,"Tillamook, Lincoln counties (Oregon coast)",,,,,No,No,,,Km2,,,,,1999,11.0,26.0,1999,11.0,28.0,,,100.0,,100.0,,,,,300.0,488.0,61.473667176908,,,,
2000-0080-USA,2000,80,,Natural,Hydrological,Flood,Riverine flood,,,United States of America (the),USA,Northern America,Americas,"Kentucky, Ohio provinces",Heavy rain,"Slide (land, mud, snow, rock)",,,,,,55000.0,Km2,,,,"Licking River, Ohio River, Scioto River",2000,2.0,18.0,2000,2.0,22.0,3.0,,231.0,,231.0,,,,,,,63.5495473431008,1,3231;3249,,"Kentucky, Ohio (Adm1)."
2000-0232-USA,2000,232,,Natural,Hydrological,Flood,Flash flood,,,United States of America (the),USA,Northern America,Americas,"Franklin, Jefferson districts (Missouri province)",Brief torrential rain,,,,,,,,Km2,,,,"Flat Creek, Bourbeuse, Big and Meramec rivers",2000,5.0,6.0,2000,5.0,9.0,2.0,,,2000.0,2000.0,,,,,,,63.5495473431008,2,,30196;30210,"Franklin, Jefferson (Adm2)."
2000-0271-USA,2000,271,,Natural,Hydrological,Flood,Flash flood,,,United States of America (the),USA,Northern America,Americas,Oklahoma province,Brief torrential rain,,,,,,,,Km2,,,,"Polecat Creek, Bird Creek, Neosho River, and Caney River",2000,5.0,6.0,2000,5.0,9.0,1.0,,300.0,,300.0,,,,,,,63.5495473431008,1,3250,,Oklahoma (Adm1).
2000-0296-USA,2000,296,,Natural,Hydrological,Flood,,,,United States of America (the),USA,Northern America,Americas,Liberty district (Texas province),,,,,,,,,Km2,,,,,2000,5.0,19.0,2000,5.0,19.0,,,240.0,,240.0,,,,,,,63.5495473431008,2,,31345,Liberty (Adm2).
2000-0297-USA,2000,297,,Natural,Hydrological,Flood,,,,United States of America (the),USA,Northern America,Americas,"Franklin, Jefferson, Gasconade districts (Missouri province)",,,,,,,,,Km2,,,,,2000,5.0,23.0,2000,5.0,23.0,2.0,,300.0,,300.0,,,,,100000.0,157358.0,63.5495473431008,2,,30196;30197;30210,"Franklin, Gasconade, Jefferson (Adm2)."
2000-0502-USA,2000,502,,Natural,Hydrological,Flood,,,,United States of America (the),USA,Northern America,Americas,Pennsylvania province,,,,,,,,,Km2,,,,,2000,7.0,30.0,2000,7.0,30.0,,,300.0,,300.0,,,,,,,63.5495473431008,1,3252,,Pennsylvania (Adm1).
2000-0500-USA,2000,500,,Natural,Hydrological,Flood,Riverine flood,,,United States of America (the),USA,Northern America,Americas,"Morris, Sussex districts (New Jersey province)",Heavy rain,"Slide (land, mud, snow, rock)",,,,,,,Km2,,,,,2000,8.0,12.0,2000,8.0,14.0,,,175.0,,175.0,,,,,166000.0,261214.0,63.5495473431008,2,,30464;30469,"Morris, Sussex (Adm2)."
2000-0865-USA,2000,865,,Natural,Hydrological,Flood,Riverine flood,,,United States of America (the),USA,Northern America,Americas,Maui district (Hawaii province),Heavy rains,,,,,,,86.0,Km2,,,,,2000,11.0,2.0,2000,11.0,2.0,,,100.0,,100.0,,,,,20000.0,31472.0,63.5495473431008,2,,29228,Maui (Adm2).
2001-0262-USA,2001,262,,Natural,Hydrological,Flood,Riverine flood,,,United States of America (the),USA,Northern America,Americas,"Cleveland area (Henry district, Illinois province), Barstow, Osborn areas (Rock Island district, Illinois province)",Ice jam/break,,,,,,,24.0,Km2,,,,ROck river,2001,2.0,27.0,2001,3.0,1.0,,,200.0,,200.0,,,,,,,65.345558714192,2,,29309;29353,"Henry, Rock Island (Adm2)."
2001-0268-USA,2001,268,,Natural,Hydrological,Flood,Riverine flood,,,United States of America (the),USA,Northern America,Americas,"Minnesota, Iowa, Wisconsin, Illinois provinces",Snowmelt,,,,,,,63380.0,Km2,,,,"Minnesota, Mississippi, St. Croix and Red",2001,4.0,15.0,2001,5.0,15.0,1.0,,4400.0,,4400.0,,,,,13000.0,19894.0,65.345558714192,1,3227;3229;3237;3263,,"Illinois, Iowa, Minnesota, Wisconsin (Adm1)."
2001-0460-USA,2001,460,,Natural,Hydrological,Flood,Riverine flood,,,United States of America (the),USA,Northern America,Americas,Virginia province,Heavy rain,"Slide (land, mud, snow, rock)",,,,,,8530.0,Km2,,,,"Mullens, Pineville, Welch, Corinne, Kimble, Dorothy. Guyandotte and Tug Fork rivers",2001,7.0,8.0,2001,7.0,9.0,2.0,,10500.0,4500.0,15000.0,,,,,20000.0,30607.0,65.345558714192,1,3260,,Virginia (Adm1).
2001-0724-USA,2001,724,,Natural,Hydrological,Flood,Riverine flood,,,United States of America (the),USA,Northern America,Americas,Texas province,Heavy rain,,,,,,,7730.0,Km2,,,,"Nueces, Colorado, Guadalupe, Mission, Frio, San Antonio Oso Creek in Corpus Christi, Yegya Creek.",2001,11.0,15.0,2001,11.0,19.0,9.0,,600.0,,600.0,,,,,,,65.345558714192,1,3257,,Texas (Adm1).
2002-0183-USA,2002,183,,Natural,Hydrological,Flood,Riverine flood,,,United States of America (the),USA,Northern America,Americas,"Tennessee, Virginia, Kentucky, Ohio, Arkansas, Oklahoma, Texas provinces",Heavy rain,,,,,,,35390.0,Km2,,,,"Cumberland, Kentucky and Licking, Tygart and Triplett Creeks, Cumberland, Powell, Clinch, north fork of Holston, Powell, North Fork, Ohio, Buffalo and Black rivers, Poteau, Trinity",2002,3.0,17.0,2002,3.0,24.0,7.0,,,,,,,,,,,66.3819636999782,1,3217;3231;3249;3250;3256;3257;3260,,"Arkansas, Kentucky, Ohio, Oklahoma, Tennessee, Texas, Virginia (Adm1)."
2002-0266-USA,2002,266,,Natural,Hydrological,Flood,Riverine flood,,,United States of America (the),USA,Northern America,Americas,"Pike district (Kentucky province), Virginia province",Heavy rain,,,,,,,,Km2,,,,"Tug Fork of the Big Sandy River, Knox Creek",2002,5.0,2.0,2002,5.0,8.0,9.0,,1000.0,,1000.0,,,,,13000.0,19584.0,66.3819636999782,1;2,3260,29768,Virginia (Adm1). Pike (Adm2).
2002-0411-USA,2002,411,,Natural,Hydrological,Flood,Riverine flood,,,United States of America (the),USA,Northern America,Americas,"Comal, Guadalupe, Bandera, Uvalde, McMullen, Taylor districts (Texas province)",Heavy rain,,,,,,,108300.0,Km2,,,,"San Antonio, Medina, San Marcos, Sabinal, Frio, Pedernales, Nueces, Guadalupe, Blanco, Atascosa",2002,6.0,30.0,2002,7.0,23.0,10.0,,144000.0,,144000.0,,,200500.0,302040.0,1000000.0,1506433.0,66.3819636999782,2,,31209;31245;31293;31361;31420;31431,"Bandera, Comal, Guadalupe, McMullen, Taylor, Uvalde (Adm2)."
2002-0600-USA,2002,600,,Natural,Hydrological,Flood,Riverine flood,,,United States of America (the),USA,Northern America,Americas,Georgia province,Heavy rain,,,,,,,5460.0,Km2,,,,,2002,9.0,21.0,2002,9.0,24.0,,,750.0,,750.0,,,,,,,66.3819636999782,1,3224,,Georgia (Adm1).
2003-0756-USA,2003,756,,Natural,Hydrological,Flood,Riverine flood,,,United States of America (the),USA,Northern America,Americas,"Tennessee, Alabama, Georgia provinces",Heavy rains,,,,,,,272100.0,Km2,,,,,2003,5.0,6.0,2003,5.0,14.0,3.0,,2000.0,,2000.0,,,,,17000.0,25041.0,67.8888956921058,1,3214;3224;3256,,"Alabama, Georgia, Tennessee (Adm1)."
2003-0334-USA,2003,334,,Natural,Hydrological,Flood,Riverine flood,,,United States of America (the),USA,Northern America,Americas,"Allen, Carroll, Adams, Cass, Howard, Tipton, Wells, Miami, Boone, Jennings, Clay, Tippecanoe, Huntington, Decatur districts (Indiana province), Allen, Auglaize, Van Wert, Darke, Mercer, Miami districts (Ohio province), Mercer, Shelby, Logan, Hamilton, Winnebago districts (Illinois province)",Heavy rains,Rain,,,,,,150500.0,Km2,,,,"Wabash, White, Mississinewa, St Mary's, Eel, White, Tippecanoe, Muscatatuck, West Fork Whitewater, Wilcat, Deer and Pipe Creeks, Chagrin, Blanchardn Maumee, Miami, Pike, Scioto, Warren, Great Miami, Sandusky and White",2003,7.0,5.0,2003,7.0,21.0,3.0,,1200.0,,1200.0,,,,,106000.0,156137.0,67.8888956921058,2,,29305;29326;29338;29358;29373;29375;29376;29380;29382;29383;29385;29390;29408;29409;29414;29426;29453;29454;29464;30721;30725;30738;30773;30774;30800,"Adams, Allen, Auglaize, Boone, Carroll, Cass, Clay, Darke, Decatur, Hamilton, Howard, Huntington, Jennings, Logan, Mercer, Miami, Shelby, Tippecanoe, Tipton, Van Wert, Wells, Winnebago (Adm2)."
2003-0511-USA,2003,511,,Natural,Hydrological,Flood,Riverine flood,,,United States of America (the),USA,Northern America,Americas,"Snohomish, Mason, Grays Harbor, Jefferson, Clallam, Skagit, Whatcom districts (Washington province)",Heavy rains,,,,,,,,Km2,,,,"Skokomish, Nooksack, Skagit, Stillaguamish, Sauk, Stehekin",2003,10.0,17.0,2003,10.0,26.0,,,,,,,,,,,,67.8888956921058,2,,31634;31643;31645;31652;31658;31660;31666,"Clallam, Grays Harbor, Jefferson, Mason, Skagit, Snohomish, Whatcom (Adm2)."
2003-0663-USA,2003,663,,Natural,Hydrological,Flood,Flash flood,,,United States of America (the),USA,Northern America,Americas,Los Angeles district (California province),Brief torrential rain,,,,,Yes,,250.0,Km2,,,,,2003,11.0,12.0,2003,11.0,13.0,18.0,,,,,,,,,,,67.8888956921058,2,,28883,Los Angeles (Adm2).
2004-0146-USA,2004,146,,Natural,Hydrological,Flood,Riverine flood,,,United States of America (the),USA,Northern America,Americas,"Antigo area (Langlade district, Wisconsin province), Pembina, Walsh districts (North Dakota province)","Melting sow, heavy rain",,,,,Yes,,,Km2,,,,,2004,3.0,28.0,2004,4.0,11.0,,,306.0,,306.0,,,,,4500.0,6456.0,69.7064421605073,2,,30700;30716;31757,"Langlade, Pembina, Walsh (Adm2)."
2004-0248-USA,2004,248,,Natural,Hydrological,Flood,Riverine flood,,,United States of America (the),USA,Northern America,Americas,"Wayne, Oakland, Macomb, Livingston districts (Michigan province)",,,,,,,,,Km2,,,,,2004,5.0,28.0,2004,5.0,28.0,,,4929.0,,4929.0,,,,,,,69.7064421605073,2,,29955;29958;29971;29990,"Livingston, Macomb, Oakland, Wayne (Adm2)."
2004-0675-USA,2004,675,,Natural,Hydrological,Flood,Riverine flood,,,United States of America (the),USA,Northern America,Americas,"Pennsylvania, New Jersey provinces",,,,,,,,,Km2,,,,,2004,7.0,12.0,2004,7.0,14.0,1.0,,,,,,,370000.0,530797.0,500000.0,717294.0,69.7064421605073,1,3244;3252,,"New Jersey, Pennsylvania (Adm1)."
2004-0572-USA,2004,572,,Natural,Hydrological,Flood,Riverine flood,,,United States of America (the),USA,Northern America,Americas,"Manoa Valley area (Honolulu district, Hawaii province)",Heavy rains,,,,,Yes,,,Km2,,,,,2004,10.0,30.0,2004,10.0,30.0,,,105.0,,105.0,,,,,1000.0,1435.0,69.7064421605073,2,,29225,Honolulu (Adm2).
2005-0015-USA,2005,15,,Natural,Hydrological,Flood,Riverine flood,,,United States of America (the),USA,Northern America,Americas,"La Conchita area (Ventura district, California province), Malibu area (Los Angeles district, California province), Sacramento district (California province), Arizona, Ohio provinces","Heavy rain, heavy snow","Slide (land, mud, snow, rock)",,,,Yes,,560.0,Km2,,,,"Venturea, Ohio rivers",2005,1.0,7.0,2005,1.0,11.0,28.0,8.0,500.0,,508.0,,,200000.0,277503.0,200000.0,277503.0,72.0714104526569,1;2,3216;3249,28883;28898;28920,"Arizona, Ohio (Adm1). Los Angeles, Sacramento, Ventura (Adm2)."
2005-0103-USA,2005,103,,Natural,Hydrological,Flood,Riverine flood,,,United States of America (the),USA,Northern America,Americas,Los Angeles district (California province),Heavy rains,"Slide (land, mud, snow, rock)",Rain,,,,,,Km2,,,,,2005,2.0,17.0,2005,2.0,23.0,9.0,,150.0,,150.0,,,200000.0,277503.0,250000.0,346878.0,72.0714104526569,2,,28883,Los Angeles (Adm2).
2005-0203-USA,2005,203,,Natural,Hydrological,Flood,Riverine flood,,,United States of America (the),USA,Northern America,Americas,"New Jersey, Pennsylvania, New York, Maine provinces","Heavy rains, snowmelt",,,,,Yes,,130500.0,Km2,,,,"Delaware, Pequannock, Passaic, Pompton, Ramapo, Hackensack, Wanaque, Delaware, Susquehanna and tributaries, Hudson, Chenango, Tioughnioga, Neversink, Beaverkill, Esopus, Moodna, Rondout, Wallkill, Raritan, Passaic, Penobscot",2005,4.0,1.0,2005,4.0,6.0,2.0,,11000.0,,11000.0,,,,,30000.0,41625.0,72.0714104526569,1,3233;3244;3246;3252,,"Maine, New Jersey, New York, Pennsylvania (Adm1)."
2005-0286-USA,2005,286,,Natural,Hydrological,Flood,Flash flood,,,United States of America (the),USA,Northern America,Americas,Idaho province,,Rain,,,,Yes,,,Km2,,,,,2005,5.0,6.0,2005,5.0,8.0,,,,,,,,,,5330.0,7395.0,72.0714104526569,1,3226,,Idaho (Adm1).
2005-0583-USA,2005,583,,Natural,Hydrological,Flood,Riverine flood,,,United States of America (the),USA,Northern America,Americas,"Keene, Alstead, Stoddard, Unity, Hinsdale, Walpole areas (Cheshire district, New Hampshire), Brattleboro, Guilford areas (Windham district, Vermont province), Pittsfield area (Berkshire district, Massachusetts province), Greenfield area (Franklin district, Massachusetts province), Northbridge, Worcester, Southbridge areas (Worcester district, Massachusetts), Spring Lake area (Monmouth district, New Jersey province), Wayne, Little Falls, Pompton Lakes areas (Passaic district, New Jersey province), Oakland, Lodi, Westwood areas (Bergen district, New Jersey province), Bound Brook area (Somerset district, New Jersey province), Tolland, Windham, Hartford districts (Connecticut province)",Heavy rain,Rain,,,,,,38290.0,Km2,,,,"Cold River, North Branch River, Little Sugar River, Housatonic, Merrimack, Blackstone, Ramapo, Passaic, Saddle, Pompton, Connecticut river",2005,10.0,8.0,2005,10.0,16.0,11.0,,3000.0,,3000.0,,,200000.0,277503.0,,,72.0714104526569,2,,28987;28992;28993;29896;29900;29908;30443;30452;30463;30466;30468;31495,"Bergen, Berkshire, Cheshire, Franklin, Hartford, Monmouth, Passaic, Somerset, Tolland, Windham, Worcester (Adm2)."
2005-0716-USA,2005,716,,Natural,Hydrological,Flood,Riverine flood,,,United States of America (the),USA,Northern America,Americas,"Reno area (Washoe district, Nevada province), Truckee area (Nevada district, California province), Napa, Sonoma, Mendocino, Marin, Solano, Los Angeles districts (California), Carson City district (Nevada province)",Storm,"Slide (land, mud, snow, rock)",Rain,,,Yes,,140500.0,Km2,,,,"Sacramento, San JOaquin, Russian, Napa, Navarro, Klamath, Eel, Pit, Susan, Truckee",2005,12.0,31.0,2006,1.0,18.0,3.0,,3600.0,,3600.0,,,,,245000.0,339941.0,72.0714104526569,2,,28883;28885;28887;28892;28893;28912;28913;30424;30439,"Carson City, Los Angeles, Marin, Mendocino, Napa, Nevada, Solano, Sonoma, Washoe (Adm2)."
2006-0182-USA,2006,182,,Natural,Hydrological,Flood,Riverine flood,,,United States of America (the),USA,Northern America,Americas,Kauai district (Hawaii province),Heavy rain,Broken Dam/Burst bank,"Slide (land, mud, snow, rock)",,,,,585.0,Km2,22.15,-99.99,,Kaloko,2006,3.0,14.0,2006,3.0,23.0,7.0,,,,,,,,,12000.0,16130.0,74.3963874917997,2,,29227,Kauai (Adm2).
2006-0180-USA,2006,180,,Natural,Hydrological,Flood,Riverine flood,,,United States of America (the),USA,Northern America,Americas,"Amador, Calaveras, Fresno, Merced, San Joaquin, San Mateo, Stanislau districts (California province)",Heavy rains,Broken Dam/Burst bank,"Slide (land, mud, snow, rock)",,,Yes,,44110.0,Km2,37.69,-99.99,,"Merced, Consumes, San Joaquin, Sacramento, Navarro",2006,4.0,4.0,2006,4.0,17.0,1.0,,600.0,,600.0,,,,,259000.0,348135.0,74.3963874917997,2,,28867;28869;28874;28888;28903;28905;28914,"Amador, Calaveras, Fresno, Merced, San Joaquin, San Mateo, Stanislaus (Adm2)."
2006-0260-USA,2006,260,,Natural,Hydrological,Flood,Riverine flood,,,United States of America (the),USA,Northern America,Americas,"New Hampshire, Maine, Massachusetts provinces",Heavy rains,Rain,,,,Yes,,42910.0,Km2,43.16,-70.79,,"Merrimack, Salmon Falls, Warner, Baker, Connecticut, Contoocook, Pemigewasset, Piscataqua, Saco, Smith, Souhegan, Spicket, Sugar, Turkey, Newfound, Powow, Lamprey, Aberjona, Assabet, Blackstone, Charles, Concord, Ipswich, Merrimack, Nashua, Neponset, North Nashua, Shawsheen, Spicket, Squannacook, Sudbury, Mousam, Presumpscot, Swift",2006,5.0,11.0,2006,5.0,22.0,2.0,,2500.0,,2500.0,,,62500.0,84009.0,85000.0,114253.0,74.3963874917997,1,3233;3235;3243,,"Maine, Massachusetts, New Hampshire (Adm1)."
2006-0344-USA,2006,344,,Natural,Hydrological,Flood,Riverine flood,,,United States of America (the),USA,Northern America,Americas,"Huron, Erie, Crawford, Lucas, Sandusky districts (Ohio province)",Severe storms,,,,,,,6780.0,Km2,41.41,-86.91,,"Huron, Cuyahoga",2006,6.0,22.0,2006,6.0,25.0,2.0,,2400.0,,2400.0,,,,,7000.0,9409.0,74.3963874917997,2,,30736;30741;30758;30767;30791,"Crawford, Erie, Huron, Lucas, Sandusky (Adm2)."
2006-0341-USA,2006,341,,Natural,Hydrological,Flood,Riverine flood,,,United States of America (the),USA,Northern America,Americas,"Maryland, Pennsylvania, New York, Delaware, Virginia, New Jersey provinces","Heavy rain, thunderstoms","Slide (land, mud, snow, rock)",,,,,,122600.0,Km2,40.41,-75.78,,,2006,6.0,25.0,2006,7.0,1.0,11.0,,65000.0,,65000.0,,,401000.0,539005.0,1000000.0,1344151.0,74.3963874917997,1,3221;3234;3244;3246;3252;3260,,"Delaware, Maryland, New Jersey, New York, Pennsylvania, Virginia (Adm1)."
2006-0413-USA,2006,413,,Natural,Hydrological,Flood,Riverine flood,,,United States of America (the),USA,Northern America,Americas,El Paso district (Texas province),Heavy rain,,,,,,,3610.0,Km2,31.76,-106.39,,Rio Grande,2006,7.0,27.0,2006,8.0,7.0,,,,,,,,,,100000.0,134415.0,74.3963874917997,2,,31269,El Paso (Adm2).
2006-0418-USA,2006,418,,Natural,Hydrological,Flood,Riverine flood,,,United States of America (the),USA,Northern America,Americas,Lake district (Ohio province),Heavy rain,,,,,,,4720.0,Km2,41.52,-81.09,,"Grand, Chagrin rivers",2006,7.0,27.0,2006,7.0,30.0,1.0,,600.0,,600.0,,,,,,,74.3963874917997,2,,30762,Lake (Adm2).
2006-0461-USA,2006,461,,Natural,Hydrological,Flood,Riverine flood,,,United States of America (the),USA,Northern America,Americas,Alaska province,Heavy rain,,,,,,,95940.0,Km2,62.45,-99.99,,"Little Sustina, Kahiltna, Sheridan, Eyak, Lake Creek, Campbell Creek",2006,8.0,19.0,2006,8.0,24.0,,,150.0,,150.0,,,,,15500.0,20834.0,74.3963874917997,1,3215,,Alaska (Adm1).
2006-0546-USA,2006,546,,Natural,Hydrological,Flood,Riverine flood,,,United States of America (the),USA,Northern America,Americas,"Mercer, Jessamine, Franklin, Calloway, Montgomery districts (Kentucky province), Sharp, Clay, Fulton, Randolph, Lawrence districts (Arkansas province), Obion district (Tennessee province), Missouri, Indiana, Illinois provinces",Heavy rain,Rain,,,,Yes,,146000.0,Km2,37.21,-87.62,,"Harris Fork Creek, Green, Licking, Rolling Fork, Spring, Eleven Point",2006,9.0,22.0,2006,9.0,26.0,14.0,10.0,1200.0,,1210.0,,,,,,,74.3963874917997,1;2,3227;3228;3239,28800;28814;28827;28850;28856;29688;29707;29727;29754;29757;31170,"Illinois, Indiana, Missouri (Adm1). Calloway, Clay, Franklin, Fulton, Jessamine, Lawrence, Mercer, Montgomery, Obion, Randolph, Sharp (Adm2)."
2006-0566-USA,2006,566,,Natural,Hydrological,Flood,Riverine flood,,,United States of America (the),USA,Northern America,Americas,"Prince William Sound area (Valdez-Cordova district, Alaska province)",Heavy rain,,,,,,,51560.0,Km2,60.88,-145.99,,"Copper, Lowe",2006,10.0,9.0,2006,10.0,14.0,,,100.0,,100.0,,,,,,,74.3963874917997,2,,154734,Valdez-Cordova (Adm2).
2006-0598-USA,2006,598,,Natural,Hydrological,Flood,Riverine flood,,,United States of America (the),USA,Northern America,Americas,"Washington, Oregon provinces",Heavy rains,,,,,,,57890.0,Km2,47.86,-122.15,,"Cowlitz, Skokomish, Skykomish, Tolt, Puyallup, Skagit, Snohomish, Pilchuck, Carbon, Snoqualmie, South Fork of the Stillaguamish, Nisqually, White, Wenatchee rivers (Washington); White, Columbia, Nehalem, Wilson rivers (Oregon)",2006,11.0,5.0,2006,11.0,10.0,2.0,,1500.0,,1500.0,,,,,,,74.3963874917997,1,3251;3261,,"Oregon, Washington (Adm1)."
2007-0041-USA,2007,41,,Natural,Hydrological,Flood,Riverine flood,,,United States of America (the),USA,Northern America,Americas,"Indiana, Arkansas, Texas, Ohio, Missouri provinces",Heavy rains,,,,,,,434.0,Km2,34.88,-90.07,,"Wabash, White, East Fork of White River, Lower Ohio, Patoka, Black, St Francis, White, Cache, Ouachita, Sabine, Navasota, Neches, Sulpher, lower Ohio",2007,1.0,15.0,2007,1.0,25.0,24.0,,,,,,,,,,,76.5186792040236,1,3217;3228;3239;3249;3257,,"Arkansas, Indiana, Missouri, Ohio, Texas (Adm1)."
2007-0173-USA,2007,173,,Natural,Hydrological,Flood,Riverine flood,,,United States of America (the),USA,Northern America,Americas,"Texas, Kansas, Oklahoma provinces",Heavy rain,,,,,,,341.0,Km2,30.24,-98.66,,"Guadalupe, Pedernales, Medina, Little Arkansas, Mulberry Creek, Honey Creek, Washita",2007,5.0,24.0,2007,5.0,29.0,8.0,,100.0,,100.0,,,,,,,76.5186792040236,1,3230;3250;3257,,"Kansas, Oklahoma, Texas (Adm1)."
2007-0254-USA,2007,254,,Natural,Hydrological,Flood,Riverine flood,,,United States of America (the),USA,Northern America,Americas,"North Texas, Oklahoma provinces",Heavy rain,,,,,,,34750.0,Km2,33.45,-97.3,,Pecan Creek,2007,6.0,17.0,2007,6.0,22.0,10.0,,750.0,,750.0,,,,,28000.0,36592.0,76.5186792040236,1,3250;3257,,"Oklahoma, Texas (Adm1)."
2007-0251-USA,2007,251,,Natural,Hydrological,Flood,Flash flood,,,United States of America (the),USA,Northern America,Americas,New York province,Brief torrential rain,Rain,,,,,,6500.0,Km2,42.23,-74.95,,"Spring Brook, Veaverkill Creek",2007,6.0,19.0,2007,6.0,20.0,4.0,,120.0,,120.0,,,,,,,76.5186792040236,1,3246,,New York (Adm1).
2007-0244-USA,2007,244,,Natural,Hydrological,Flood,Riverine flood,,,United States of America (the),USA,Northern America,Americas,"Wichita Falls area (Wichita district, Texas province), Georgetown areas (Williamson district, Texas province), Burnet, Marble Falls, Granite Shoals areas (Burnet district, Texas province), Granbury area (Hood district, Texas province), Lampasas, Parker, Eastland districts (Texas province), Miami, Commerce areas (Ottawa district, Oklahoma province), Shawnee, Tecumseh, Maud areas (Pottawatomie district, Oklahoma province), Oklahoma city (Oklahoma district, Oklahoma province), Waurika area (Jefferson district, Oklahoma province), Bartlesville, Dewey areas (Washington district, Oklahoma province), Love, Lincoln districts (Oklahoma province), Coffeyville area (Montgomery district, Kansas province), Osawatomie area (Miami district, Kansas province), Allen, Labette, Neosho, Wilson, Woodson districts (Kansas province), Rockville, Papinville areas (Bates district, Missouri province), Vernon district (Missouri province)",Heavy rain,,Rain,,,,,507800.0,Km2,32.84,-97.17,,"San Gabriel, Brazos, Wichita, Trinity, Guadalupe, Sabine, Nueces, Colorado, Caney, Neosho, Red River, Verdigris, Marais des Cygnes, Pottawatomie, Marmaton, Osage and Marais des Cygnes",2007,6.0,26.0,2007,7.0,6.0,8.0,,5000.0,,5000.0,,,,,,,76.5186792040236,2,,29566;29615;29626;29628;29632;29668;29669;30167;30269;30841;30850;30862;30865;30870;30881;31226;31266;31310;31341;31383;31442;31445,"Allen, Bates, Burnet, Eastland, Hood, Jefferson, Labette, Lampasas, Love, Miami, Montgomery, Neosho, Oklahoma, Ottawa, Parker, Pottawatomie, Vernon, Washington, Wichita, Williamson, Wilson, Woodson (Adm2)."
2007-0383-USA,2007,383,,Natural,Hydrological,Flood,Riverine flood,,,United States of America (the),USA,Northern America,Americas,"Illinois, Colorado, Michigan, Minnesota, Wisconsin, Ohio, Oklahoma, North Dakota provinces",Heavy rains,Rain,"Slide (land, mud, snow, rock)",,,,,1217000.0,Km2,36.86,-94.64,,,2007,8.0,16.0,2007,8.0,27.0,26.0,40.0,2800.0,,2840.0,,,450000.0,588092.0,700000.0,914809.0,76.5186792040236,1,3219;3227;3236;3237;3248;3249;3250;3263,,"Colorado, Illinois, Michigan, Minnesota, North Dakota, Ohio, Oklahoma, Wisconsin (Adm1)."
2008-0010-USA,2008,10,,Natural,Hydrological,Flood,Riverine flood,,,United States of America (the),USA,Northern America,Americas,"California, Nevada, Oregon provinces",Heavy rains,Rain,Broken Dam/Burst bank,,,,,550.0,Km2,39.63,-119.2,,irrigation canal from Truckee river,2008,1.0,5.0,2008,1.0,9.0,2.0,,1500.0,,1500.0,,,,,,,79.4563043953641,1,3218;3242;3251,,"California, Nevada, Oregon (Adm1)."
2008-0131-USA,2008,131,,Natural,Hydrological,Flood,Riverine flood,,,United States of America (the),USA,Northern America,Americas,"Missouri, Mississippi, Arkansas, Indiana, Illinois, Ohio, Kentucky, Oklahoma, Iowa, Wisconsin, Texas provinces",Rain and snowmelt,Broken Dam/Burst bank,,,,Yes,,565200.0,Km2,36.23,-89.15,,Ohio and Mississippi rivers and tributaries,2008,3.0,17.0,2008,4.0,20.0,18.0,,1000.0,,1000.0,,,,,2000.0,2517.0,79.4563043953641,1,3217;3227;3228;3229;3231;3238;3239;3249;3250;3257;3263,,"Arkansas, Illinois, Indiana, Iowa, Kentucky, Mississippi, Missouri, Ohio, Oklahoma, Texas, Wisconsin (Adm1)."
2008-0627-USA,2008,627,,Natural,Hydrological,Flood,Riverine flood,,,United States of America (the),USA,Northern America,Americas,"Illinois, Iowa, Kansas, Michigan, Minnesota, Missouri, Nebraska, Wisconsin provinces",,Broken Dam/Burst bank,,,,,,,Km2,,,,"Mississipi, Ohio rivers",2008,6.0,9.0,2008,6.0,30.0,24.0,148.0,11000000.0,,11000148.0,,,400000.0,503421.0,10000000.0,12585534.0,79.4563043953641,1,3227;3229;3230;3236;3237;3239;3241;3263,,"Illinois, Iowa, Kansas, Michigan, Minnesota, Missouri, Nebraska, Wisconsin (Adm1)."
2008-0638-USA,2008,638,,Natural,Hydrological,Flood,Riverine flood,,,United States of America (the),USA,Northern America,Americas,"Orting town (Pierce district, Washington province), Chehalus town (Lewis district, Washington), Oregon province",Heavy rains,,,,,,,35110.0,Km2,42.84,-123.77,,"Puyallup, Newaukaum",2008,12.0,29.0,2009,1.0,16.0,,,30000.0,,30000.0,,,,,,,79.4563043953641,1;2,3251,31650;31656,"Oregon (Adm1). Lewis, Pierce (Adm2)."
2009-0106-USA,2009,106,,Natural,Hydrological,Flood,Riverine flood,,,United States of America (the),USA,Northern America,Americas,"North Dakota, Minnesota provinces","Snowmelt, hevay rain",,,,,Yes,,39740.0,Km2,48.25,-97.03,,"Red river, Fargo, James river",2009,3.0,24.0,2009,4.0,20.0,2.0,60.0,5000.0,,5060.0,,,,,166000.0,209665.0,79.1738027553029,1,3237;3248,,"Minnesota, North Dakota (Adm1)."
2009-0190-USA,2009,190,,Natural,Hydrological,Flood,Riverine flood,,,United States of America (the),USA,Northern America,Americas,Florida province,Heavy rain,,,,,Yes,,82060.0,Km2,30.84,-85.23,,,2009,4.0,6.0,2009,4.0,9.0,,,1000.0,,1000.0,,,,,,,79.1738027553029,1,3223,,Florida (Adm1).
2009-0184-USA,2009,184,,Natural,Hydrological,Flood,Riverine flood,,,United States of America (the),USA,Northern America,Americas,"Virginia, Kentucky provinces",Heavy rain,"Slide (land, mud, snow, rock)",,,,Yes,,16460.0,Km2,37.66,-81.28,,,2009,5.0,3.0,2009,5.0,10.0,,,,900.0,900.0,,,,,,,79.1738027553029,1,3231;3260,,"Kentucky, Virginia (Adm1)."
2009-0405-USA,2009,405,FL-2009-000203,Natural,Hydrological,Flood,Riverine flood,,,United States of America (the),USA,Northern America,Americas,"Douglas, Floyd, Carroll, Fulton, DeKalb, Cobb, Clayton, Gwinnett districts (Georgia province), Alabama, North Carolina,Tennessee provinces",Heavy rains,,,,,Yes,,,Km2,,,,,2009,9.0,20.0,2009,9.0,21.0,9.0,,3000.0,,3000.0,,,200000.0,252609.0,500000.0,631522.0,79.1738027553029,1;2,3214;3247;3256,29086;29095;29097;29108;29112;29121;29124;29131,"Alabama, North Carolina, Tennessee (Adm1). Carroll, Clayton, Cobb, DeKalb, Douglas, Floyd, Fulton, Gwinnett (Adm2)."
2010-0162-USA,2010,162,,Natural,Hydrological,Flood,Riverine flood,,,United States of America (the),USA,Northern America,Americas,Rhode Island province,Hevay rains,,,,,Yes,,240301.0,Km2,39.48,-74.87,,,2010,3.0,27.0,2010,3.0,31.0,,,,,,,,,,,,80.472285151979,1,3253,,Rhode Island (Adm1).
2010-0225-USA,2010,225,,Natural,Hydrological,Flood,Riverine flood,,,United States of America (the),USA,Northern America,Americas,"Arkansas, Oklahoma provinces",Heavy rains,,,,,,,,Km2,34.58,-95.1,,,2010,6.0,10.0,2010,6.0,11.0,20.0,,,,,,,,,,,80.472285151979,1,3217;3250,,"Arkansas, Oklahoma (Adm1)."
2010-0651-USA,2010,651,,Natural,Hydrological,Flood,Riverine flood,,,United States of America (the),USA,Northern America,Americas,"Kern, Orange, Riverside, San Bernardino, San Luis Obispo, Tulare districts (California province), Utah, Nevada, Arizona provinces",Heavy rains,,,,,Yes,,355567.0,Km2,38.8497,-120.73,,,2010,12.0,19.0,2010,12.0,19.0,,,1000.0,,1000.0,,,,,,,80.472285151979,1;2,3216;3242;3258,28879;28894;28897;28900;28904;28918,"Arizona, Nevada, Utah (Adm1). Kern, Orange, Riverside, San Bernardino, San Luis Obispo, Tulare (Adm2)."
2011-0610-USA,2011,610,,Natural,Hydrological,Flood,Riverine flood,,,United States of America (the),USA,Northern America,Americas,"Mississippi, Ohio provinces",Torrentail rains,Rain,,,,,,,Km2,,,,,2011,4.0,18.0,2011,5.0,23.0,9.0,,,,,,,500000.0,602318.0,4600000.0,5541322.0,83.0126743931774,1,3238;3249,,"Mississippi, Ohio (Adm1)."
2011-0166-USA,2011,166,,Natural,Hydrological,Flood,Riverine flood,,,United States of America (the),USA,Northern America,Americas,"Illinois, Missouri, Kentucky, Tennessee, Mississppi provinces",Heavy rains and melting snow,,,,,,,239421.0,Km2,34.1,-90.83,,,2011,5.0,1.0,2011,5.0,24.0,1.0,,25000.0,,25000.0,,,,,,,83.0126743931774,1,3227;3231;3238;3239;3256,,"Illinois, Kentucky, Mississippi, Missouri, Tennessee (Adm1)."
2011-0646-USA,2011,646,,Natural,Hydrological,Flood,Riverine flood,,,United States of America (the),USA,Northern America,Americas,"Montana, North Dakota, South Dakota, Iowa, Missouri provinces",Heavy snowmelt and rains,,,,,,,,Km2,,,,Missouri river basin,2011,5.0,15.0,2011,6.0,30.0,5.0,,,11000.0,11000.0,,,,,2000000.0,2409271.0,83.0126743931774,1,3229;3239;3240;3248;3255,,"Iowa, Missouri, Montana, North Dakota, South Dakota (Adm1)."
2011-0425-USA,2011,425,,Natural,Hydrological,Flood,Riverine flood,,,United States of America (the),USA,Northern America,Americas,"Charlotte town (Mecklenburg district, North Carolina province)",Torrential rains,,,,,,,26044.0,Km2,35.806,-79.37,,,2011,8.0,6.0,2011,8.0,9.0,2.0,,100.0,,100.0,,,86000.0,103599.0,,,83.0126743931774,2,,30626,Mecklenburg (Adm2).
2012-0177-USA,2012,177,,Natural,Hydrological,Flood,Riverine flood,,,United States of America (the),USA,Northern America,Americas,"Bay, Calhoun, Escambia, Franklin, Gadsden, Gulf, Holmes, Jackson, Jefferson, Leon, Liberty, Madison, Okaloosa, Santa Rosa, Taylor, Wakulla, Walton, Washington districts (Florida province), Alabama, Mississippi, Louisiana provinces",Torrential rain,,,,,,,20116.0,Km2,30.3632,-58.51,,,2012,6.0,9.0,2012,6.0,12.0,2.0,,300.0,,300.0,,,,,174000.0,205357.0,84.7304788978789,1;2,3214;3232;3238,29000;29004;29013;29015;29016;29019;29026;29028;29029;29033;29035;29036;29043;29052;29059;29062;29063;29064,"Alabama, Louisiana, Mississippi (Adm1). Bay, Calhoun, Escambia, Franklin, Gadsden, Gulf, Holmes, Jackson, Jefferson, Leon, Liberty, Madison, Okaloosa, Santa Rosa, Taylor, Wakulla, Walton, Washington (Adm2)."
2013-0291-USA,2013,291,,Natural,Hydrological,Flood,Riverine flood,,,United States of America (the),USA,Northern America,Americas,"Iowa, Michigan, Minnesota, Wisconsin provinces",Heavy rains,,,,,,,493137.0,Km2,38.8278,-88.64,,,2013,4.0,22.0,2013,4.0,29.0,5.0,,300.0,,300.0,,,,,325000.0,378032.0,85.9716422479773,1,3229;3236;3237;3263,,"Iowa, Michigan, Minnesota, Wisconsin (Adm1)."
2013-0286-USA,2013,286,,Natural,Hydrological,Flood,Riverine flood,,,United States of America (the),USA,Northern America,Americas,"San Antonio town (Bexar district, Texas province)",Heavy rains,,,,,,,33908.0,Km2,28.899,-98.89,,,2013,5.0,25.0,2013,5.0,28.0,3.0,,300.0,,300.0,,,,,2000.0,2326.0,85.9716422479773,2,,31214,Bexar (Adm2).
2013-0254-USA,2013,254,,Natural,Hydrological,Flood,Riverine flood,,,United States of America (the),USA,Northern America,Americas,"Cleveland, Lincoln, Catawba districts (North Carolina province), Pennsylvania province",Slow moving storm system,,,,,,,,Km2,,,,,2013,7.0,27.0,2013,7.0,28.0,2.0,,1425.0,,1425.0,,,,,25000.0,29079.0,85.9716422479773,1;2,3252,30584;30589;30621,"Pennsylvania (Adm1). Catawba, Cleveland, Lincoln (Adm2)."
2013-0277-USA,2013,277,,Natural,Hydrological,Flood,Riverine flood,,,United States of America (the),USA,Northern America,Americas,"Missouri, Kansas, Tennessee, Arkansas, Oklahoma provinces",Torrential rains,,,,,,,123143.0,Km2,38.2138,-94.15,,,2013,8.0,5.0,2013,8.0,12.0,3.0,,6000.0,,6000.0,,,,,25000.0,29079.0,85.9716422479773,1,3217;3230;3239;3250;3256,,"Arkansas, Kansas, Missouri, Oklahoma, Tennessee (Adm1)."
2013-0354-USA,2013,354,,Natural,Hydrological,Flood,Riverine flood,,,United States of America (the),USA,Northern America,Americas,"Lafayette, Lyons, Longmont towns (Boulder district, Colorado province), Larimer, El Paso, Broomfield districts (Colorado province), New Mexico province",,"Slide (land, mud, snow, rock)",,,,Yes,,100404.0,Km2,38.002,-105.143,,,2013,9.0,12.0,2013,9.0,19.0,9.0,,16500.0,5400.0,21900.0,,,200000.0,232635.0,1900000.0,2210031.0,85.9716422479773,1;2,3245,28942;28957;154739;154740,"New Mexico (Adm1). Boulder, Broomfield, El Paso, Larimer (Adm2)."
2013-0510-USA,2013,510,,Natural,Hydrological,Flood,Riverine flood,,,United States of America (the),USA,Northern America,Americas,Austin district (Texas province),Torrentiak rain,,,,,Yes,,38936.0,Km2,30.66,-96.01,,,2013,10.0,31.0,2013,11.0,10.0,4.0,,4800.0,,4800.0,,,,,,,85.9716422479773,2,,31207,Austin (Adm2).
2013-0558-USA,2013,558,,Natural,Hydrological,Flood,Riverine flood,,,United States of America (the),USA,Northern America,Americas,"Nelson, Carroll districts (Kentucky province)",Heavy rains,,,,,,,16070.0,Km2,37.5597,-86.79,,,2013,12.0,22.0,2013,12.0,31.0,5.0,,,,,,,,,,,85.9716422479773,2,,29691;29760,"Carroll, Nelson (Adm2)."
2014-0317-USA,2014,317,,Natural,Hydrological,Flood,Riverine flood,,,United States of America (the),USA,Northern America,Americas,"Illinois, Indiana, Iowa, Kansas, Michigan, Minnesota, Missouri, Nebraska, North Dakota, Ohio, South Dakota, Wisconsin, Maine, New Hampshire, Vermont, Massachusetts, Rhode Island, Connecticut, New York, New Jersey, Pennsylvanie, Maryland provinces",Excessive rainfall,,,,,,,,Km2,,,,,2014,8.0,11.0,2014,8.0,13.0,2.0,,102000.0,,102000.0,,,540000.0,618087.0,1600000.0,1831370.0,87.3662978351193,1,3220;3227;3228;3229;3230;3233;3234;3235;3236;3237;3239;3241;3243;3244;3246;3248;3249;3252;3253;3255;3259;3263,,"Connecticut, Illinois, Indiana, Iowa, Kansas, Maine, Maryland, Massachusetts, Michigan, Minnesota, Missouri, Nebraska, New Hampshire, New Jersey, New York, North Dakota, Ohio, Pennsylvania, Rhode Island, South Dakota, Vermont, Wisconsin (Adm1)."
2014-0491-USA,2014,491,,Natural,Hydrological,Flood,Flash flood,,,United States of America (the),USA,Northern America,Americas,"Orange, Mariposa, Tuolumne, Los Angeles, San Francisco, Sacaramento districts (California province)","Heavy rains, strong storm system","Slide (land, mud, snow, rock)",,,,,,,Km2,,,,,2014,12.0,2.0,2014,12.0,5.0,,,,,,,,50000.0,57230.0,90000.0,103015.0,87.3662978351193,2,,28883;28886;28894;28898;28902;28919,"Los Angeles, Mariposa, Orange, Sacramento, San Francisco, Tuolumne (Adm2)."
2015-0212-USA,2015,212,FL-2015-000060,Natural,Hydrological,Flood,Flash flood,,,United States of America (the),USA,Northern America,Americas,"Texas, Oklahoma, Colorado, Arkansas, Kansas, Louisiana, Georgia, Ohio, South Carolina",Heavy rain,Lightening,,,,,,849465.0,Km2,34.1936,-97.99,,,2015,5.0,23.0,2015,5.0,30.0,32.0,,12000.0,,12000.0,,,1500000.0,1714875.0,2700000.0,3086775.0,87.4699322108025,1,3217;3219;3224;3230;3232;3249;3250;3254;3257,,"Arkansas, Colorado, Georgia, Kansas, Louisiana, Ohio, Oklahoma, South Carolina, Texas (Adm1)."
2015-0186-USA,2015,186,,Natural,Hydrological,Flood,Flash flood,,,United States of America (the),USA,Northern America,Americas,"San Marcos area (Hays district, Texas province), Claremore area (Hays district, Oklahoma province)",Torrential rains,,,,,,,,Km2,,,,,2015,5.0,24.0,2015,5.0,24.0,16.0,,12000.0,,12000.0,,,,,,,87.4699322108025,2,,30873;31304,"Hays, Rogers (Adm2)."
2015-0399-USA,2015,399,,Natural,Hydrological,Flood,,,,United States of America (the),USA,Northern America,Americas,"Hillsborough, Pasco, Pinellas, Dixie, Taylor districts (Florida province)",,,,,,Yes,,,Km2,,,,,2015,7.0,24.0,2015,8.0,5.0,,,600.0,,600.0,,,,,100000.0,114325.0,87.4699322108025,2,,29011;29025;29048;29049;29059,"Dixie, Hillsborough, Pasco, Pinellas, Taylor (Adm2)."
2015-0431-USA,2015,431,,Natural,Hydrological,Flood,Flash flood,,,United States of America (the),USA,Northern America,Americas,"Hildale town (Washington district, Utah province), Las Vegas town (Clark district, Nevada province)",Torrentila rains,,,,,,,,Km2,,,,,2015,9.0,14.0,2015,9.0,14.0,19.0,,,,,,,,,2000.0,2287.0,87.4699322108025,2,,30426;31480,"Clark, Washington (Adm2)."
2015-0565-USA,2015,565,,Natural,Hydrological,Flood,,,,United States of America (the),USA,Northern America,Americas,"Mississippi, Missouri, Kentucky, Tennessee, Arkansas, Alabama, Illinois, Indiana, Louisiana provinces",Heavy rains,Storm,,,,,,,Km2,35.666,-91.083,,Mississippi river,2015,12.0,15.0,2016,1.0,6.0,31.0,50.0,4000.0,,4050.0,,,200000.0,228650.0,600000.0,685950.0,87.4699322108025,1,3217;3227;3228;3231;3232;3238;3239;3256,,"Arkansas, Illinois, Indiana, Kentucky, Louisiana, Mississippi, Missouri, Tennessee (Adm1)."
2016-0552-USA,2016,552,,Natural,Hydrological,Flood,,,,United States of America (the),USA,Northern America,Americas,"Texas, Louisiana (Shreveport, Haugton), Arkansas, Mississipi",,,,,,Yes,,,Km2,,,,"Sabine river, Little, Red, Big Cypress Creek, Neches, Pearl, Wolf, Leaf, Ouachita",2016,3.0,8.0,2016,3.0,13.0,5.0,,,,,,,333000.0,375959.0,2300000.0,2596715.0,88.573452875574,1,3217;3232;3238;3257,,"Arkansas, Louisiana, Mississippi, Texas (Adm1)."
2016-0124-USA,2016,124,,Natural,Hydrological,Flood,Flash flood,,,United States of America (the),USA,Northern America,Americas,"Fayette, Grimes, Harris, Parker counties, Houston districts (Texas province)",Torrential rrains,Storm,,,,Yes,,,Km2,,,,,2016,4.0,16.0,2016,4.0,19.0,9.0,,21000.0,,21000.0,,,1000000.0,1129006.0,2000000.0,2258013.0,88.573452875574,2,,31274;31292;31300;31312;31383,"Fayette, Grimes, Harris, Houston, Parker (Adm2)."
2016-0170-USA,2016,170,,Natural,Hydrological,Flood,,,,United States of America (the),USA,Northern America,Americas,"Palestine city (Anderson district, Texas province), Houston district (Texas province)",,,,,,,,,Km2,,,,,2016,4.0,30.0,2016,4.0,30.0,11.0,,,,,,,,,,,88.573452875574,2,,31200;31312,"Anderson, Houston (Adm2)."
2016-0183-USA,2016,183,FL-2016-000056,Natural,Hydrological,Flood,,,,United States of America (the),USA,Northern America,Americas,"Texas, Oklahoma, Arkansas, Kansas, Nebraska provinces",Heavy rain,Storm,,,,Yes,,,Km2,30.857,-95.537,,,2016,5.0,27.0,2016,6.0,2.0,15.0,,,,,,,200000.0,225801.0,300000.0,338702.0,88.573452875574,1,3217;3230;3241;3250;3257,,"Arkansas, Kansas, Nebraska, Oklahoma, Texas (Adm1)."
2016-0292-USA,2016,292,,Natural,Hydrological,Flood,,,,United States of America (the),USA,Northern America,Americas,"Louisiana, Mississippi, Missouri, Illinois, Indiana; Allamakee, Clayton, Fayette, Howard, Winneshiek counties (Iowa)",Heavy rains,,,,,Yes,,19554.0,Km2,29.988,-91.8,,,2016,8.0,9.0,2016,8.0,16.0,13.0,,70000.0,,70000.0,,,2500000.0,2822516.0,10000000.0,11290065.0,88.573452875574,1,3227;3228;3232;3238;3239,,"Illinois, Indiana, Louisiana, Mississippi, Missouri (Adm1)."
2016-0331-USA,2016,331,,Natural,Hydrological,Flood,Riverine flood,,,United States of America (the),USA,Northern America,Americas,"Minnesota; Buffalo, Chippewa, Clark, Columbia, Crawford, Eau Claire, Jackson, La Crosse, Monroe, Richland, Sauk, Trempealeau, and Vernon (Wisconsin); Allamakee, Benton, Black Hawk, Bremer, Buchanan, Butler, Cedar, Chickasaw, Delaware, Floyd, Franklin, Linn, Wright (Iowa)",Excessive rains and thunderstorms,"Slide (land, mud, snow, rock)",,,,Yes,,,Km2,,,,,2016,9.0,19.0,2016,9.0,23.0,1.0,,,,,,,,,550000.0,620954.0,88.573452875574,1,3229;3237;3263,,"Iowa, Minnesota, Wisconsin (Adm1)."
2017-0058-USA,2017,58,,Natural,Hydrological,Flood,Riverine flood,,,United States of America (the),USA,Northern America,Americas,San Jose (North California),Heavy rains,,,,,,,,Km2,,,,,2017,2.0,22.0,2017,2.0,22.0,,,300.0,,300.0,,,,,,,90.4601793133611,2,,28907,Santa Clara (Adm2).
2017-0136-USA,2017,136,,Natural,Hydrological,Flood,,,,United States of America (the),USA,Northern America,Americas,"East and West Canton (Van Zandt county) (Texas); Kampville (St Charles) (Missouri); Logan, Marion, Miles Station (Macoupin), Sumner (Lawrence), Pawnee (Sangamon) (Illinois); Natural Dam (Crawford), Mississipi, Clay (Arkansas); Oak ridge (Morehouse) (Louisiana) ; Labette (Kansas); Cameron (Le Flore) (Oklahoma); Goshen (Oldham) (Kentucky) ; Ohio; Pennsylvania; West Virginia ; Mississipi ; Alabama ; Tennesse ; Indiana",,Storm,Hail,,,,,,Km2,,,,"Mississippi river, Black River, White River, Illinois River, Big Muddy River, Meramec River, St. Francis River, Gasconade River",2017,4.0,28.0,2017,5.0,1.0,20.0,70.0,,,70.0,,,800000.0,884367.0,1700000.0,1879280.0,90.4601793133611,1;2,3214;3228;3238;3249;3252;3256;3262,28800;28806;28836;29323;29326;29328;29330;29355;29615;29763;29824;30258;30847;31433,"Alabama, Indiana, Mississippi, Ohio, Pennsylvania, Tennessee, West Virginia (Adm1). Clay, Crawford, Labette, Lawrence, Le Flore, Logan, Macoupin, Marion, Mississippi, Morehouse, Oldham, Sangamon, St. Charles, Van Zandt (Adm2)."
2017-0282-USA,2017,282,,Natural,Hydrological,Flood,Flash flood,,,United States of America (the),USA,Northern America,Americas,"Ellison Creek (Water wheel) Tonto National Forest (Gila, Arizona)",Thunderstorm,,,,,,,,Km2,34.349,-111.264,,Ellison Creek,2017,7.0,15.0,2017,7.0,15.0,10.0,,,,,,,,,,,90.4601793133611,2,,28778,Gila (Adm2).
2018-0130-USA,2018,130,,Natural,Hydrological,Flood,,,,United States of America (the),USA,Northern America,Americas,Kauai Isl. (Hawai),Torrential rains,"Slide (land, mud, snow, rock)",,,,Yes,,,Km2,,,,,2018,4.0,14.0,2018,4.0,15.0,,,1596.0,,1596.0,,,,,125000.0,134888.0,92.6696698010059,2,,29227,Kauai (Adm2).
2018-0331-USA,2018,331,,Natural,Hydrological,Flood,Flash flood,,,United States of America (the),USA,Northern America,Americas,"Wisconsin, Iowa, Minnesota, Missouri, Illinois, Kentucky, Pennsylvania, Arkansas, Ohio, Indiana",Tropical Storm Gordon,,,,,Yes,,,Km2,,,,,2018,9.0,3.0,2018,9.0,11.0,2.0,,,,,,,,,250000.0,269775.0,92.6696698010059,1,3217;3227;3228;3229;3231;3237;3239;3249;3252;3263,,"Arkansas, Illinois, Indiana, Iowa, Kentucky, Minnesota, Missouri, Ohio, Pennsylvania, Wisconsin (Adm1)."
2018-0419-USA,2018,419,,Natural,Hydrological,Flood,Riverine flood,,,United States of America (the),USA,Northern America,Americas,"Bastrop, Burnet, Colorado, Fayette, Hood, Jim Wells, Kerr, Kimble, La Salle, Live Oak, Llano, Mason, McMullen, Nueces, Real, San Patricio, Travis, and Williamson counties",Heavy rains,Storm,,,,Yes,,,Km2,,,,,2018,10.0,15.0,2018,10.0,20.0,5.0,,,,,,,,,400000.0,431641.0,92.6696698010059,2,,31210;31226;31244;31274;31310;31324;31332;31333;31338;31348;31349;31356;31361;31377;31392;31404;31426;31445,"Bastrop, Burnet, Colorado, Fayette, Hood, Jim Wells, Kerr, Kimble, La Salle, Live Oak, Llano, Mason, McMullen, Nueces, Real, San Patricio, Travis, Williamson (Adm2)."
2019-0086-USA,2019,86,,Natural,Hydrological,Flood,,,,United States of America (the),USA,Northern America,Americas,"Amador, Glenn, Lake, Mendocino, Sonoma, Humboldt counties (California)",Heavy rain,Storm,"Slide (land, mud, snow, rock)",,,Yes,,,Km2,,,,,2019,2.0,25.0,2019,3.0,1.0,1.0,,6000.0,,6000.0,,,,,,,94.3490924994534,2,,28867;28875;28876;28881;28887;28913,"Amador, Glenn, Humboldt, Lake, Mendocino, Sonoma (Adm2)."
2019-0090-USA,2019,90,,Natural,Hydrological,Flood,,,,United States of America (the),USA,Northern America,Americas,Northern California,,"Slide (land, mud, snow, rock)",,,,,,,Km2,,,,,2019,2.0,26.0,2019,3.0,4.0,1.0,,8000.0,,8000.0,,,,,,,94.3490924994534,1,3218,,California (Adm1).
2019-0116-USA,2019,116,,Natural,Hydrological,Flood,Riverine flood,,,United States of America (the),USA,Northern America,Americas,"Nebraska, Iowa, Wisconsin, Missouri, Kansas, Illinois, Minnesota, South Dakota, North Dakota, Michigan",Fast snowmelt,Storm,,,,,,,Km2,,,,,2019,3.0,14.0,2019,3.0,31.0,5.0,,2000.0,,2000.0,,,2500000.0,2649734.0,10000000.0,10598936.0,94.3490924994534,1,3227;3229;3230;3236;3237;3239;3241;3248;3255;3263,,"Illinois, Iowa, Kansas, Michigan, Minnesota, Missouri, Nebraska, North Dakota, South Dakota, Wisconsin (Adm1)."
2019-0307-USA,2019,307,,Natural,Hydrological,Flood,,,,United States of America (the),USA,Northern America,Americas,"Lincolnton region (Lincoln County, North Carolina)",Heavy rains,,,,,Yes,,,Km2,,,,Catawba river,2019,6.0,6.0,2019,6.0,9.0,3.0,,600.0,,600.0,,,,,,,94.3490924994534,2,,30621,Lincoln (Adm2).
2020-0089-USA,2020,89,,Natural,Hydrological,Flood,Riverine flood,,,United States of America (the),USA,Northern America,Americas,"Mississippi, Tennessee",Heavy rains,,,,,Yes,,,Km2,,,,Pearl River,2020,2.0,10.0,2020,2.0,17.0,,,3000.0,,3000.0,,,,,175000.0,183221.0,95.5129674174503,1,3238,,Mississippi (Adm1).
2020-0212-USA,2020,212,,Natural,Hydrological,Flood,,,,United States of America (the),USA,Northern America,Americas,"Midland Country, Edenville, Sanford (Central Michigan State)",Heavy rains,Broken Dam/Burst bank,,,,Yes,,,Km2,,,,,2020,5.0,17.0,2020,5.0,20.0,1.0,,10000.0,,10000.0,,,,,2100000.0,2198654.0,95.5129674174503,1,3236,,Michigan (Adm1).
2021-0117-USA,2021,117,,Natural,Hydrological,Flood,Riverine flood,,,United States of America (the),USA,Northern America,Americas,"Todd, Christian, Breathitt, Lee and Magoffin Counties (Kentucky); Tennessee, West Virginia, Arkansas, Ohio, and Maryland",Heavy rain and thunderstorm,"Slide (land, mud, snow, rock)",,,,Yes,,,Km2,,,,,2021,2.0,25.0,2021,3.0,1.0,1.0,1.0,50.0,,51.0,,,,,150000.0,150000.0,100.0,1;2,3217;3234;3249;3256;3262,29683;29694;29735;29744;29780,"Arkansas, Maryland, Ohio, Tennessee, West Virginia (Adm1). Breathitt, Christian, Lee, Magoffin, Todd (Adm2)."
2021-0150-USA,2021,150,,Natural,Hydrological,Flood,,,,United States of America (the),USA,Northern America,Americas,"Hawaii, Maui, Kalawao, Kauai, Honolulu (Oahu Island, Hawaii)",Heavy rains,,,,,Yes,,,Km2,,,,,2021,3.0,8.0,2021,3.0,10.0,1.0,,,,,,,,,50000.0,50000.0,100.0,2,,29224;29225;29226;29227;29228,"Hawaii, Honolulu, Kalawao, Kauai, Maui (Adm2)."
2021-0193-USA,2021,193,,Natural,Hydrological,Flood,,,,United States of America (the),USA,Northern America,Americas,"Davidson, Rutherford, Sullivan, Wilson counties; Nashville Metropolitan Region, Lower Mississippi and Tennessee Valley (Tennessee); Arkansas, Alabama, Georgia, Mississippi, South Carolina, North Carolina, Virginia, Pennsylvania, Maryland, New Jersey",Heavy rains,,,,,,,,Km2,,,,,2021,3.0,27.0,2021,3.0,28.0,8.0,,,,,,,,,1300000.0,1300000.0,100.0,1;2,3214;3217;3224;3234;3238;3244;3247;3252;3254;3260,31123;31179;31186;31199,"Alabama, Arkansas, Georgia, Maryland, Mississippi, New Jersey, North Carolina, Pennsylvania, South Carolina, Virginia (Adm1). Davidson, Rutherford, Sullivan, Wilson (Adm2)."
2021-0335-USA,2021,335,,Natural,Hydrological,Flood,Flash flood,,,United States of America (the),USA,Northern America,Americas,"Bolivar, Sunflower, Panola, and Tallahatchie Counties (Mississippi State); Arkansas, Texas",Heavy rains,,,,,,,,Km2,,,,,2021,6.0,7.0,2021,6.0,10.0,,,636.0,,636.0,,,,,950000.0,950000.0,100.0,1;2,3217;3257,30084;30132;30145;30146,"Arkansas, Texas (Adm1). Bolivar, Panola, Sunflower, Tallahatchie (Adm2)."
2021-0442-USA,2021,442,,Natural,Hydrological,Flood,,,,United States of America (the),USA,Northern America,Americas,Albuquerque (New Mexico); Larimer County (Colorado); Arizona,Heavy rains,"Slide (land, mud, snow, rock)",,,,Yes,,,Km2,,,,,2021,7.0,16.0,2021,7.0,21.0,8.0,,,,,,,,,50000.0,50000.0,100.0,1;2,3216;3245,28957,"Arizona, New Mexico (Adm1). Larimer (Adm2)."
2021-0488-USA,2021,488,,Natural,Hydrological,Flood,Flash flood,,,United States of America (the),USA,Northern America,Americas,"Utah, Nevada, Arizona, New Mexico",Active monsoonal rainfall,Storm,,,,Yes,,,Km2,,,,,2021,7.0,22.0,2021,7.0,28.0,9.0,,,,,,,,,300000.0,300000.0,100.0,1,3216;3242;3245;3258,,"Arizona, Nevada, New Mexico, Utah (Adm1)."
2021-0562-USA,2021,562,,Natural,Hydrological,Flood,Flash flood,,,United States of America (the),USA,Northern America,Americas,Utah and Colorado,,,,,,,,,Km2,,,,,2021,7.0,30.0,2021,8.0,2.0,1.0,,600.0,,600.0,,,,,25000.0,25000.0,100.0,1,3219;3258,,"Colorado, Utah (Adm1)."
2021-0566-USA,2021,566,,Natural,Hydrological,Flood,,,,United States of America (the),USA,Northern America,Americas,El Paso (Texas); Gila Bend (Arizona),,Lightening,,,,Yes,,,Km2,,,,,2021,8.0,10.0,2021,8.0,16.0,3.0,,,,,,,,,225000.0,225000.0,100.0,2,,28778;31269,"El Paso, Gila (Adm2)."
2021-0533-USA,2021,533,,Natural,Hydrological,Flood,Flash flood,,,United States of America (the),USA,Northern America,Americas,"Dickson, Humphrey, and Hickman Counties (Tennessee)",Heavy rains,,,,,,,,Km2,,,,,2021,8.0,21.0,2021,8.0,22.0,22.0,,89.0,,89.0,,,,,150000.0,150000.0,100.0,2,,31126;31145;31147,"Dickson, Hickman, Humphreys (Adm2)."
2021-0733-USA,2021,733,,Natural,Hydrological,Flood,Flash flood,,,United States of America (the),USA,Northern America,Americas,"Jefferson, Shelby, Marshall, Escambia, Baldwin counties (Alabama)",,,,,,Yes,,,Km2,,,,,2021,10.0,4.0,2021,10.0,7.0,4.0,,,,,,,,,325000.0,325000.0,100.0,2,,28692;28717;28727;28738;28748,"Baldwin, Escambia, Jefferson, Marshall, Shelby (Adm2)."
2021-0741-USA,2021,741,,Natural,Hydrological,Flood,,,,United States of America (the),USA,Northern America,Americas,Whatcom County (northern Washington State),Heavy rains,,,,,Yes,,,Km2,,,,,2021,11.0,13.0,2021,11.0,15.0,1.0,,500.0,,500.0,,,,,200000.0,200000.0,100.0,2,,31666,Whatcom (Adm2).
2021-0784-USA,2021,784,,Natural,Hydrological,Flood,,,,United States of America (the),USA,Northern America,Americas,"Big Island, Maui, Molokai, Oahu Island (Hawai)",Heavy rains and strong winds,Storm,,,,Yes,,,Km2,,,,,2021,12.0,3.0,2021,12.0,8.0,,,,,,,,,,75000.0,75000.0,100.0,2,,29224;29225;29226;29228,"Hawaii, Honolulu, Kalawao, Maui (Adm2)."
2022-0361-USA,2022,361,,Natural,Hydrological,Flood,,,,United States of America (the),USA,Northern America,Americas,"Yellowstone National Park (Wyoming, Montana and Idaho states)",Heavy rain combined with glacier melt,"Slide (land, mud, snow, rock)",,,,,,,Km2,,,,,2022,6.0,11.0,2022,6.0,14.0,,,600.0,,600.0,,,,,,,,1,3226;3240;3264,,"Idaho, Montana, Wyoming (Adm1)."
2022-0480-USA,2022,480,,Natural,Hydrological,Flood,,,,United States of America (the),USA,Northern America,Americas,"Kentucky, Missouri",Heavy rains,,,,,Yes,,,Km2,,,,,2022,7.0,26.0,2022,7.0,31.0,42.0,,475.0,,475.0,,,,,1200000.0,,,1,3231;3239,,"Kentucky, Missouri (Adm1)."
