Dis No,Year,Seq,Glide,Disaster Group,Disaster Subgroup,Disaster Type,Disaster Subtype,Disaster Subsubtype,Event Name,Country,ISO,Region,Continent,Location,Origin,Associated Dis,Associated Dis2,OFDA Response,Appeal,Declaration,AID Contribution ('000 US$),Dis Mag Value,Dis Mag Scale,Latitude,Longitude,Local Time,River Basin,Start Year,Start Month,Start Day,End Year,End Month,End Day,Total Deaths,No Injured,No Affected,No Homeless,Total Affected,Reconstruction Costs ('000 US$),"Reconstruction Costs, Adjusted ('000 US$)",Insured Damages ('000 US$),"Insured Damages, Adjusted ('000 US$)",Total Damages ('000 US$),"Total Damages, Adjusted ('000 US$)",CPI,Adm Level,Admin1 Code,Admin2 Code,Geo Locations
1990-0717-DEU,1990,717,,Natural,Meteorological,Storm,,,Daria,Germany,DEU,Western Europe,Europe,,,,,,No,No,,,Kph,,,,,1990,1.0,25.0,1990,1.0,26.0,8.0,,,,,,,600000.0,1244328.0,1200000.0,2488656.0,48.2187972884321,,,,
1990-0718-DEU,1990,718,,Natural,Meteorological,Storm,,,Herta,Germany,DEU,Western Europe,Europe,,,,,,No,No,,,Kph,,,,,1990,2.0,3.0,1990,2.0,4.0,7.0,,,,,,,300000.0,622164.0,600000.0,1244328.0,48.2187972884321,,,,
1990-0719-DEU,1990,719,,Natural,Meteorological,Storm,,,Judith,Germany,DEU,Western Europe,Europe,,,,,,No,No,,,Kph,,,,,1990,2.0,7.0,1990,2.0,8.0,,,,,,,,30000.0,62216.0,60000.0,124433.0,48.2187972884321,,,,
1990-0721-DEU,1990,721,,Natural,Meteorological,Storm,,,Ottilie and Polly,Germany,DEU,Western Europe,Europe,,,,,,No,No,,,Kph,,,,,1990,2.0,13.0,1990,2.0,15.0,10.0,,,,,,,90000.0,186649.0,180000.0,373298.0,48.2187972884321,,,,
1990-0722-DEU,1990,722,,Natural,Meteorological,Storm,,,Vivian,Germany,DEU,Western Europe,Europe,,,,,,No,No,,,Kph,,,,,1990,2.0,25.0,1990,2.0,27.0,15.0,,,,,,,600000.0,1244328.0,1200000.0,2488656.0,48.2187972884321,,,,
1990-0723-DEU,1990,723,,Natural,Meteorological,Storm,,,Wiebke,Germany,DEU,Western Europe,Europe,,,,,,No,No,,,Kph,,,,,1990,2.0,28.0,1990,3.0,1.0,24.0,,,,,,,600000.0,1244328.0,1200000.0,2488656.0,48.2187972884321,,,,
1991-0005-DEU,1991,5,,Natural,Meteorological,Storm,,,Undine,Germany,DEU,Western Europe,Europe,,,,,,No,No,,,Kph,,,,,1991,1.0,5.0,1991,1.0,6.0,,,,,,,,1000.0,1990.0,5000.0,9948.0,50.2608528318391,,,,
1993-0096-DEU,1993,96,,Natural,Meteorological,Storm,,,,Germany,DEU,Western Europe,Europe,Hamburg,,,,,,,,161.0,Kph,,,,,1993,1.0,14.0,1993,1.0,14.0,6.0,,,,,,,,,380000.0,712790.0,53.3116203804942,,,,
1993-0065-DEU,1993,65,,Natural,Meteorological,Storm,Convective storm,Hail,,Germany,DEU,Western Europe,Europe,,,Hail,,,No,No,,,Kph,,,,,1993,7.0,5.0,1993,7.0,6.0,,,,,,,,25000.0,46894.0,30000.0,56273.0,53.3116203804942,,,,
1994-0015-DEU,1994,15,,Natural,Meteorological,Storm,,,Lore,Germany,DEU,Western Europe,Europe,,,,,,No,No,,170.0,Kph,,,,,1994,1.0,27.0,1994,1.0,29.0,6.0,,,,,,,330000.0,603272.0,400000.0,731239.0,54.7016925431883,,,,
1994-0786-DEU,1994,786,,Natural,Meteorological,Storm,Convective storm,Lightning/Thunderstorms,,Germany,DEU,Western Europe,Europe,"Rhenanie North Westphalie, Münsterland, Hesse, Cologne, Nuremberg, Leipzig",,Hail,,,No,No,,,Kph,,,,,1994,7.0,3.0,1994,7.0,5.0,5.0,,,,,,,322600.0,589744.0,645200.0,1179488.0,54.7016925431883,,,,
1995-0008-DEU,1995,8,,Natural,Meteorological,Storm,,,"Thaila, Urania, Valeska, Wilma",Germany,DEU,Western Europe,Europe,,,Flood,,,No,No,,,Kph,,,,,1995,1.0,21.0,1995,2.0,2.0,5.0,,30000.0,,30000.0,,,130000.0,231167.0,320000.0,569027.0,56.2363000218675,,,,
1995-0111-DEU,1995,111,,Natural,Meteorological,Storm,Convective storm,Hail,,Germany,DEU,Western Europe,Europe,"Searbrucken, Manheim, Nuremberg, Bayreuth, Kulbach",,,,,,,,,Kph,,,,,1995,7.0,21.0,1995,7.0,21.0,,,,,,,,139700.0,248416.0,209600.0,372713.0,56.2363000218675,,,,
1996-0252-DEU,1996,252,,Natural,Meteorological,Storm,Tropical cyclone,,Lilli,Germany,DEU,Western Europe,Europe,,,,,,No,No,,,Kph,,,,,1996,10.0,26.0,1996,10.0,30.0,,,,,,,,,,500.0,864.0,57.8847058823529,,,,
1998-0601-DEU,1998,601,,Natural,Meteorological,Storm,,,Xylia,Germany,DEU,Western Europe,Europe,"Main, Tauber, Moselle, Baden-Baden",,Flood,,,No,No,,,Kph,,,,,1998,10.0,27.0,1998,11.0,2.0,3.0,15.0,,,15.0,,,90000.0,149608.0,150000.0,249346.0,60.1574108900066,,,,
1999-0590-DEU,1999,590,,Natural,Meteorological,Storm,Extra-tropical storm,,Anatol,Germany,DEU,Western Europe,Europe,,,,,,No,No,,,Kph,,,,,1999,12.0,4.0,1999,12.0,5.0,3.0,,,,,,,100000.0,162671.0,150000.0,244007.0,61.473667176908,,,,
1999-0571-DEU,1999,571,,Natural,Meteorological,Storm,Extra-tropical storm,,Lothar,Germany,DEU,Western Europe,Europe,,,,,,No,No,,180.0,Kph,,,,,1999,12.0,24.0,1999,12.0,27.0,15.0,,,,,,,650000.0,1057363.0,1600000.0,2602740.0,61.473667176908,,,,
2001-0386-DEU,2001,386,,Natural,Meteorological,Storm,Convective storm,Lightning/Thunderstorms,Willy,Germany,DEU,Western Europe,Europe,Bayern province,,,,,,,,100.0,Kph,,,,,2001,7.0,6.0,2001,7.0,7.0,6.0,,,,,,,200000.0,306065.0,300000.0,459098.0,65.345558714192,1,1309,,Bayern (Adm1).
2002-0055-DEU,2002,55,,Natural,Meteorological,Storm,,,Jennifer,Germany,DEU,Western Europe,Europe,"Bremen, Thueringen, Bayern, Hamburg, Mecklenburg-Vorpommern province ; Oranienbourg city (Brandenburg province)",,Flood,,,,,,,Kph,,,,,2002,1.0,28.0,2002,1.0,29.0,4.0,6.0,,,6.0,,,100000.0,150643.0,150000.0,225965.0,66.3819636999782,1,1309;1311;1312;1313;1315;1323,,"Bayern, Brandenburg, Bremen, Hamburg, Mecklenburg-Vorpommern, Thueringen (Adm1)."
2002-0420-DEU,2002,420,,Natural,Meteorological,Storm,,,,Germany,DEU,Western Europe,Europe,Berlin province,,,,,,,,150.0,Kph,,,,,2002,7.0,10.0,2002,7.0,10.0,7.0,13.0,,,13.0,,,,,100000.0,150643.0,66.3819636999782,1,1310,,Berlin (Adm1).
2002-0674-DEU,2002,674,,Natural,Meteorological,Storm,Extra-tropical storm,,Jeannet,Germany,DEU,Western Europe,Europe,"Nordrhein-Westfalen, Hessen, Schleswig-Holstein, Niedersachsen provinces",,,,,,,,180.0,Kph,,,,,2002,10.0,26.0,2002,10.0,26.0,11.0,,,,,,,1200000.0,1807720.0,1800000.0,2711580.0,66.3819636999782,1,1314;1316;1317;1322,,"Hessen, Niedersachsen, Nordrhein-Westfalen, Schleswig-Holstein (Adm1)."
2003-0003-DEU,2003,3,,Natural,Meteorological,Storm,Extra-tropical storm,,Calvann,Germany,DEU,Western Europe,Europe,"Baden-Wuerttemberg, Bayern, Berlin, Brandenburg, Bremen, Hamburg, Hessen, Mecklenburg-Vorpommern, Niedersachsen, Nordrhein-Westfalen, Rheinland-Pfalz, Saarland, Sachsen, Sachsen-Anhalt, Schleswig-Holstein, Thueringen provinces",,,,,,,,,Kph,,,,,2003,1.0,2.0,2003,1.0,2.0,5.0,,,,,,,100000.0,147299.0,300000.0,441898.0,67.8888956921058,1,1308;1309;1310;1311;1312;1313;1314;1315;1316;1317;1318;1319;1320;1321;1322;1323,,"Baden-Wuerttemberg, Bayern, Berlin, Brandenburg, Bremen, Hamburg, Hessen, Mecklenburg-Vorpommern, Niedersachsen, Nordrhein-Westfalen, Rheinland-Pfalz, Saarland, Sachsen, Sachsen-Anhalt, Schleswig-Holstein, Thueringen (Adm1)."
2003-0781-DEU,2003,781,,Natural,Meteorological,Storm,Convective storm,Lightning/Thunderstorms,,Germany,DEU,Western Europe,Europe,"Baden-Wuerttemberg, Bayern, Berlin, Brandenburg, Bremen, Hamburg, Hessen, Mecklenburg-Vorpommern, Niedersachsen, Nordrhein-Westfalen, Rheinland-Pfalz, Saarland, Sachsen, Sachsen-Anhalt, Schleswig-Holstein, Thueringen provinces",,,,,,,,,Kph,,,,,2003,6.0,7.0,2003,6.0,8.0,10.0,,,,,,,,,,,67.8888956921058,1,1308;1309;1310;1311;1312;1313;1314;1315;1316;1317;1318;1319;1320;1321;1322;1323,,"Baden-Wuerttemberg, Bayern, Berlin, Brandenburg, Bremen, Hamburg, Hessen, Mecklenburg-Vorpommern, Niedersachsen, Nordrhein-Westfalen, Rheinland-Pfalz, Saarland, Sachsen, Sachsen-Anhalt, Schleswig-Holstein, Thueringen (Adm1)."
2004-0730-DEU,2004,730,,Natural,Meteorological,Storm,,,Gerda,Germany,DEU,Western Europe,Europe,"Baden-Wuerttemberg, Bayern, Berlin, Brandenburg, Bremen, Hamburg, Hessen, Mecklenburg-Vorpommern, Niedersachsen, Nordrhein-Westfalen, Rheinland-Pfalz, Saarland, Sachsen, Sachsen-Anhalt, Schleswig-Holstein, Thueringen provinces",,,,,,,,200.0,Kph,,,,,2004,1.0,12.0,2004,1.0,13.0,2.0,,,,,,,100000.0,143459.0,130000.0,186496.0,69.7064421605073,1,1308;1309;1310;1311;1312;1313;1314;1315;1316;1317;1318;1319;1320;1321;1322;1323,,"Baden-Wuerttemberg, Bayern, Berlin, Brandenburg, Bremen, Hamburg, Hessen, Mecklenburg-Vorpommern, Niedersachsen, Nordrhein-Westfalen, Rheinland-Pfalz, Saarland, Sachsen, Sachsen-Anhalt, Schleswig-Holstein, Thueringen (Adm1)."
2005-0011-DEU,2005,11,,Natural,Meteorological,Storm,Extra-tropical storm,,Erwin,Germany,DEU,Western Europe,Europe,Schleswig-Holstein province,,,,,,,,181.0,Kph,,,,,2005,1.0,8.0,2005,1.0,8.0,2.0,2.0,,,2.0,,,200000.0,277503.0,270000.0,374628.0,72.0714104526569,1,1322,,Schleswig-Holstein (Adm1).
2006-0352-DEU,2006,352,,Natural,Meteorological,Storm,Convective storm,Hail,,Germany,DEU,Western Europe,Europe,Baden-Wuerttemberg province,,Hail,,,,,,,Kph,,,,,2006,6.0,28.0,2006,6.0,29.0,1.0,100.0,,,100.0,,,,,,,74.3963874917997,1,1308,,Baden-Wuerttemberg (Adm1).
2006-0356-DEU,2006,356,,Natural,Meteorological,Storm,,,,Germany,DEU,Western Europe,Europe,Berlin city (Berlin province),,Flood,,,,Yes,,,Kph,,,,,2006,7.0,7.0,2006,7.0,7.0,,,,,,,,,,,,74.3963874917997,1,1310,,Berlin (Adm1).
2007-0019-DEU,2007,19,,Natural,Meteorological,Storm,Extra-tropical storm,,Kyrill,Germany,DEU,Western Europe,Europe,"Baden-Wuerttemberg, Bayern, Berlin, Brandenburg, Bremen, Hamburg, Hessen, Mecklenburg-Vorpommern, Niedersachsen, Nordrhein-Westfalen, Rheinland-Pfalz, Saarland, Sachsen, Sachsen-Anhalt, Schleswig-Holstein, Thueringen provinces",,,,,,,,200.0,Kph,,,,,2007,1.0,18.0,2007,1.0,18.0,11.0,130.0,,,130.0,,,3120000.0,4077436.0,5500000.0,7187787.0,76.5186792040236,1,1308;1309;1310;1311;1312;1313;1314;1315;1316;1317;1318;1319;1320;1321;1322;1323,,"Baden-Wuerttemberg, Bayern, Berlin, Brandenburg, Bremen, Hamburg, Hessen, Mecklenburg-Vorpommern, Niedersachsen, Nordrhein-Westfalen, Rheinland-Pfalz, Saarland, Sachsen, Sachsen-Anhalt, Schleswig-Holstein, Thueringen (Adm1)."
2007-0037-DEU,2007,37,,Natural,Meteorological,Storm,Convective storm,Winter storm/Blizzard,,Germany,DEU,Western Europe,Europe,"Berlin city (Berlin province), Seesen city (Niedersachsen province), Lubeck, Brugge cities (Schleswig-Holstein province), Werder city (Brandenburg province)",,,,,,,,,Kph,,,,,2007,1.0,23.0,2007,1.0,25.0,7.0,,,,,,,,,,,76.5186792040236,1,1310;1311;1316;1322,,"Berlin, Brandenburg, Niedersachsen, Schleswig-Holstein (Adm1)."
2008-0082-DEU,2008,82,,Natural,Meteorological,Storm,Extra-tropical storm,,Emma,Germany,DEU,Western Europe,Europe,Bayern,,Flood,,,,,,220.0,Kph,,,,,2008,2.0,29.0,2008,3.0,2.0,5.0,,,,,,,,,1200000.0,1510264.0,79.4563043953641,1,1309,,Bayern (Adm1).
2008-0653-DEU,2008,653,,Natural,Meteorological,Storm,Convective storm,Severe storm,Hilal,Germany,DEU,Western Europe,Europe,"Baden-Württemberg, Nordrhein-Westfalen, Hesse, Rheinland-Pfalz, Sachsen",,Hail,,,,,,,Kph,,,,,2008,5.0,29.0,2008,6.0,2.0,3.0,,,,,,,1100000.0,1384409.0,1500000.0,1887830.0,79.4563043953641,1,1308;1314;1317;1318;1320,,"Baden-Wuerttemberg, Hessen, Nordrhein-Westfalen, Rheinland-Pfalz, Sachsen (Adm1)."
2009-0273-DEU,2009,273,,Natural,Meteorological,Storm,Convective storm,Lightning/Thunderstorms,,Germany,DEU,Western Europe,Europe,"Baden-Wuerttemberg, Bayern, Berlin, Brandenburg, Mecklenburg-Vorpommern, Sachsen-Anhalt, Thueringen provinces",,,,,,,,,Kph,,,,,2009,7.0,23.0,2009,7.0,24.0,1.0,,,,,,,,,50000.0,63152.0,79.1738027553029,1,1308;1309;1310;1311;1315;1321;1323,,"Baden-Wuerttemberg, Bayern, Berlin, Brandenburg, Mecklenburg-Vorpommern, Sachsen-Anhalt, Thueringen (Adm1)."
2010-0088-DEU,2010,88,,Natural,Meteorological,Storm,Extra-tropical storm,,Xynthia,Germany,DEU,Western Europe,Europe,"Forêt Noire (Bade-Wurtemberg province) ; Nordrhein-Westfalen, Saarland, Hessen provinces",,,,,,,,130.0,Kph,,,,,2010,2.0,28.0,2010,2.0,28.0,4.0,,,,,,,680000.0,845011.0,1000000.0,1242664.0,80.472285151979,1,1308;1314;1317;1319,,"Baden-Wuerttemberg, Hessen, Nordrhein-Westfalen, Saarland (Adm1)."
2010-0652-DEU,2010,652,,Natural,Meteorological,Storm,Convective storm,Winter storm/Blizzard,,Germany,DEU,Western Europe,Europe,"Berlin city (Berlin province), Hamburg city (Hamburg province), Düsseldorf city (Düsseldorf district), Gelsenkirchen city (Muenster district) (Nordrhein-Westfalen province), Frankfort city (Darmstadt district, Hessen province)",,,,,,,,,Kph,,,,,2010,12.0,23.0,2010,12.0,24.0,,,,,,,,,,,,80.472285151979,1;2,1310;1313,16541;16551;16553,"Berlin, Hamburg (Adm1). Darmstadt, Duesseldorf, Muenster (Adm2)."
2013-0547-DEU,2013,547,,Natural,Meteorological,Storm,Convective storm,Hail,,Germany,DEU,Western Europe,Europe,Wassel village (Niedersachsen province) ; Baden-Württemberg province,,,,,,,,,Kph,,,,,2013,7.0,27.0,2013,7.0,28.0,,,,,,,,3700000.0,4303745.0,4800000.0,5583236.0,85.9716422479773,1,1308;1316,,"Baden-Wuerttemberg, Niedersachsen (Adm1)."
2013-0398-DEU,2013,398,,Natural,Meteorological,Storm,Extra-tropical storm,,Storm Christian,Germany,DEU,Western Europe,Europe,"Niedersachsen, Schleswig Holstein province",,,,,,,,160.0,Kph,,,,,2013,10.0,27.0,2013,10.0,28.0,7.0,2.0,,,2.0,,,,,,,85.9716422479773,1,1316;1322,,"Niedersachsen, Schleswig-Holstein (Adm1)."
2013-0517-DEU,2013,517,,Natural,Meteorological,Storm,Extra-tropical storm,,Storm Xaver,Germany,DEU,Western Europe,Europe,"Hamburg, Schleswig-Holstein, Niedersachsen, Bremen provinces",,Tsunami/Tidal wave,Flood,,,,,,Kph,,,,,2013,12.0,4.0,2013,12.0,7.0,,,,,,,,,,,,85.9716422479773,1,1312;1313;1316;1322,,"Bremen, Hamburg, Niedersachsen, Schleswig-Holstein (Adm1)."
2014-0209-DEU,2014,209,,Natural,Meteorological,Storm,Convective storm,Lightning/Thunderstorms,,Germany,DEU,Western Europe,Europe,"Koeln city (Koeln district), Dusseldorf,Krefeld, Essen cities (Dusseldorf district) (Nordrhein-Westfalen provinces)",,,,,,,,,Kph,,,,,2014,6.0,8.0,2014,6.0,10.0,6.0,,,,,,,,,,,87.3662978351193,2,,16551;16552,"Duesseldorf, Koeln (Adm2)."
2014-0381-DEU,2014,381,,Natural,Meteorological,Storm,Convective storm,Lightning/Thunderstorms,,Germany,DEU,Western Europe,Europe,Nordrhein-Westfalen province,,,,,,,,,Kph,,,,,2014,7.0,28.0,2014,7.0,29.0,2.0,1.0,,,1.0,,,190000.0,217475.0,400000.0,457842.0,87.3662978351193,1,1317,,Nordrhein-Westfalen (Adm1).
2017-0565-DEU,2017,565,,Natural,Meteorological,Storm,Convective storm,Hail,,Germany,DEU,Western Europe,Europe,"Harburg District in Niedersachsen, Sachsen-Anhalt, Brandenburg, Sachsen",,,,,,,,,Kph,,,,,2017,6.0,22.0,2017,6.0,23.0,2.0,,,,,,,570000.0,630112.0,740000.0,818040.0,90.4601793133611,1,1311;1316;1320;1321,,"Brandenburg, Niedersachsen, Sachsen, Sachsen-Anhalt (Adm1)."
2017-0360-DEU,2017,360,,Natural,Meteorological,Storm,Convective storm,Severe storm,,Germany,DEU,Western Europe,Europe,"Passau district, Freyung-Grafenau (Niederbayern), Altötting (Oberbayern)",Low pressure 'Kolle',Hail,,,,,,,Kph,,,,,2017,8.0,18.0,2017,8.0,19.0,3.0,24.0,,,24.0,,,,,159000.0,175768.0,90.4601793133611,2,,16531;16532,"Niederbayern, Oberbayern (Adm2)."
2018-0025-DEU,2018,25,,Natural,Meteorological,Storm,Extra-tropical storm,,'Friederike' (David),Germany,DEU,Western Europe,Europe,"Nordrhein-Westfalen (Emmerich-Elten, Ratingen-Dusseldorf ), Saxe-Anhalt, Thuringen, Brandenburg (Cottbus), Mecklemburg-Vorpommem,",,Transport accident,,,,,,130.0,Kph,,,,,2018,1.0,17.0,2018,1.0,18.0,5.0,12.0,,,12.0,,,,,588475.0,635024.0,92.6696698010059,1,1311;1315;1317;1321;1323,,"Brandenburg, Mecklenburg-Vorpommern, Nordrhein-Westfalen, Sachsen-Anhalt, Thueringen (Adm1)."
2019-0001-DEU,2019,1,,Natural,Meteorological,Storm,Convective storm,Winter storm/Blizzard,,Germany,DEU,Western Europe,Europe,Bavaria,,,,,,,,,Kph,,,,,2019,1.0,5.0,2019,1.0,17.0,1.0,,,,,,,,,,,94.3490924994534,1,1309,,Bayern (Adm1).
2020-0051-DEU,2020,51,,Natural,Meteorological,Storm,Extra-tropical storm,,Storm 'Ciara' (Sabine),Germany,DEU,Western Europe,Europe,"Kiel, Kölln, Frankfurt, Sarrebruck, Paderborn",,,,,,,,,Kph,,,,,2020,2.0,9.0,2020,2.0,9.0,,33.0,,,33.0,,,,,,,95.5129674174503,1;2,1319;1322,16541;16550;16552,"Saarland, Schleswig-Holstein (Adm1). Darmstadt, Detmold, Koeln (Adm2)."
2021-0363-DEU,2021,363,,Natural,Meteorological,Storm,Convective storm,Lightning/Thunderstorms,,Germany,DEU,Western Europe,Europe,"Bade-Wurtemberg, Bavière, Rhénanie-Palatinat, Rhénanie du Nord-Westphalie",,Flood,,,,,,100.0,Kph,,,,,2021,6.0,28.0,2021,6.0,29.0,,,600.0,,600.0,,,,,,,100.0,1,1308;1309;1317;1318,,"Baden-Wuerttemberg, Bayern, Nordrhein-Westfalen, Rheinland-Pfalz (Adm1)."
2021-0687-DEU,2021,687,,Natural,Meteorological,Storm,Convective storm,,Storm 'Aurore' (Hendrick),Germany,DEU,Western Europe,Europe,"Brandenburg, Sachsen; Cochem (Rheinland-Pfalz)",Strong winds,,,,,,,,Kph,,,,,2021,10.0,21.0,2021,10.0,22.0,1.0,4.0,,,4.0,,,,,,,100.0,1,1311;1318;1320,,"Brandenburg, Rheinland-Pfalz, Sachsen (Adm1)."
2022-0081-DEU,2022,81,,Natural,Meteorological,Storm,Extra-tropical storm,,Storm 'Malik' (Nadia),Germany,DEU,Western Europe,Europe,,,,,,,,,,Kph,,,,,2022,1.0,28.0,2022,1.0,31.0,1.0,2.0,,,2.0,,,,,,,,,,,
2022-0097-DEU,2022,97,,Natural,Meteorological,Storm,Extra-tropical storm,,Storm 'Dudley' (Ylenia),Germany,DEU,Western Europe,Europe,"Brocken, Kahler Asten; North Rhine-Westphalia; Lower Saxony, Saxony-Anhalt",,Flood,,Yes,,,,152.0,Kph,,,,,2022,2.0,16.0,2022,2.0,17.0,3.0,,,,,,,,,,,,,,,
2022-0112-DEU,2022,112,,Natural,Meteorological,Storm,Extra-tropical storm,,Storm 'Eunice' (Zeynep),Germany,DEU,Western Europe,Europe,,,,,,,,,,Kph,,,,,2022,2.0,18.0,2022,2.0,18.0,3.0,,,,,,,,,,,,,,,
