Dis No,Year,Seq,Glide,Disaster Group,Disaster Subgroup,Disaster Type,Disaster Subtype,Disaster Subsubtype,Event Name,Country,ISO,Region,Continent,Location,Origin,Associated Dis,Associated Dis2,OFDA Response,Appeal,Declaration,AID Contribution ('000 US$),Dis Mag Value,Dis Mag Scale,Latitude,Longitude,Local Time,River Basin,Start Year,Start Month,Start Day,End Year,End Month,End Day,Total Deaths,No Injured,No Affected,No Homeless,Total Affected,Reconstruction Costs ('000 US$),"Reconstruction Costs, Adjusted ('000 US$)",Insured Damages ('000 US$),"Insured Damages, Adjusted ('000 US$)",Total Damages ('000 US$),"Total Damages, Adjusted ('000 US$)",CPI,Adm Level,Admin1 Code,Admin2 Code,Geo Locations
1967-0041-FRA,1967,41,,Natural,Meteorological,Storm,Convective storm,Tornado,,France,FRA,Western Europe,Europe,North,,,,,No,No,,,Kph,,,,,1967,6.0,25.0,1967,6.0,25.0,5.0,,,,,,,,,20000.0,162460.0,12.3107281871857,,,,
1969-0074-FRA,1969,74,,Natural,Meteorological,Storm,,,,France,FRA,Western Europe,Europe,"Brittany, Normandy",,,,,,,,,Kph,,,,,1969,7.0,6.0,1969,7.0,6.0,23.0,,,,,,,,,,,13.5378001312049,,,,
1982-0336-FRA,1982,336,,Natural,Meteorological,Storm,,,,France,FRA,Western Europe,Europe,,,,,,,,,,Kph,,,,,1982,1.0,15.0,1982,1.0,15.0,,,,,,,,,,,,35.6128405860485,,,,
1982-0119-FRA,1982,119,,Natural,Meteorological,Storm,,,,France,FRA,Western Europe,Europe,"Seine, Saone, Charente, Loire departments",,,,,No,No,,,Kph,,,,,1982,11.0,6.0,1982,11.0,9.0,12.0,,,,,,,,,350000.0,982792.0,35.6128405860485,,,,
1983-0346-FRA,1983,346,,Natural,Meteorological,Storm,Convective storm,Severe storm,,France,FRA,Western Europe,Europe,"Central, South-West regions",,,,,,,,,Kph,,,,,1983,7.0,26.0,1983,7.0,26.0,11.0,,,,,,,,,,,36.7568773234201,,,,
1984-0061-FRA,1984,61,,Natural,Meteorological,Storm,Convective storm,Severe storm,,France,FRA,Western Europe,Europe,,,,,,No,No,,,Kph,,,,,1984,7.0,11.0,1984,7.0,11.0,4.0,,,,,,,,,,,38.3376251913405,,,,
1984-0257-FRA,1984,257,,Natural,Meteorological,Storm,Tropical cyclone,,Hortense,France,FRA,Western Europe,Europe,,,,,,,,,,Kph,,,,,1984,10.0,5.0,1984,10.0,5.0,,,,,,,,,,,,38.3376251913405,,,,
1984-0258-FRA,1984,258,,Natural,Meteorological,Storm,Convective storm,Severe storm,,France,FRA,Western Europe,Europe,,,,,,,,,,Kph,,,,,1984,11.0,21.0,1984,11.0,21.0,,,,,,,,,,,,38.3376251913405,,,,
1987-0192-FRA,1987,192,,Natural,Meteorological,Storm,,,,France,FRA,Western Europe,Europe,"Bretagne, Normandie",,,,,,,,200.0,Kph,,,,,1987,10.0,16.0,1987,10.0,16.0,4.0,,,,,,,,,1700000.0,4054112.0,41.9327356221299,,,,
1989-0590-FRA,1989,590,,Natural,Meteorological,Storm,,,,France,FRA,Western Europe,Europe,,,,,,,,,,Kph,,,,,1989,2.0,26.0,1989,2.0,26.0,9.0,,,,,,,,,,,45.749276186311,,,,
1990-0717-FRA,1990,717,,Natural,Meteorological,Storm,,,Daria,France,FRA,Western Europe,Europe,,,,,,No,No,,,Kph,,,,,1990,1.0,25.0,1990,1.0,26.0,,,,,,,,300000.0,622164.0,400000.0,829552.0,48.2187972884321,,,,
1990-0718-FRA,1990,718,,Natural,Meteorological,Storm,,,Herta,France,FRA,Western Europe,Europe,,,,,,No,No,,,Kph,,,,,1990,2.0,3.0,1990,2.0,4.0,23.0,,,,,,,700000.0,1451716.0,900000.0,1866492.0,48.2187972884321,,,,
1990-0719-FRA,1990,719,,Natural,Meteorological,Storm,,,Judith,France,FRA,Western Europe,Europe,,,,,,No,No,,,Kph,,,,,1990,2.0,7.0,1990,2.0,8.0,,,,,,,,30000.0,62216.0,60000.0,124433.0,48.2187972884321,,,,
1990-0720-FRA,1990,720,,Natural,Meteorological,Storm,,,Nana,France,FRA,Western Europe,Europe,,,,,,No,No,,,Kph,,,,,1990,2.0,11.0,1990,2.0,12.0,,,,,,,,30000.0,62216.0,60000.0,124433.0,48.2187972884321,,,,
1990-0721-FRA,1990,721,,Natural,Meteorological,Storm,,,Ottilie and Polly,France,FRA,Western Europe,Europe,,,,,,No,No,,,Kph,,,,,1990,2.0,13.0,1990,2.0,15.0,,,,,,,,30000.0,62216.0,60000.0,124433.0,48.2187972884321,,,,
1990-0722-FRA,1990,722,,Natural,Meteorological,Storm,,,Vivian,France,FRA,Western Europe,Europe,,,,,,No,No,,,Kph,,,,,1990,2.0,25.0,1990,2.0,27.0,10.0,,,,,,,100000.0,207388.0,200000.0,414776.0,48.2187972884321,,,,
1990-0723-FRA,1990,723,,Natural,Meteorological,Storm,,,Wiebke,France,FRA,Western Europe,Europe,,,,,,No,No,,,Kph,,,,,1990,2.0,28.0,1990,3.0,1.0,10.0,,,,,,,120000.0,248866.0,230000.0,476992.0,48.2187972884321,,,,
1990-0153-FRA,1990,153,,Natural,Meteorological,Storm,,,,France,FRA,Western Europe,Europe,"Massif Central, Rhone Valley",,,,,,,,,Kph,,,,,1990,12.0,9.0,1990,12.0,9.0,,,,,,,,,,,,48.2187972884321,,,,
1992-0171-FRA,1992,171,,Natural,Meteorological,Storm,,,,France,FRA,Western Europe,Europe,South,,,,,,,,,Kph,,,,,1992,1.0,22.0,1992,1.0,22.0,1.0,,,,,,,74200.0,143290.0,,,51.7831620380495,,,,
1992-0251-FRA,1992,251,,Natural,Meteorological,Storm,Convective storm,Severe storm,,France,FRA,Western Europe,Europe,"Vaucluse, Drome, Ardeche",Brief torrential rains,,,,No,No,,,Kph,,,,,1992,9.0,22.0,1992,9.0,22.0,47.0,,2000.0,,2000.0,,,178300.0,344320.0,400000.0,772452.0,51.7831620380495,,,,
1993-0065-FRA,1993,65,,Natural,Meteorological,Storm,Convective storm,Hail,,France,FRA,Western Europe,Europe,South West - Saonne et Loire,,Hail,,,No,No,,,Kph,,,,,1993,7.0,5.0,1993,7.0,6.0,2.0,18.0,1500.0,,1518.0,,,40000.0,75031.0,50000.0,93788.0,53.3116203804942,,,,
1993-0211-FRA,1993,211,,Natural,Meteorological,Storm,,,,France,FRA,Western Europe,Europe,"Alps, Vaucluse, Drome",,Flood,,,No,No,,,Kph,,,,,1993,9.0,22.0,1993,9.0,25.0,10.0,2.0,200.0,,202.0,,,340000.0,637760.0,500000.0,937882.0,53.3116203804942,,,,
1995-0007-FRA,1995,7,,Natural,Meteorological,Storm,,,"Thaila, Urania, Valeska, Wilma",France,FRA,Western Europe,Europe,"Basse-Normandie, Champagne-Ardennes, Bretagne, Pays de Loire, Ile-de-France","Heavy rains, melting snow",Flood,,,No,No,,,Kph,,,,Villaine,1995,1.0,21.0,1995,2.0,2.0,16.0,,5000.0,,5000.0,,,570000.0,1013580.0,700000.0,1244748.0,56.2363000218675,,,,
1996-0252-FRA,1996,252,,Natural,Meteorological,Storm,Tropical cyclone,,Lilli,France,FRA,Western Europe,Europe,,,,,,No,No,,,Kph,,,,,1996,10.0,27.0,1996,10.0,30.0,1.0,,,,,,,,,10.0,17.0,57.8847058823529,,,,
1998-0436-FRA,1998,436,,Natural,Meteorological,Storm,Extra-tropical storm,,"Cilly, Desiree, Fanny",France,FRA,Western Europe,Europe,"Bretagne, Ouest de la France",,,,,No,No,,150.0,Kph,,,,,1998,1.0,1.0,1998,1.0,6.0,6.0,,690.0,,690.0,,,130000.0,216100.0,150000.0,249346.0,60.1574108900066,,,,
1999-0202-FRA,1999,202,,Natural,Meteorological,Storm,,,,France,FRA,Western Europe,Europe,Paris,,,,,,,,,Kph,,,,,1999,5.0,30.0,1999,5.0,30.0,3.0,20.0,100000.0,,100020.0,,,,,,,61.473667176908,,,,
1999-0571-FRA,1999,571,,Natural,Meteorological,Storm,Extra-tropical storm,,Lothar,France,FRA,Western Europe,Europe,"South-Western, Western",,"Slide (land, mud, snow, rock)",,,No,No,,200.0,Kph,,,,,1999,12.0,26.0,1999,12.0,28.0,88.0,11.0,3400000.0,,3400011.0,,,4450000.0,7238872.0,8000000.0,13013702.0,61.473667176908,,,,
1999-0611-FRA,1999,611,,Natural,Meteorological,Storm,Extra-tropical storm,,Martin,France,FRA,Western Europe,Europe,,,,,,No,No,,,Kph,,,,,1999,12.0,27.0,1999,12.0,28.0,8.0,,,,,2450000.0,3985446.0,,,4000000.0,6506851.0,61.473667176908,,,,
2000-0636-FRA,2000,636,,Natural,Meteorological,Storm,Convective storm,Tornado,,France,FRA,Western Europe,Europe,"Montpellier city (Herault district, Languedoc-Rousillon province), Marseille city (Bouches-du-Rhone district, Provence-Alpes-Cote-d'Azur province)",,,,,,,,100.0,Kph,,,,,2000,9.0,19.0,2000,9.0,19.0,6.0,7.0,,200.0,207.0,,,,,,,63.5495473431008,2,,16287;16322,"Bouches-du-Rhone, Herault (Adm2)."
2001-0324-FRA,2001,324,,Natural,Meteorological,Storm,Convective storm,Tornado,,France,FRA,Western Europe,Europe,"Strasbourg city (Bas-Rhin district, Alsace province)",,,,,,,,149.0,Kph,,,,,2001,7.0,6.0,2001,7.0,6.0,12.0,85.0,,,85.0,,,,,,,65.345558714192,2,,16238,Bas-Rhin (Adm2).
2001-0583-FRA,2001,583,,Natural,Meteorological,Storm,Convective storm,Tornado,,France,FRA,Western Europe,Europe,"Villeneuve-les-Maguelone city (Hérault district, Languedoc-Rousillon province), Loriol city (Haute-Loire district, Auvergne province)",,,,,,,,,Kph,,,,,2001,10.0,20.0,2001,10.0,21.0,2.0,35.0,300.0,,335.0,,,,,,,65.345558714192,2,,16247;16287,"Haute-Loire, Herault (Adm2)."
2002-0673-FRA,2002,673,,Natural,Meteorological,Storm,Extra-tropical storm,,Jeanett,France,FRA,Western Europe,Europe,"Eure district (Haute-Normandie province), Manche, Calvados districts (Basse-Normandie province), Pas-de-Calais district (Nord-Pas-de-Calais province), Somme district (Picardie province), Seine-Maritime district (Haute-Normandie province), Seine-Saint-Denis district (Ile-de-France province)",,,,,,,,,Kph,,,,,2002,10.0,27.0,2002,10.0,27.0,4.0,3.0,,,3.0,,,,,1000.0,1506.0,66.3819636999782,2,,16249;16250;16276;16277;16282;16307;16315,"Calvados, Eure, Manche, Pas-de-Calais, Seine-Maritime, Seine-Saint-Denis, Somme (Adm2)."
2002-0712-FRA,2002,712,,Natural,Meteorological,Storm,,,,France,FRA,Western Europe,Europe,"Var, Vaucluse districts (Provence-Alpes-Cote-d'Azure province)",,,,,,,,,Kph,,,,,2002,11.0,18.0,2002,11.0,18.0,1.0,,250.0,,250.0,,,,,,,66.3819636999782,2,,16324;16325,"Var, Vaucluse (Adm2)."
2003-0003-FRA,2003,3,,Natural,Meteorological,Storm,Extra-tropical storm,,Calvann,France,FRA,Western Europe,Europe,"Alsace, Champagne-Ardenne, Franche-Comte, Lorraine provinces (Nord-East region)",,,,,,,,,Kph,,,,,2003,1.0,2.0,2003,1.0,3.0,1.0,,,,,,,,,50.0,74.0,67.8888956921058,1,1248;1255;1257;1263,,"Alsace, Champagne-Ardenne, Franche-Comte, Lorraine (Adm1)."
2003-0395-FRA,2003,395,,Natural,Meteorological,Storm,,,,France,FRA,Western Europe,Europe,"Maine-et-Loire district (Pays-de-la-Loire province), Landes, Gironde districts (Aquitaire province), Charente-Maritime, Vienne districts (Poitou-Charentes province)",,Hail,Rain,,,,,160.0,Kph,,,,,2003,7.0,15.0,2003,7.0,15.0,5.0,70.0,,,70.0,,,,,,,67.8888956921058,2,,16241;16242;16309;16317;16319,"Charente-Maritime, Gironde, Landes, Maine-et-Loire, Vienne (Adm2)."
2004-0427-FRA,2004,427,,Natural,Meteorological,Storm,,,,France,FRA,Western Europe,Europe,"Alpes-maritimes, Var, Bouches-du-Rhone districts (Provence-Alpes-Cote-d'Azur province), Gard, Aude, Herault, Pyrenees-Orientales districts (Languedoc-Rousillon province) (Region Méditérranéenne), Aveyron, Lot districts (Midi-Pyrenees province), Lozère district (Langedoc-Rousillon province), Cantal, Haute-Loire, Puy-de-Dôme, Allier districts (Auvergne province), Loire district (Rhone-Alpes province), Creuse, Haute-Vienne, Corrèze districts (Limousin province) (Massif Central)",,Rain,,,,,,,Kph,,,,,2004,8.0,17.0,2004,8.0,18.0,11.0,,,,,,,,,,,69.7064421605073,2,,16245;16246;16247;16248;16288;16291;16292;16293;16299;16303;16331,"Allier, Aveyron, Cantal, Correze, Creuse, Haute-Loire, Haute-Vienne, Loire, Lot, Lozere, Puy-de-Dome (Adm2)."
2006-0573-FRA,2006,573,,Natural,Meteorological,Storm,Convective storm,Tornado,,France,FRA,Western Europe,Europe,"Vendée district (Pays de Loire province), Doubs, Jura (Franche-Comte province) ; Bretagne, Pays de Loire, Auvergne provinces",,Flood,,,,,,133.0,Kph,,,,,2006,10.0,23.0,2006,10.0,24.0,1.0,2.0,600.0,,602.0,,,,,,,74.3963874917997,1;2,1250;1253;1266,16272;16274,"Auvergne, Bretagne, Pays-de-la-Loire (Adm1). Doubs, Jura (Adm2)."
2007-0019-FRA,2007,19,,Natural,Meteorological,Storm,Extra-tropical storm,,Kyrill,France,FRA,Western Europe,Europe,"Alsace, Basse-Normandie, Bourgogne, Bretagne, Centre, Champagne-Ardenne, Franche-Comte, Haute-Normandie, Ile-de-France, Lorraine, Nord-Pas-de-Calais, Pays-de-la-Loire, Picardie provinces",,,,,,,,,Kph,,,,,2007,1.0,18.0,2007,1.0,18.0,3.0,,,,,,,130000.0,169893.0,250000.0,326718.0,76.5186792040236,1,1248;1251;1252;1253;1254;1255;1257;1258;1259;1263;1265;1266;1267,,"Alsace, Basse-Normandie, Bourgogne, Bretagne, Centre, Champagne-Ardenne, Franche-Comte, Haute-Normandie, Ile-de-France, Lorraine, Nord-Pas-de-Calais, Pays-de-la-Loire, Picardie (Adm1)."
2007-0037-FRA,2007,37,,Natural,Meteorological,Storm,Convective storm,Winter storm/Blizzard,,France,FRA,Western Europe,Europe,"Poitou-Charentes, Aquitaine, Midi-Pyrenees, Languedoc-Rousillon, Limousin provinces (South-West)",,,,,,,,,Kph,,,,,2007,1.0,23.0,2007,1.0,26.0,1.0,,,,,,,,,,,76.5186792040236,1,1249;1260;1262;1264;1268,,"Aquitaine, Languedoc-Rousillon, Limousin, Midi-Pyrenees, Poitou-Charentes (Adm1)."
2007-0170-FRA,2007,170,,Natural,Meteorological,Storm,,,,France,FRA,Western Europe,Europe,"Pau city (Ossau valley, Pyrenees-Atlantique district, Aquitaine province)",,Flood,Hail,,,,,,Kph,43.3,-0.47,,,2007,5.0,25.0,2007,5.0,27.0,1.0,,900.0,,900.0,,,,,,,76.5186792040236,2,,16244,Pyrenees-Atlantique (Adm2).
2008-0165-FRA,2008,165,,Natural,Meteorological,Storm,Convective storm,Severe storm,Johanna,France,FRA,Western Europe,Europe,"Basse-Normandie, Haute-Normandie, Picardie, Nord-Pas-de-Calais provinces (Northern)",,Flood,,,,,,155.0,Kph,,,,,2008,3.0,10.0,2008,3.0,10.0,2.0,,,,,,,,,,,79.4563043953641,1,1251;1258;1265;1267,,"Basse-Normandie, Haute-Normandie, Nord-Pas-de-Calais, Picardie (Adm1)."
2008-0237-FRA,2008,237,,Natural,Meteorological,Storm,Convective storm,Lightning/Thunderstorms,,France,FRA,Western Europe,Europe,"Avignon, Thor cities (Vaucluse distric, Provence-Alpes-Cote-d'Azur province), Saint-Martin de Vers, Saint-Sauveur-la-valléen cities (Lot), Roquefort (Aveyron) ; Ain district (Rhone-Alpes province) ; Bourgogne province",,"Slide (land, mud, snow, rock)",Flood,,,,,,Kph,,,,,2008,6.0,10.0,2008,6.0,10.0,,6.0,600.0,,606.0,,,,,,,79.4563043953641,1;2,1252,16299;16303;16325;16326,"Bourgogne (Adm1). Ain, Aveyron, Lot, Vaucluse (Adm2)."
2008-0321-FRA,2008,321,,Natural,Meteorological,Storm,Convective storm,Tornado,,France,FRA,Western Europe,Europe,"Hautmont city (Nord distric, Nord-Pas-de-Calais province)",,,,,,,,215.0,Kph,,,,,2008,8.0,3.0,2008,8.0,4.0,3.0,,1500.0,600.0,2100.0,,,60000.0,75513.0,80000.0,100684.0,79.4563043953641,2,,16306,Nord (Adm2).
2009-0014-FRA,2009,14,,Natural,Meteorological,Storm,Extra-tropical storm,,Klaus,France,FRA,Western Europe,Europe,"Landes, Pyrénées-Atlantiques, Lot-et-Garonne district (Aquitaine province), Hautes-Pyrénnées, Gers, Haute-Garonne (Midi-Pyrenées province), Aude, Pyrénnées Orientales (Languedoc-Rousillon province)",,Flood,"Slide (land, mud, snow, rock)",,,,,171.0,Kph,42.24,-2.6,,,2009,1.0,23.0,2009,1.0,26.0,11.0,,,,,,,2090000.0,2639762.0,3200000.0,4041741.0,79.1738027553029,2,,16242;16243;16244;16289;16290;16300;16301;16302,"Aude, Gers, Haute-Garonne, Hautes-Pyrenees, Landes, Lot-et-Garonne, Pyrenees-Atlantique, Pyrenees-Orientales (Adm2)."
2010-0088-FRA,2010,88,,Natural,Meteorological,Storm,Extra-tropical storm,,Xynthia,France,FRA,Western Europe,Europe,"Charente-Maritime, Vienne, Deux-Sèvres districts (Poitou-Charentes province), Vendée district (Pays-de-la-Loire province)",,Flood,,,,Yes,,140.0,Kph,,,,,2010,2.0,28.0,2010,3.0,2.0,53.0,79.0,500000.0,,500079.0,,,2100000.0,2609594.0,4230000.0,5256468.0,80.472285151979,2,,16312;16317;16318;16319,"Charente-Maritime, Deux-Sevres, Vendee, Vienne (Adm2)."
2010-0652-FRA,2010,652,,Natural,Meteorological,Storm,Convective storm,Winter storm/Blizzard,,France,FRA,Western Europe,Europe,"Oise, Aisne districts (Picardie province), Ardennes, Aube, Marne districts (Champagne-Ardenne province), Loiret district (Centre province), Yonne district (Bourgogne province) (North departments), Aveyron, Lot, Tarn districts (Midi-Pyrenees province), Corrèze, Creuse districts (Limousin province), Pyrénées-Orientales (Languedoc-Rousillon province)",,,,,,,,,Kph,,,,,2010,12.0,23.0,2010,12.0,24.0,,,,,,,,,,,,80.472285151979,2,,16255;16265;16266;16267;16269;16289;16291;16292;16299;16303;16304;16313;16314,"Aisne, Ardennes, Aube, Aveyron, Correze, Creuse, Loiret, Lot, Marne, Oise, Pyrenees-Orientales, Tarn, Yonne (Adm2)."
2011-0518-FRA,2011,518,,Natural,Meteorological,Storm,Extra-tropical storm,,Joachim,France,FRA,Western Europe,Europe,Bretagne province,,Transport accident,,,,,,140.0,Kph,,,,,2011,12.0,15.0,2011,12.0,16.0,,,,,,,,,,,,83.0126743931774,1,1253,,Bretagne (Adm1).
2013-0398-FRA,2013,398,,Natural,Meteorological,Storm,Extra-tropical storm,,Storm Christian,France,FRA,Western Europe,Europe,"Basse-Normandie, Haute-Normandie, Nord-Pas-de-Calais, Bretagne provinces",,,,,,,,132.0,Kph,,,,,2013,10.0,27.0,2013,10.0,28.0,1.0,,,,,,,,,,,85.9716422479773,1,1251;1253;1258;1265,,"Basse-Normandie, Bretagne, Haute-Normandie, Nord-Pas-de-Calais (Adm1)."
2013-0530-FRA,2013,530,,Natural,Meteorological,Storm,Extra-tropical storm,,Storm Dirk,France,FRA,Western Europe,Europe,"Alpes-Maritimes district (Provence-Alpes-Cote-d'Azur province) ; Valée du Rhône (Rhone-Alpes province) ; Auvergne, Alsace, Bretagne, Normandie provinces",,Flood,Rain,,,,,150.0,Kph,,,,,2013,12.0,23.0,2013,12.0,25.0,1.0,,,,,,,,,,,85.9716422479773,1;2,1248;1250;1251;1253;1258;1260;1270,16321,"Alsace, Auvergne, Basse-Normandie, Bretagne, Haute-Normandie, Languedoc-Rousillon, Rhone-Alpes (Adm1). Alpes-maritimes (Adm2)."
2014-0008-FRA,2014,8,,Natural,Meteorological,Storm,Convective storm,,,France,FRA,Western Europe,Europe,"Biarritz city (Pyrenees-Atlantique district, Aquitaine province)",,,,,,,,,Kph,,,,,2014,1.0,7.0,2014,1.0,7.0,2.0,,,,,,,,,,,87.3662978351193,2,,16244,Pyrenees-Atlantique (Adm2).
2014-0067-FRA,2014,67,,Natural,Meteorological,Storm,Extra-tropical storm,,Ulla,France,FRA,Western Europe,Europe,Bretagne province,,,,,,,,150.0,Kph,,,,,2014,2.0,14.0,2014,2.0,14.0,,,,,,,,,,,,87.3662978351193,1,1253,,Bretagne (Adm1).
2014-0209-FRA,2014,209,,Natural,Meteorological,Storm,Convective storm,Lightning/Thunderstorms,,France,FRA,Western Europe,Europe,"Bordeaux city (Gironde district, Aquitaine province), Cognac city (Charente district, Poitou-Charentes province) ; Languedoc region (Languedoc-Rousillon province)",,,,,,,,,Kph,,,,,2014,6.0,8.0,2014,6.0,10.0,,,,,,,,,,,,87.3662978351193,1;2,1260,16241;16316,"Languedoc-Rousillon (Adm1). Charente, Gironde (Adm2)."
2014-0388-FRA,2014,388,,Natural,Meteorological,Storm,Convective storm,Lightning/Thunderstorms,,France,FRA,Western Europe,Europe,"Lamalou-les-Bains city (Herault district, Languedoc-Rousillon province) ; Aveyron distric (Midi-Pyrénées province), Gard district (Languedoc-Rousillon province) Ardeche district (Rhone-Alpes province)",,Flood,"Slide (land, mud, snow, rock)",,,,,,Kph,,,,,2014,9.0,18.0,2014,9.0,18.0,6.0,,,,,,,145000.0,165968.0,182000.0,208318.0,87.3662978351193,2,,16286;16287;16299;16327,"Ardeche, Aveyron, Gard, Herault (Adm2)."
2015-0434-FRA,2015,434,,Natural,Meteorological,Storm,Convective storm,,,France,FRA,Western Europe,Europe,"Aube, Ardennes districts (Champagne-Ardenne province), Ain district (Rhone-Alpes province)",,,,,,,,130.0,Kph,,,,,2015,9.0,16.0,2015,9.0,16.0,3.0,,750.0,,750.0,,,,,,,87.4699322108025,2,,16266;16267;16326,"Ain, Ardennes, Aube (Adm2)."
2017-0086-FRA,2017,86,,Natural,Meteorological,Storm,Extra-tropical storm,,'Zeus',France,FRA,Western Europe,Europe,"Brittany, Provence, Sud Ouest (Brive), Alpes du Sud, Centre et Sud-Est.",,,,,,,,193.0,Kph,,,,,2017,3.0,6.0,2017,3.0,7.0,2.0,11.0,,,11.0,,,341000.0,376961.0,550000.0,608002.0,90.4601793133611,1,1249;1253;1260;1262;1264;1266;1268;1269;1270,,"Aquitaine, Bretagne, Languedoc-Rousillon, Limousin, Midi-Pyrenees, Pays-de-la-Loire, Poitou-Charentes, Provence-Alpes-Cote-d'Azur, Rhone-Alpes (Adm1)."
2018-0002-FRA,2018,2,,Natural,Meteorological,Storm,Convective storm,Severe storm,Eleanor,France,FRA,Western Europe,Europe,"Alps, Morillon (Haute Savoie), Corse, Savoie, Isère, Cambrai (Nord), Paris region (Ile-de-France), Seine Maritime, Pas de Calais, Haute Marne, Manche, Bretagne, Lucenay-Lévêque (Saône et Loire)",,Wildfire,"Slide (land, mud, snow, rock)",,,,,160.0,Kph,,,,"Aube, Moselle",2018,1.0,3.0,2018,1.0,4.0,6.0,30.0,,,30.0,,,,,200000.0,215820.0,92.6696698010059,1;2,1253;1256;1259,16250;16254;16268;16277;16306;16307;16329;16330;16333,"Bretagne, Corse, Ile-de-France (Adm1). Haute-Marne, Haute-Savoie, Isere, Manche, Nord, Pas-de-Calais, Saone-et-Loire, Savoie, Seine-Maritime (Adm2)."
2018-0025-FRA,2018,25,,Natural,Meteorological,Storm,Extra-tropical storm,,'Friederike' (David),France,FRA,Western Europe,Europe,"Pas-de-Calais department, Nord",,,,,,,,,Kph,,,,,2018,1.0,17.0,2018,1.0,18.0,,,,,,,,,,,,92.6696698010059,2,,16306;16307,"Nord, Pas-de-Calais (Adm2)."
2018-0397-FRA,2018,397,,Natural,Meteorological,Storm,Extra-tropical storm,,Storm 'Adrian',France,FRA,Western Europe,Europe,"Corse, Cote d'Azur",,,,,,,,,Kph,,,,,2018,10.0,30.0,2018,10.0,30.0,,,,,,,,,,,,92.6696698010059,1;2,1256,16321;16324,"Corse (Adm1). Alpes-maritimes, Var (Adm2)."
2019-0388-FRA,2019,388,,Natural,Meteorological,Storm,Convective storm,Tornado,,France,FRA,Western Europe,Europe,Meurthe-et-Moselle,,,,,,,,,Kph,,,,,2019,8.0,9.0,2019,8.0,9.0,,,90.0,,90.0,,,,,,,94.3490924994534,2,,16294,Meurthe-et-Moselle (Adm2).
2019-0533-FRA,2019,533,,Natural,Meteorological,Storm,Extra-tropical storm,,Storm 'Amelie',France,FRA,Western Europe,Europe,"Alpes-Maritimes Department; Nouvelle Aquitaine, Pays de la Loire, Auvergne, Occitanie",,"Slide (land, mud, snow, rock)",Flood,,,,,163.0,Kph,,,,,2019,10.0,28.0,2019,11.0,3.0,1.0,4.0,50.0,,54.0,,,,,,,94.3490924994534,1;2,1249;1250;1260;1262;1264;1266;1268,16321,"Aquitaine, Auvergne, Languedoc-Rousillon, Limousin, Midi-Pyrenees, Pays-de-la-Loire, Poitou-Charentes (Adm1). Alpes-maritimes (Adm2)."
2019-0558-FRA,2019,558,,Natural,Meteorological,Storm,Convective storm,Severe storm,,France,FRA,Western Europe,Europe,"Var, Alpes Maritimes, Puy de Dome departments.",,Flood,,,,,,,Kph,,,,,2019,11.0,23.0,2019,11.0,24.0,5.0,,625.0,,625.0,,,,,315000.0,333866.0,94.3490924994534,2,,16248;16321;16324,"Alpes-maritimes, Puy-de-Dome, Var (Adm2)."
2019-0621-FRA,2019,621,,Natural,Meteorological,Storm,,,,France,FRA,Western Europe,Europe,"Pyrénées-Atlantiques, Landes, Lot-et-Garonne, Gironde, Gers departments",,Flood,,,,,,,Kph,,,,,2019,12.0,12.0,2019,12.0,17.0,2.0,13.0,600.0,,613.0,,,,,100000.0,105989.0,94.3490924994534,2,,16241;16242;16243;16244;16300,"Gers, Gironde, Landes, Lot-et-Garonne, Pyrenees-Atlantique (Adm2)."
2019-0626-FRA,2019,626,,Natural,Meteorological,Storm,Extra-tropical storm,,"Elsa, Fabien",France,FRA,Western Europe,Europe,"Corse,Dordogne, Cote d'Azur",,,,,,,,206.0,Kph,,,,,2019,12.0,19.0,2019,12.0,22.0,,4.0,,,4.0,,,,,,,94.3490924994534,1;2,1256,16240;16321,"Corse (Adm1). Alpes-maritimes, Dordogne (Adm2)."
2020-0020-FRA,2020,20,,Natural,Meteorological,Storm,Extra-tropical storm,,'Gloria',France,FRA,Western Europe,Europe,"Pyrénées-Orientales, Aude, Ariège, and Haute-Garonne departments",,,,,,,,,Kph,,,,,2020,1.0,21.0,2020,1.0,22.0,,,,,,,,,,,,95.5129674174503,2,,16289;16290;16298;16301,"Ariege, Aude, Haute-Garonne, Pyrenees-Orientales (Adm2)."
2020-0051-FRA,2020,51,,Natural,Meteorological,Storm,Extra-tropical storm,,Storm 'Ciara' (Sabine),France,FRA,Western Europe,Europe,"Aisne, Ardennes, Aube, Calvados, Côtes-d’Armor, Eure, Eure-et-Loir, Finistère, lLoire-Atlantique, Loiret, Manche, Marne, Haute-Marne, lMeurthe-et-Moselle, lMeuse, lMorbihan, lMoselle, Nord, Oise, Orne, lPas-de-Calais, lBas-Rhin, le Haut-Rhin, Paris, lSeine-Maritime, lSeine-et-Marne, Yvelines, Somme, Vosges, Yvonne, Essonne, Val-d’Oise; Corse;",,,,,,,,,Kph,,,,,2020,2.0,8.0,2020,2.0,8.0,,31.0,,,31.0,,,,,,,95.5129674174503,1;2,1256,16238;16239;16249;16250;16251;16256;16257;16259;16261;16265;16266;16267;16268;16269;16276;16277;16278;16280;16281;16283;16285;16294;16295;16296;16297;16306;16307;16308;16313;16314;16315,"Corse (Adm1). Aisne, Ardennes, Aube, Bas-Rhin, Calvados, Cotes-d'Armor, Essonne, Eure, Eure-et-Loir, Finistere, Haut-Rhin, Haute-Marne, Loire-Atlantique, Loiret, Manche, Marne, Meurthe-et-Moselle, Meuse, Morbihan, Moselle, Nord, Oise, Orne, Paris, Pas-de-Calais, Seine-et-Marne, Seine-Maritime, Somme, Val-d'Oise, Vosges, Yvelines (Adm2)."
2020-0418-FRA,2020,418,,Natural,Meteorological,Storm,Convective storm,,Storm 'Alex',France,FRA,Western Europe,Europe,"Roya Valley, Vésubie, Tinée (Provence-Alpes-Côte d'Azur Region)",,,,,,,,,Kph,,,,,2020,10.0,2.0,2020,10.0,4.0,18.0,,12980.0,,12980.0,,,,,967000.0,1012428.0,95.5129674174503,1,1269,,Provence-Alpes-Cote-d'Azur (Adm1).
2021-0436-FRA,2021,436,,Natural,Meteorological,Storm,Convective storm,Severe storm,,France,FRA,Western Europe,Europe,Saône-et-Loire Department (Bourgogne-Franche-Comté Region); Auvergne Region; Moselle Department (Grand Est Region),,"Slide (land, mud, snow, rock)",Flood,,,,,,Kph,,,,,2021,7.0,23.0,2021,7.0,24.0,,,255.0,,255.0,,,,,,,100.0,1;2,1250,16254;16296,"Auvergne (Adm1). Moselle, Saone-et-Loire (Adm2)."
2021-0687-FRA,2021,687,,Natural,Meteorological,Storm,Convective storm,,Storm 'Aurore' (Hendrick),France,FRA,Western Europe,Europe,"Brittany, Normandy, Champagne-Ardennes, Paris, Ile de France","Stro,gs wnds and heav rains",,,,,,,150.0,Kph,,,,,2021,10.0,21.0,2021,10.0,22.0,,,,,,,,,,,,100.0,1;2,1251;1253;1255;1258,16280,"Basse-Normandie, Bretagne, Champagne-Ardenne, Haute-Normandie (Adm1). Paris (Adm2)."
2022-0112-FRA,2022,112,,Natural,Meteorological,Storm,Extra-tropical storm,,Storm 'Eunice' (Zeynep),France,FRA,Western Europe,Europe,"Pas-de-Calais, Nord, Seine-Maritime, Manche departments",,,,,,,,,Kph,,,,,2022,2.0,18.0,2022,2.0,18.0,,28.0,,,28.0,,,,,,,,2,,16250;16277;16306;16307,"Manche, Nord, Pas-de-Calais, Seine-Maritime (Adm2)."
2022-0373-FRA,2022,373,,Natural,Meteorological,Storm,Convective storm,Severe storm,,France,FRA,Western Europe,Europe,"Rouen City (Seine-Maritime Department, Normandy Region); Loir-et-Cher Department (Centre-Val de Loire Region)",,Lightening,Hail,,,,,,Kph,,,,,2022,6.0,4.0,2022,6.0,5.0,1.0,15.0,60000.0,,60015.0,,,,,,,,2,,16264;16277,"Loir-et-Cher, Seine-Maritime (Adm2)."
2022-0525-FRA,2022,525,,Natural,Meteorological,Storm,Convective storm,Severe storm,,France,FRA,Western Europe,Europe,Corsica,,Lightening,,,,,,,Kph,,,,,2022,8.0,17.0,2022,8.0,18.0,5.0,33.0,,,33.0,,,,,,,,1,1256,,Corse (Adm1).
2022-0697-FRA,2022,697,,Natural,Meteorological,Storm,Convective storm,Severe storm,,France,FRA,Western Europe,Europe,"Normandy, Hauts-de-France, and Bourgogne-Franche-Comté",,Lightening,Hail,,,,,,Kph,,,,,2022,10.0,23.0,2022,10.0,24.0,,2.0,300.0,,302.0,,,,,,,,1,1251;1252;1257;1258;1265,,"Basse-Normandie, Bourgogne, Franche-Comte, Haute-Normandie, Nord-Pas-de-Calais (Adm1)."
