Dis No,Year,Seq,Glide,Disaster Group,Disaster Subgroup,Disaster Type,Disaster Subtype,Disaster Subsubtype,Event Name,Country,ISO,Region,Continent,Location,Origin,Associated Dis,Associated Dis2,OFDA Response,Appeal,Declaration,AID Contribution ('000 US$),Dis Mag Value,Dis Mag Scale,Latitude,Longitude,Local Time,River Basin,Start Year,Start Month,Start Day,End Year,End Month,End Day,Total Deaths,No Injured,No Affected,No Homeless,Total Affected,Reconstruction Costs ('000 US$),"Reconstruction Costs, Adjusted ('000 US$)",Insured Damages ('000 US$),"Insured Damages, Adjusted ('000 US$)",Total Damages ('000 US$),"Total Damages, Adjusted ('000 US$)",CPI,Adm Level,Admin1 Code,Admin2 Code,Geo Locations
1966-0036-IDN,1966,36,,Natural,Hydrological,Flood,Riverine flood,,,Indonesia,IDN,South-Eastern Asia,Asia,"Central, East Java",,,,Yes,,,,,Km2,,,,,1966,3.0,14.0,1966,3.0,14.0,176.0,100.0,524000.0,,524100.0,,,,,33000.0,275492.0,11.9785873605948,,,,
1967-0013-IDN,1967,13,,Natural,Hydrological,Flood,,,,Indonesia,IDN,South-Eastern Asia,Asia,Jakarta,,,,Yes,,,,,Km2,,,,,1967,1.0,9.0,1967,1.0,9.0,,,102000.0,40000.0,142000.0,,,,,,,12.3107281871857,,,,
1967-0076-IDN,1967,76,,Natural,Hydrological,Flood,,,,Indonesia,IDN,South-Eastern Asia,Asia,Central Java,,,,,,,,,Km2,,,,,1967,11.0,30.0,1967,11.0,30.0,160.0,,,,,,,,,,,12.3107281871857,,,,
1976-0073-IDN,1976,73,,Natural,Hydrological,Flood,Flash flood,,,Indonesia,IDN,South-Eastern Asia,Asia,"East Java, Lumajang",,,,Yes,,,,,Km2,,,,,1976,11.0,13.0,1976,11.0,13.0,163.0,20.0,20000.0,,20020.0,,,,,,,21.0017319046578,,,,
1978-0142-IDN,1978,142,,Natural,Hydrological,Flood,,,,Indonesia,IDN,South-Eastern Asia,Asia,Aceh,,,,Yes,,,,,Km2,,,,,1978,12.0,17.0,1978,12.0,17.0,8.0,,51600.0,15000.0,66600.0,,,,,,,24.0740345506232,,,,
1979-0028-IDN,1979,28,,Natural,Hydrological,Flood,,,,Indonesia,IDN,South-Eastern Asia,Asia,Flores Island,,,,Yes,,,,,Km2,,,,,1979,2.0,27.0,1979,2.0,27.0,128.0,350.0,20000.0,4000.0,24350.0,,,,,3200.0,11948.0,26.7834419418325,,,,
1980-0110-IDN,1980,110,,Natural,Hydrological,Flood,,,,Indonesia,IDN,South-Eastern Asia,Asia,Central Java,,,,Yes,,,,,Km2,,,,,1980,12.0,26.0,1980,12.0,26.0,153.0,,2946.0,,2946.0,,,,,3400.0,11180.0,30.4123857424011,,,,
1981-0235-IDN,1981,235,,Natural,Hydrological,Flood,,,,Indonesia,IDN,South-Eastern Asia,Asia,Central Java,,,,,,,,,Km2,,,,,1981,1.0,22.0,1981,1.0,22.0,,,140000.0,,140000.0,,,,,,,33.5554165755522,,,,
1981-0051-IDN,1981,51,,Natural,Hydrological,Flood,,,,Indonesia,IDN,South-Eastern Asia,Asia,Mont Semeru,,,,,,,,,Km2,,,,,1981,5.0,14.0,1981,5.0,14.0,500.0,,,,,,,,,2200.0,6556.0,33.5554165755522,,,,
1981-0113-IDN,1981,113,,Natural,Hydrological,Flood,Flash flood,,,Indonesia,IDN,South-Eastern Asia,Asia,Jarkarta,,,,,,,,,Km2,,,,,1981,12.0,25.0,1981,12.0,25.0,9.0,,206000.0,6000.0,212000.0,,,,,,,33.5554165755522,,,,
1982-0062-IDN,1982,62,,Natural,Hydrological,Flood,,,,Indonesia,IDN,South-Eastern Asia,Asia,Irian Jaya,,,,,,,,,Km2,,,,,1982,5.0,28.0,1982,5.0,28.0,,,12500.0,,12500.0,,,,,,,35.6128405860485,,,,
1982-0134-IDN,1982,134,,Natural,Hydrological,Flood,,,,Indonesia,IDN,South-Eastern Asia,Asia,Central Sumatra,,,,,,,,,Km2,,,,,1982,12.0,26.0,1982,12.0,26.0,3.0,,1500.0,,1500.0,,,,,,,35.6128405860485,,,,
1984-0327-IDN,1984,327,,Natural,Hydrological,Flood,,,,Indonesia,IDN,South-Eastern Asia,Asia,"Central, East, West Java, Jogyakarta, North Sumatar",,,,,,,,,Km2,,,,,1984,2.0,3.0,1984,2.0,3.0,26.0,,300000.0,20000.0,320000.0,,,,,,,38.3376251913405,,,,
1984-0037-IDN,1984,37,,Natural,Hydrological,Flood,,,,Indonesia,IDN,South-Eastern Asia,Asia,West Java,,,,,,,,,Km2,,,,,1984,4.0,27.0,1984,4.0,27.0,,,2700.0,,2700.0,,,,,1500.0,3913.0,38.3376251913405,,,,
1984-0121-IDN,1984,121,,Natural,Hydrological,Flood,,,,Indonesia,IDN,South-Eastern Asia,Asia,Bandung Region (West Java),,,,,,,,,Km2,,,,,1984,12.0,3.0,1984,12.0,3.0,,,37500.0,,37500.0,,,,,,,38.3376251913405,,,,
1985-0009-IDN,1985,9,,Natural,Hydrological,Flood,Flash flood,,,Indonesia,IDN,South-Eastern Asia,Asia,Northern Sulawesi,,,,,,,,16540.0,Km2,,,,,1985,2.0,4.0,1985,2.0,4.0,21.0,,300.0,,300.0,,,,,,,39.696934178876,,,,
1985-0062-IDN,1985,62,,Natural,Hydrological,Flood,Riverine flood,,,Indonesia,IDN,South-Eastern Asia,Asia,"Central and East Java, Eastern Isl.",,,,,,,,77090.0,Km2,,,,,1985,2.0,19.0,1985,2.0,19.0,10.0,,2000.0,,2000.0,,,,,,,39.696934178876,,,,
1985-0075-IDN,1985,75,,Natural,Hydrological,Flood,Coastal flood,,,Indonesia,IDN,South-Eastern Asia,Asia,West coast of Sumatra,,,,,,,,,Km2,,,,,1985,6.0,30.0,1985,6.0,30.0,11.0,,2000.0,,2000.0,,,,,,,39.696934178876,,,,
1986-0222-IDN,1986,222,,Natural,Hydrological,Flood,,,,Indonesia,IDN,South-Eastern Asia,Asia,Timor province (Java),,,,,,,,10.0,Km2,,,,,1986,1.0,16.0,1986,1.0,16.0,77.0,,19000.0,,19000.0,,,,,,,40.4504089219331,,,,
1986-0223-IDN,1986,223,,Natural,Hydrological,Flood,,,,Indonesia,IDN,South-Eastern Asia,Asia,,,,,,,,,,Km2,,,,,1986,3.0,6.0,1986,3.0,6.0,,,,50000.0,50000.0,,,,,,,40.4504089219331,,,,
1986-0053-IDN,1986,53,,Natural,Hydrological,Flood,,,,Indonesia,IDN,South-Eastern Asia,Asia,West Java,,,,,,,,,Km2,,,,,1986,4.0,15.0,1986,4.0,15.0,2.0,,38000.0,,38000.0,,,,,,,40.4504089219331,,,,
1986-0126-IDN,1986,126,,Natural,Hydrological,Flood,Riverine flood,,,Indonesia,IDN,South-Eastern Asia,Asia,"Bengkulu, Lampung provinces (South Sumatra)",,,,,,,,,Km2,,,,,1986,10.0,24.0,1986,10.0,24.0,96.0,,20000.0,,20000.0,,,,,,,40.4504089219331,,,,
1987-0063-IDN,1987,63,,Natural,Hydrological,Flood,Riverine flood,,,Indonesia,IDN,South-Eastern Asia,Asia,Esatern Java,,,,,,,,,Km2,,,,,1987,2.0,23.0,1987,2.0,23.0,3.0,,26000.0,,26000.0,,,,,1700.0,4054.0,41.9327356221299,,,,
1987-0228-IDN,1987,228,,Natural,Hydrological,Flood,,,,Indonesia,IDN,South-Eastern Asia,Asia,West Sumatra,,,,,,,,,Km2,,,,,1987,12.0,14.0,1987,12.0,14.0,38.0,84.0,,800.0,884.0,,,,,,,41.9327356221299,,,,
1987-0232-IDN,1987,232,,Natural,Hydrological,Flood,,,,Indonesia,IDN,South-Eastern Asia,Asia,"Esp. Polmas, Pinrang (Sulawesi)",,,,,,,,,Km2,,,,,1987,12.0,25.0,1987,12.0,25.0,119.0,,,,,,,,,60000.0,143086.0,41.9327356221299,,,,
1988-0504-IDN,1988,504,,Natural,Hydrological,Flood,Riverine flood,,,Indonesia,IDN,South-Eastern Asia,Asia,Flores IsL.,,,,,,,,,Km2,,,,,1988,11.0,6.0,1988,11.0,6.0,21.0,,,,,,,,,,,43.6426415919528,,,,
1988-0494-IDN,1988,494,,Natural,Hydrological,Flood,Riverine flood,,,Indonesia,IDN,South-Eastern Asia,Asia,"Central & West Java, Sumatra, Kalimantan",,,,Yes,,,,,Km2,,,,,1988,12.0,20.0,1988,12.0,20.0,158.0,,100000.0,,100000.0,,,,,4600.0,10540.0,43.6426415919528,,,,
1989-0159-IDN,1989,159,,Natural,Hydrological,Flood,,,,Indonesia,IDN,South-Eastern Asia,Asia,Madiun Regency (East Java),,,,,,,,,Km2,,,,,1989,6.0,3.0,1989,6.0,3.0,,,29000.0,,29000.0,,,,,,,45.749276186311,,,,
1989-0262-IDN,1989,262,,Natural,Hydrological,Flood,,,,Indonesia,IDN,South-Eastern Asia,Asia,Ambon (Malucu Isl.),,,,,,,,,Km2,,,,,1989,6.0,20.0,1989,6.0,20.0,18.0,,32500.0,,32500.0,,,,,,,45.749276186311,,,,
1990-0005-IDN,1990,5,,Natural,Hydrological,Flood,Riverine flood,,,Indonesia,IDN,South-Eastern Asia,Asia,"Semarang, Temanggung, Batang, Kendal, Pati, Sragen, Grobongan, Cilacap, Demak, Rembang, Banyumas municipalities (Central Java)",Heavy rain,Broken Dam/Burst bank,"Slide (land, mud, snow, rock)",Yes,No,No,,23640.0,Km2,,,,Banjir Kanal Barat river,1990,1.0,26.0,1990,2.0,1.0,169.0,,21000.0,,21000.0,,,,,4800.0,9955.0,48.2187972884321,,,,
1990-0709-IDN,1990,709,,Natural,Hydrological,Flood,,,,Indonesia,IDN,South-Eastern Asia,Asia,Bogor (Jakarta),,,,,No,No,,,Km2,,,,,1990,4.0,4.0,1990,4.0,5.0,22.0,,,,,,,,,,,48.2187972884321,,,,
1991-0512-IDN,1991,512,,Natural,Hydrological,Flood,Riverine flood,,,Indonesia,IDN,South-Eastern Asia,Asia,Kalimatan province,,,,,No,No,,,Km2,,,,,1991,6.0,6.0,1991,6.0,6.0,97.0,,,,,,,,,,,50.2608528318391,,,,
1991-0692-IDN,1991,692,,Natural,Hydrological,Flood,Riverine flood,,,Indonesia,IDN,South-Eastern Asia,Asia,"Riau, Jambi, Lampung provinces (Sumatra)",Heavy rain,,,,No,No,,,Km2,,,,,1991,12.0,16.0,1991,12.0,19.0,15.0,,240000.0,,240000.0,,,,,14800.0,29446.0,50.2608528318391,,,,
1993-0003-IDN,1993,3,,Natural,Hydrological,Flood,Riverine flood,,,Indonesia,IDN,South-Eastern Asia,Asia,Northern coast from Indramayu District in West Java to Gresik District in East Java,Monsoonal rain,,,,No,No,175.0,19200.0,Km2,,,,,1993,2.0,2.0,1993,2.0,5.0,59.0,,259553.0,,259553.0,,,,,19301.0,36204.0,53.3116203804942,,,,
1993-0560-IDN,1993,560,,Natural,Hydrological,Flood,Flash flood,,,Indonesia,IDN,South-Eastern Asia,Asia,"Tanggerang, Serang and Lebak districts (West Java Province)",Brief torrential rain,,,,No,No,,4050.0,Km2,,,,Cidurian and Ciujung rivers,1993,12.0,26.0,1993,12.0,27.0,72.0,,8000.0,,8000.0,,,,,,,53.3116203804942,,,,
1994-0012-IDN,1994,12,,Natural,Hydrological,Flood,Riverine flood,,,Indonesia,IDN,South-Eastern Asia,Asia,City of Bandung (West Java),Heavy rain,,,,No,No,,,Km2,,,,,1994,1.0,12.0,1994,1.0,22.0,4.0,,30000.0,,30000.0,,,,,1900.0,3473.0,54.7016925431883,,,,
1994-0626-IDN,1994,626,,Natural,Hydrological,Flood,Riverine flood,,,Indonesia,IDN,South-Eastern Asia,Asia,"Ngawi, Tuban, Bojonegoro, Gresick, Lamongan (Java)",Heavy rain,,,,No,No,,36280.0,Km2,,,,"Bengawan, Solo",1994,3.0,23.0,1994,3.0,26.0,33.0,,187131.0,,187131.0,,,,,18145.0,33171.0,54.7016925431883,,,,
1994-0104-IDN,1994,104,,Natural,Hydrological,Flood,,,,Indonesia,IDN,South-Eastern Asia,Asia,Simalungun District,,,,,,,,,Km2,,,,,1994,4.0,23.0,1994,4.0,23.0,8.0,,,1000.0,1000.0,,,,,,,54.7016925431883,,,,
1994-0783-IDN,1994,783,,Natural,Hydrological,Flood,Riverine flood,,,Indonesia,IDN,South-Eastern Asia,Asia,West Nusa Tengarra province,Heavy rain,,,,No,No,,1820.0,Km2,,,,,1994,7.0,12.0,1994,7.0,12.0,5.0,,50000.0,,50000.0,,,,,1700.0,3108.0,54.7016925431883,,,,
1994-0353-IDN,1994,353,,Natural,Hydrological,Flood,,,,Indonesia,IDN,South-Eastern Asia,Asia,Riau Province,,,,,,,,,Km2,,,,,1994,10.0,12.0,1994,10.0,12.0,3.0,,60000.0,,60000.0,,,,,,,54.7016925431883,,,,
1994-0773-IDN,1994,773,,Natural,Hydrological,Flood,,,,Indonesia,IDN,South-Eastern Asia,Asia,Pesisir Selaten (West Sumatra province),,,,,No,No,,,Km2,,,,,1994,12.0,2.0,1994,12.0,2.0,6.0,,640.0,,640.0,,,,,1500.0,2742.0,54.7016925431883,,,,
1995-0019-IDN,1995,19,,Natural,Hydrological,Flood,Riverine flood,,,Indonesia,IDN,South-Eastern Asia,Asia,Riau,,,,,,,,,Km2,,,,,1995,1.0,11.0,1995,1.0,11.0,3.0,,3000.0,,3000.0,,,,,,,56.2363000218675,,,,
1995-0029-IDN,1995,29,,Natural,Hydrological,Flood,Riverine flood,,,Indonesia,IDN,South-Eastern Asia,Asia,"Java, Sumatra",Heavy rain,,,,No,No,,9.0,Km2,,,,"Bangawan Solo, Batanghari",1995,2.0,3.0,1995,2.0,17.0,47.0,,26000.0,10000.0,36000.0,,,,,400.0,711.0,56.2363000218675,,,,
1995-0071-IDN,1995,71,,Natural,Hydrological,Flood,Riverine flood,,,Indonesia,IDN,South-Eastern Asia,Asia,"Tapanuli, Labuhan districts (Northern Sumatra Province)",,,,,,,,,Km2,,,,,1995,5.0,1.0,1995,5.0,1.0,45.0,,17500.0,,17500.0,,,,,,,56.2363000218675,,,,
1995-0079-IDN,1995,79,,Natural,Hydrological,Flood,Flash flood,,,Indonesia,IDN,South-Eastern Asia,Asia,Bengkulu (Northern Sumatra),,,,,,,30.0,10.0,Km2,,,,,1995,5.0,7.0,1995,5.0,7.0,27.0,,2200.0,,2200.0,,,,,,,56.2363000218675,,,,
1995-0476-IDN,1995,476,,Natural,Hydrological,Flood,Riverine flood,,,Indonesia,IDN,South-Eastern Asia,Asia,North Aceh Provinces,Continous rainfall,,,Yes,No,No,,550.0,Km2,,,,,1995,12.0,28.0,1996,1.0,2.0,18.0,472.0,201000.0,,201472.0,,,,,50000.0,88911.0,56.2363000218675,,,,
1996-0082-IDN,1996,82,,Natural,Hydrological,Flood,Riverine flood,,,Indonesia,IDN,South-Eastern Asia,Asia,Jakarta,Heavy rains,,,,No,No,,,Km2,,,,1190,1996,2.0,9.0,1996,2.0,13.0,20.0,,556000.0,,556000.0,,,,,434800.0,751148.0,57.8847058823529,,,,
1996-0118-IDN,1996,118,,Natural,Hydrological,Flood,Riverine flood,,,Indonesia,IDN,South-Eastern Asia,Asia,"SUlu Musi district, Lahat Regency (South Sumatra)",Heavy rain,,,,No,No,,67730.0,Km2,,,,Air Betung,1996,3.0,27.0,1996,3.0,31.0,34.0,21.0,506.0,,527.0,,,,,430.0,743.0,57.8847058823529,,,,
1996-0246-IDN,1996,246,,Natural,Hydrological,Flood,Flash flood,,,Indonesia,IDN,South-Eastern Asia,Asia,"Banyumas, Cilacap, Kebumen, Semarang (Central Java province)",Heavy rain,,,,No,No,,11940.0,Km2,,,,,1996,10.0,20.0,1996,10.0,22.0,13.0,7.0,5000.0,,5007.0,,,,,300.0,518.0,57.8847058823529,,,,
1996-0286-IDN,1996,286,,Natural,Hydrological,Flood,,,,Indonesia,IDN,South-Eastern Asia,Asia,"Piddie, Utara & Blora Districts",,,,,,,,,Km2,,,,,1996,12.0,13.0,1996,12.0,13.0,14.0,,10000.0,,10000.0,,,,,,,57.8847058823529,,,,
1998-0355-IDN,1998,355,,Natural,Hydrological,Flood,,,,Indonesia,IDN,South-Eastern Asia,Asia,East Kalamatan = Kalimantan Timur,,,,,,,,70.0,Km2,,,,,1998,8.0,2.0,1998,8.0,2.0,4.0,,100000.0,,100000.0,,,,,,,60.1574108900066,,,,
1999-0002-IDN,1999,2,,Natural,Hydrological,Flood,,,,Indonesia,IDN,South-Eastern Asia,Asia,"Sulawesi, Java",,,,,,,,95.0,Km2,,,,,1999,1.0,5.0,1999,1.0,5.0,12.0,,16000.0,,16000.0,,,,,,,61.473667176908,,,,
2000-0258-IDN,2000,258,,Natural,Hydrological,Flood,Flash flood,,,Indonesia,IDN,South-Eastern Asia,Asia,"Malaka Tengah, Malaka Barat areas (Belu district, Nusatenggara Timur province)",Heavy rain,,,Yes,,Yes,100.0,11400.0,Km2,,,,Beneneai river,2000,5.0,16.0,2000,5.0,24.0,126.0,,50000.0,,50000.0,,,,,79000.0,124312.0,63.5495473431008,2,,18150,Belu (Adm2).
2000-0770-IDN,2000,770,,Natural,Hydrological,Flood,Riverine flood,,,Indonesia,IDN,South-Eastern Asia,Asia,"Aceh Besar, Aceh Utara districts (Nangroe Aceh Darussalam province), Pesisir Selatan, Tanahdatar, Solok districts (Sumatera Barat province) Dairi, Deli Serdang districts (Sumatera Utara province), Riau, Jambi provinces",,,,Yes,,,1106.0,300.0,Km2,,,,,2000,11.0,28.0,2000,12.0,4.0,100.0,21.0,386000.0,,386021.0,,,,,34000.0,53502.0,63.5495473431008,1;2,1518;73618,17960;18212;18215;73632;73668;73669;73853,"Jambi, Riau (Adm1). Aceh Besar, Aceh Utara, Dairi, Deli Serdang, Pesisir Selatan, Solok, Tanahdatar (Adm2)."
2000-0791-IDN,2000,791,,Natural,Hydrological,Flood,Flash flood,,,Indonesia,IDN,South-Eastern Asia,Asia,"Taliwan area (Sumbawa Barat district, Nusatenggara Barat province), Lunyuk area (Sumbawa district, Nusatenggara Barat province), Kulonprogo district (Daerah Istimewa Yogyakarta province), Bolaangmongondow, Minahasa, Kota Bitung, Kota Manado districts (Sulawesi Utara province)",Brief torrential rain,"Slide (land, mud, snow, rock)",,,,,,590.0,Km2,,,,,2000,12.0,3.0,2000,12.0,6.0,38.0,,39852.0,,39852.0,,,,,,,63.5495473431008,2,,17984;18197;18200;73714;73800;73857;73858,"Bolaangmongondow, Kota Bitung, Kota Manado, Kulonprogo, Minahasa, Sumbawa, Sumbawa Barat (Adm2)."
2001-0051-IDN,2001,51,,Natural,Hydrological,Flood,Flash flood,,,Indonesia,IDN,South-Eastern Asia,Asia,"Bogor district (Jawa Barat province), Bojonegoro, Jember, Kota Jember districts (Jawa Timur province), Kota Gorontalo district (Gorontalo province), Lebak, Pandeglang, Tangerang districts (Banten province), Dki Jakarta province",Brief torrential rain,"Slide (land, mud, snow, rock)",,,,,,,Km2,,,,"Cilemer and Ciujung rivers, Manyang river, Bengawan Solo River, Bone and Bolango rivers, Rejang River",2001,2.0,4.0,2001,2.0,18.0,130.0,,80000.0,,80000.0,,,,,10000.0,15303.0,65.345558714192,1;2,1516,18008;18020;18022;18028;18067;18070;18199;73728,"Dki Jakarta (Adm1). Bogor, Bojonegoro, Jember, Kota Gorontalo, Kota Jember, Lebak, Pandeglang, Tangerang (Adm2)."
2001-0407-IDN,2001,407,,Natural,Hydrological,Flood,Riverine flood,,,Indonesia,IDN,South-Eastern Asia,Asia,"Nias, Nias Selatan districts (Sumatera Utara province)",Heavy rain,"Slide (land, mud, snow, rock)",,Yes,,,50.0,1270.0,Km2,,,,,2001,7.0,31.0,2001,8.0,1.0,257.0,4.0,,3690.0,3694.0,,,,,,,65.345558714192,2,,73811;73812,"Nias, Nias Selatan (Adm2)."
2001-0715-IDN,2001,715,,Natural,Hydrological,Flood,,,,Indonesia,IDN,South-Eastern Asia,Asia,"Sentani area (Jayapura district, Papua province)",,,,,,,,,Km2,,,,,2001,12.0,17.0,2001,12.0,17.0,,,,,,,,,,,,65.345558714192,2,,73685,Jayapura (Adm2).
2001-0719-IDN,2001,719,,Natural,Hydrological,Flood,Riverine flood,,,Indonesia,IDN,South-Eastern Asia,Asia,"Kota Medan, Langkat, Simalungun, Kota Tebingtinggi, Deli Serdang districts (Sumatera Utara province), Gowa district (Sulawesi Selatan province)",Heavy rain,"Slide (land, mud, snow, rock)",,,,,,9125.0,Km2,,,,"Deli, Denai, Babura, Putih, Sulang-saling, Belumai, Percut, Asahan",2001,12.0,28.0,2002,1.0,1.0,15.0,,,2000.0,2000.0,,,,,,,65.345558714192,2,,18172;18229;18234;18236;73669;73757,"Deli Serdang, Gowa, Kota Medan, Kota Tebingtinggi, Langkat, Simalungun (Adm2)."
2002-0018-IDN,2002,18,,Natural,Hydrological,Flood,Riverine flood,,,Indonesia,IDN,South-Eastern Asia,Asia,"Dempo Utara area (Kota Pagaralam district, Sumatra Selatan province)",Heavy rain,"Slide (land, mud, snow, rock)",,,,,,1490.0,Km2,,,,,2002,1.0,8.0,2002,1.0,12.0,21.0,,40.0,,40.0,,,,,,,66.3819636999782,2,,73739,Kota Pagaralam (Adm2).
2002-0035-IDN,2002,35,,Natural,Hydrological,Flood,Riverine flood,,,Indonesia,IDN,South-Eastern Asia,Asia,Kota Medan district (Sumatera Utara province),Heavy rains,,,,,,,4170.0,Km2,,,,,2002,1.0,13.0,2002,1.0,18.0,13.0,,2000.0,,2000.0,,,,,,,66.3819636999782,2,,18229,Kota Medan (Adm2).
2002-0054-IDN,2002,54,,Natural,Hydrological,Flood,Riverine flood,,,Indonesia,IDN,South-Eastern Asia,Asia,"Alor, Belu districts (Nusatenggara Timur province), Bandung, Bogor, Kota Depok districts (Jawa Barat province), Barru district (Sulawesi Timur province), Bondowoso, Kota Mojokerto, Kota Surabaya, Mojokerto, Sampang, Sidoarjo, Lumajang districts (Jawa Timur province), Tangerang district (Banten province)",Heavy rains,,,,,,10284.0,41000.0,Km2,,,,,2002,1.0,27.0,2002,2.0,12.0,150.0,750.0,500000.0,,500750.0,,,200000.0,301287.0,350000.0,527252.0,66.3819636999782,1;2,1516,18008;18028;18068;18077;18080;18082;18086;18094;18095;18149;18150;18168;73636;73720,"Dki Jakarta (Adm1). Alor, Bandung, Barru, Belu, Bogor, Bondowoso, Kota Depok, Kota Mojokerto, Kota Surabaya, Lumajang, Mojokerto, Sampang, Sidoarjo, Tangerang (Adm2)."
2002-0186-IDN,2002,186,,Natural,Hydrological,Flood,Riverine flood,,,Indonesia,IDN,South-Eastern Asia,Asia,"Gomo, Amandraya areas (Nias Selatan district, Sumatera Utara province)",Heavy rain,,,,,,,942.0,Km2,,,,,2002,3.0,27.0,2002,3.0,30.0,14.0,,780.0,,780.0,,,,,,,66.3819636999782,2,,73811,Nias Selatan (Adm2).
2002-0236-IDN,2002,236,,Natural,Hydrological,Flood,Riverine flood,,,Indonesia,IDN,South-Eastern Asia,Asia,"Sumba Timur, Sumba Barat districts (Nusatenggara Timur province)",Heavy rain,,,,,,,4900.0,Km2,,,,,2002,4.0,17.0,2002,4.0,20.0,19.0,,,,,,,,,,,66.3819636999782,2,,18157;18158,"Sumba Barat, Sumba Timur (Adm2)."
2002-0732-IDN,2002,732,,Natural,Hydrological,Flood,Riverine flood,,,Indonesia,IDN,South-Eastern Asia,Asia,"Aceh Barat, Aceh Barat Daya, Aceh Selatan, Naganraya, Aceh Singkil districts (Nangroe Aceh Darussalam province), Dairi, Nias, Nias Selatan, Tapanuli Tengah districts (Sumatera Utara province)",Heavy rains,,,Yes,,,5565.0,17000.0,Km2,,,,,2002,11.0,19.0,2002,12.0,3.0,13.0,,87000.0,,87000.0,,,,,1600.0,2410.0,66.3819636999782,2,,73623;73624;73626;73627;73668;73809;73811;73812;73865,"Aceh Barat, Aceh Barat Daya, Aceh Selatan, Aceh Singkil, Dairi, Naganraya, Nias, Nias Selatan, Tapanuli Tengah (Adm2)."
2003-0021-IDN,2003,21,,Natural,Hydrological,Flood,,,,Indonesia,IDN,South-Eastern Asia,Asia,"Batulayrar village (Lombok Barat district, Nusatenggara Barat province)",,,,,,,,,Km2,,,,,2003,1.0,8.0,2003,1.0,8.0,,,230.0,,230.0,,,,,,,67.8888956921058,2,,18145,Lombok Barat (Adm2).
2003-0067-IDN,2003,67,,Natural,Hydrological,Flood,,,,Indonesia,IDN,South-Eastern Asia,Asia,"Kapai Tabu Karambia, Sinipa Piliang, Sembilan Korong, Aro Empat Korong, Pasar Pandan Air Mati, Kel Koto Panjang villages (Solok district, Sumatera Barat province)",,,,,,,,,Km2,,,,,2003,1.0,10.0,2003,1.0,10.0,10.0,,3700.0,,3700.0,,,,,,,67.8888956921058,2,,73853,Solok (Adm2).
2003-0074-IDN,2003,74,,Natural,Hydrological,Flood,Flash flood,,,Indonesia,IDN,South-Eastern Asia,Asia,Cilacap district (Jawa Tengah province),,,,,,,,,Km2,,,,,2003,1.0,28.0,2003,1.0,28.0,1.0,,15000.0,,15000.0,,,,,,,67.8888956921058,2,,18036,Cilacap (Adm2).
2003-0118-IDN,2003,118,,Natural,Hydrological,Flood,Riverine flood,,,Indonesia,IDN,South-Eastern Asia,Asia,"Kota Jakarta Barat, Kota Jakarta Selatan districts (Dki Jakarta province), Kota Tangerang district (Banten province)",Heavy rains,,,,,,,540.0,Km2,,,,,2003,2.0,13.0,2003,2.0,14.0,3.0,,33000.0,,33000.0,,,,,,,67.8888956921058,2,,73722;73724;73752,"Kota Jakarta Barat, Kota Jakarta Selatan, Kota Tangerang (Adm2)."
2003-0531-IDN,2003,531,,Natural,Hydrological,Flood,Flash flood,,,Indonesia,IDN,South-Eastern Asia,Asia,"Hahorok area (Langkat district, Sumatera Utara province), Banyumas, Cilacap, Kebumen districts (Jawa Tengah province)","Heavy rain, deforestation","Slide (land, mud, snow, rock)",,Yes,,,166.0,600.0,Km2,,,,Bohorok,2003,11.0,2.0,2003,11.0,3.0,241.0,30.0,1468.0,,1498.0,,,,,,,67.8888956921058,2,,18031;18036;18041;18234,"Banyumas, Cilacap, Kebumen, Langkat (Adm2)."
2003-0593-IDN,2003,593,,Natural,Hydrological,Flood,Riverine flood,,,Indonesia,IDN,South-Eastern Asia,Asia,"Muarojambi, Kota Jambi, Tanjungjabung Timur, Batanghari districts (Jambi province), Indragiri Hulu, Pelalawan districts (Riau province)",Raining season,"Slide (land, mud, snow, rock)",,,,,412.0,1500.0,Km2,,,,"Bathangari, Kampar, Indragiri",2003,11.0,30.0,2003,12.0,6.0,8.0,,25000.0,,25000.0,,,,,,,67.8888956921058,2,,18003;73647;73684;73803;73825;73863,"Batanghari, Indragiri Hulu, Kota Jambi, Muarojambi, Pelalawan, Tanjungjabung Timur (Adm2)."
2003-0776-IDN,2003,776,,Natural,Hydrological,Flood,Riverine flood,,,Indonesia,IDN,South-Eastern Asia,Asia,"Batanghari, Kota Jambi, Muarojambi, Sarolangun districts (Jambi province), Majene district (Sulawesi Barat province), Kota Manado district (Sulawesi Utara province), Indragiri Hulu district (Riau province), Musibanyuasin (Sumatera Selatan province)",Heavy rain,"Slide (land, mud, snow, rock)",,,,,,79400.0,Km2,,,,"Batanghari, Tondano",2003,12.0,10.0,2004,1.0,5.0,148.0,,350000.0,,350000.0,,,,,,,67.8888956921058,2,,18003;18177;18200;73647;73684;73803;73806;73841,"Batanghari, Indragiri Hulu, Kota Jambi, Kota Manado, Majene, Muarojambi, Musibanyuasin, Sarolangun (Adm2)."
2004-0098-IDN,2004,98,,Natural,Hydrological,Flood,Riverine flood,,,Indonesia,IDN,South-Eastern Asia,Asia,Dki Jakarta province,Heavy rains,,,,,,,280.0,Km2,,,,Ciliwung,2004,2.0,18.0,2004,2.0,23.0,5.0,,13000.0,,13000.0,,,,,60000.0,86075.0,69.7064421605073,1,1516,,Dki Jakarta (Adm1).
2005-0223-IDN,2005,223,,Natural,Hydrological,Flood,Flash flood,,,Indonesia,IDN,South-Eastern Asia,Asia,"Jongar, Lawe Mengkudu, Lawe Penanggalan, Jambur Lak Lak, Badar villages (Aceh Tenggara district, Nangroe Aceh Darussalam province)",Heavy rains,"Slide (land, mud, snow, rock)",,,,,,1730.0,Km2,,,,Lawe Alas river,2005,4.0,26.0,2005,4.0,27.0,47.0,18.0,750.0,,768.0,,,,,,,72.0714104526569,2,,73630,Aceh Tenggara (Adm2).
2005-0589-IDN,2005,589,,Natural,Hydrological,Flood,Flash flood,,,Indonesia,IDN,South-Eastern Asia,Asia,"Lawe Beringan, Semadam Awal villages (Semadam area, Aceh Tenggara district, Nangroe Aceh Darussalam province), Tirtoyudo, Sumbermanjing Wetan, Dampit, Ampilgading villages (Malang district, Jawa Timur province)",Heavy rains,"Slide (land, mud, snow, rock)",,,,,,2460.0,Km2,,,,Simpang,2005,10.0,18.0,2005,10.0,19.0,28.0,211.0,12000.0,,12211.0,,,,,,,72.0714104526569,2,,73630;73780,"Aceh Tenggara, Malang (Adm2)."
2005-0718-IDN,2005,718,,Natural,Hydrological,Flood,Flash flood,,,Indonesia,IDN,South-Eastern Asia,Asia,"Panti, Tanggul, Arjasa, Rambipuji, Kaliwates, Wuluhan, Patrang, Balung, Puger areas (Jember district, Jawa Timur province)",Heavy rains,"Slide (land, mud, snow, rock)",,,,,322.0,,Km2,,,,Kaliputih,2005,12.0,31.0,2006,1.0,3.0,79.0,30.0,7781.0,,7811.0,,,,,,,72.0714104526569,2,,18070,Jember (Adm2).
2006-0074-IDN,2006,74,,Natural,Hydrological,Flood,Riverine flood,,,Indonesia,IDN,South-Eastern Asia,Asia,"Lasem, Pamotan, Sedan areas (Rembang district, Jawa Tengah province), Demak, Kota Semarang, Semarang districts (Jawa Tengah province), Indramayu district (Jawa Barat province), Dki Jakarta province",Mosnoonal rain,"Slide (land, mud, snow, rock)",,,,,,73070.0,Km2,-6.85,108.59,,"Karanggeneng, Beringin, Cimanuk, Cilalanang, Cipanas, Cipunegara",2006,1.0,26.0,2006,2.0,14.0,19.0,,10000.0,,10000.0,,,,,27100.0,36426.0,74.3963874917997,1;2,1516,18013;18037;18046;18056;18057,"Dki Jakarta (Adm1). Demak, Indramayu, Kota Semarang, Rembang, Semarang (Adm2)."
2006-0099-IDN,2006,99,,Natural,Hydrological,Flood,Flash flood,,,Indonesia,IDN,South-Eastern Asia,Asia,"Kota Manado, Minahasa districts (Sulawesi Utara province)",Monsoonal rains,"Slide (land, mud, snow, rock)",,,,,,33830.0,Km2,1.07,124.66,,Rano Wangko,2006,2.0,13.0,2006,2.0,23.0,39.0,39.0,17500.0,,17539.0,,,,,25000.0,33604.0,74.3963874917997,2,,18200;73800,"Kota Manado, Minahasa (Adm2)."
2006-0192-IDN,2006,192,,Natural,Hydrological,Flood,Riverine flood,,,Indonesia,IDN,South-Eastern Asia,Asia,"Bendungan, Trenggalek, Ogalan, Karangan, Tugu, Durenan, Gandu Sari areas (Trenggalek district, Jawa Timur province), Ponorogo district (Jawa Timur province), Karanganyar district (Jawa Tengah province)",Heavy rain,"Slide (land, mud, snow, rock)",,,,,,19040.0,Km2,-7.84,111.86,,Ngasinan,2006,4.0,19.0,2006,4.0,23.0,22.0,2.0,400.0,,402.0,,,,,,,74.3963874917997,2,,18040;18092;18098,"Karanganyar, Ponorogo, Trenggalek (Adm2)."
2006-0311-IDN,2006,311,,Natural,Hydrological,Flood,Flash flood,,,Indonesia,IDN,South-Eastern Asia,Asia,"Sinjai, Jeneponto, Bulukumba, Bantaeng, Luwu Utara, Bone, Gowa, Sidenrengrappang, Selayar, Wajo, Soppeng (Sulawesi Selatan province)",Heavy rains,"Slide (land, mud, snow, rock)",,,,,144.0,3100.0,Km2,-5.17,120.11,,,2006,6.0,19.0,2006,6.0,23.0,236.0,56.0,28505.0,670.0,29231.0,,,,,55200.0,74197.0,74.3963874917997,2,,18167;18169;18170;18172;18173;18182;18183;18184;18185;18188;73778,"Bantaeng, Bone, Bulukumba, Gowa, Jeneponto, Luwu Utara, Selayar, Sidenrengrappang, Sinjai, Soppeng, Wajo (Adm2)."
2006-0343-IDN,2006,343,,Natural,Hydrological,Flood,Riverine flood,,,Indonesia,IDN,South-Eastern Asia,Asia,"Bolaangmongondow district (Sulawesi Utara province), Kota Gorontalo, Bonebolango, Gorontalo districts (Gorontalo province)",Heavy rains,,,,,,,890.0,Km2,0.55,123.01,,"Pilolenga, Bone, Bolango",2006,6.0,23.0,2006,6.0,27.0,,,5000.0,,5000.0,,,,,,,74.3963874917997,2,,18197;18199;73660;73675,"Bolaangmongondow, Bonebolango, Gorontalo, Kota Gorontalo (Adm2)."
2006-0328-IDN,2006,328,,Natural,Hydrological,Flood,,,,Indonesia,IDN,South-Eastern Asia,Asia,Kota Baru district (Kalimantan Selatan province),,"Slide (land, mud, snow, rock)",,,,,,,Km2,,,,,2006,6.0,24.0,2006,6.0,26.0,41.0,,,,,,,,,,,74.3963874917997,2,,18114,Kota Baru (Adm2).
2006-0332-IDN,2006,332,,Natural,Hydrological,Flood,Flash flood,,,Indonesia,IDN,South-Eastern Asia,Asia,"Tanahlaut, Kota Baru, Tanahbumbu districts (Kalimantan Selatan province)",Torrential rain,"Slide (land, mud, snow, rock)",,,,,,23710.0,Km2,-3.29,115.49,,"Limpur, Martapura, Riam Kiwa rivers",2006,6.0,25.0,2006,6.0,29.0,52.0,,18250.0,,18250.0,,,,,,,74.3963874917997,2,,18114;18116;73860,"Kota Baru, Tanahbumbu, Tanahlaut (Adm2)."
2006-0680-IDN,2006,680,,Natural,Hydrological,Flood,Flash flood,,,Indonesia,IDN,South-Eastern Asia,Asia,"Aceh Barat, Aceh Tamiang, Aceh Timur, Aceh Utara, Bener Meriah, Bireuen, Gayolues, Kota Lhokseumawe districts (Nangroe Aceh Darussalam province), Langkat, Mandailingnatal, Tapanuli Selatan districts (Sumatera Utara province), Rokanhilir, Indragiri Hulu districts (Riau province)",Monsoonal rain,Broken Dam/Burst bank,"Slide (land, mud, snow, rock)",Yes,,,4984.0,,Km2,,,,,2006,12.0,22.0,2007,1.0,4.0,236.0,,618486.0,,618486.0,,,,,,,74.3963874917997,2,,18234;73624;73628;73631;73632;73650;73657;73674;73684;73733;73787;73835;73864,"Aceh Barat, Aceh Tamiang, Aceh Timur, Aceh Utara, Bener Meriah, Bireuen, Gayolues, Indragiri Hulu, Kota Lhokseumawe, Langkat, Mandailingnatal, Rokanhilir, Tapanuli Selatan (Adm2)."
2007-0050-IDN,2007,50,FL-2007-000023,Natural,Hydrological,Flood,Riverine flood,,,Indonesia,IDN,South-Eastern Asia,Asia,"Kota Jakarta Barat, Kota Jakarta Selatan districts (Dki Jakarta province), Tangerang district (Banten province), Bekasi, Bogor, Kota Depok districts (Jawa Barat province)",Torrential rains,,,Yes,,,6102.0,1800.0,Km2,-6.22,106.83,,"Ciliwung, Pesangrahan, Krukut, Cisadane",2007,1.0,31.0,2007,2.0,22.0,68.0,1.0,217086.0,,217087.0,,,450000.0,588092.0,971000.0,1268971.0,76.5186792040236,2,,18007;18008;18028;73720;73722;73724,"Bekasi, Bogor, Kota Depok, Kota Jakarta Barat, Kota Jakarta Selatan, Tangerang (Adm2)."
2007-0086-IDN,2007,86,,Natural,Hydrological,Flood,Flash flood,,,Indonesia,IDN,South-Eastern Asia,Asia,"Reok, Cibal, Wae Ri'i, Lamba Leda, Poco Renaka, Ruteng, Langke Rembong, Kota Komba, Sambi Rampas areas (Manggarai district, Nusatenggara Timur province), Manggarai Barat district (Nusatenggara Timur province) (East Nusa Tengarra province, Flores Isl.))",Torrential rain,"Slide (land, mud, snow, rock)",,,,,,3220.0,Km2,-8.57,120.76,,Wae Pesi,2007,3.0,1.0,2007,3.0,10.0,74.0,26.0,11530.0,,11556.0,,,,,,,76.5186792040236,2,,73788;73789,"Manggarai, Manggarai Barat (Adm2)."
2007-0175-IDN,2007,175,,Natural,Hydrological,Flood,Riverine flood,,,Indonesia,IDN,South-Eastern Asia,Asia,"Kutai Barat, Kutai Kartanegara districts (Kalimantan Timur province)",Heavy rain,,,,,,,34350.0,Km2,-0.19,116.92,,Mahakam river,2007,5.0,15.0,2007,6.0,5.0,4.0,,60000.0,,60000.0,,,,,,,76.5186792040236,2,,73766;73767,"Kutai Barat, Kutai Kartanegara (Adm2)."
2007-0312-IDN,2007,312,,Natural,Hydrological,Flood,Riverine flood,,,Indonesia,IDN,South-Eastern Asia,Asia,"Morowali, Donggala, Parigimoutong, Poso, Tojounauna, Banggai, Toli-toli districts (Sulawesi Tengah province)",Heavy rain,"Slide (land, mud, snow, rock)",,,,,,4600.0,Km2,-1.74,121.49,,Solato,2007,7.0,22.0,2007,8.0,7.0,88.0,12.0,3377.0,,3389.0,,,,,,,76.5186792040236,2,,73638;73671;73801;73821;73830;73872;73873,"Banggai, Donggala, Morowali, Parigimoutong, Poso, Tojounauna, Toli-toli (Adm2)."
2007-0309-IDN,2007,309,,Natural,Hydrological,Flood,Riverine flood,,,Indonesia,IDN,South-Eastern Asia,Asia,"Larompong, Suli areas (Luwu district, Sulawesi Selatan province)",Heavy rain,,,,,,,2400.0,Km2,-3.28,120.2,,,2007,7.0,25.0,2007,8.0,2.0,15.0,,2000.0,,2000.0,,,,,,,76.5186792040236,2,,73779,Luwu (Adm2).
2007-0447-IDN,2007,447,,Natural,Hydrological,Flood,,,,Indonesia,IDN,South-Eastern Asia,Asia,"Pasir, Kota Balikpapan districts (Kalimantan Timur province)",Heavy rain,"Slide (land, mud, snow, rock)",,,,,,5690.0,Km2,-1.08,116.72,,,2007,9.0,2.0,2007,9.0,4.0,4.0,,1000.0,,1000.0,,,,,,,76.5186792040236,2,,18130;73823,"Kota Balikpapan, Pasir (Adm2)."
2007-0610-IDN,2007,610,FL-2007-000230,Natural,Hydrological,Flood,Riverine flood,,,Indonesia,IDN,South-Eastern Asia,Asia,"Banyumas, Batang, Blora, Demak, Cilacap, Grobodan, Karanganyar, Klaten, Kota Surakarta, Kudus, Pati, Pekalongan, Pemalang, Sragen, Sukoharjo, Tegal, Wonogiri districts (Jawa Tengah province), Bojonegoro, Gresik, Jember, Jombang, Lamongan, Lumajang, Madiun, Magetan, Mojokerto, Ngawi, Pacitan, Ponogoro, Trenggalek, Tuban, Tulungagung districts (Jawa Timur province), Kota Padang district (Sumatera Barat province)",Seasonal torrential rain,"Slide (land, mud, snow, rock)",,,,,,50690.0,Km2,-7.54,111.33,,"Bengawan Solo, Amprong, Madiun, Grindalu, Lusi",2007,12.0,25.0,2007,12.0,,127.0,95.0,259545.0,9875.0,269515.0,,,,,,,76.5186792040236,2,,18031;18032;18033;18036;18037;18038;18040;18042;18047;18049;18051;18052;18053;18058;18059;18060;18062;18067;18069;18070;18071;18081;18082;18083;18084;18086;18088;18089;18092;18098;18099;18100;18204,"Banyumas, Batang, Blora, Bojonegoro, Cilacap, Demak, Gresik, Grobogan, Jember, Jombang, Karanganyar, Klaten, Kota Padang, Kota Surakarta, Kudus, Lamongan, Lumajang, Madiun, Magetan, Mojokerto, Ngawi, Pacitan, Pati, Pekalongan, Pemalang, Ponorogo, Sragen, Sukoharjo, Tegal, Trenggalek, Tuban, Tulungagung, Wonogiri (Adm2)."
2008-0013-IDN,2008,13,,Natural,Hydrological,Flood,Riverine flood,,,Indonesia,IDN,South-Eastern Asia,Asia,"Bogor, Kota Depok districts (Jawa Barat province), Kota Jakarta Timur, Kota Jakarta Selatan districts (Dki Jakarta province), Tangerang district (Banten province)",Heavy rains,,,,,,,2180.0,Km2,-6.23,106.83,,"Ciliwung, Cisadane, Sabi",2008,1.0,2.0,2008,1.0,6.0,,,1000.0,,1000.0,,,,,,,79.4563043953641,2,,18008;18028;73720;73724;73725,"Bogor, Kota Depok, Kota Jakarta Selatan, Kota Jakarta Timur, Tangerang (Adm2)."
2008-0052-IDN,2008,52,,Natural,Hydrological,Flood,Riverine flood,,,Indonesia,IDN,South-Eastern Asia,Asia,Pasuruan district (Jawa Timur province),Heavy rain,,,,,,,810.0,Km2,-7.71,112.91,,,2008,1.0,30.0,2008,1.0,31.0,3.0,,40000.0,,40000.0,,,,,653.0,822.0,79.4563043953641,2,,18091,Pasuruan (Adm2).
2008-0042-IDN,2008,42,,Natural,Hydrological,Flood,Riverine flood,,,Indonesia,IDN,South-Eastern Asia,Asia,"Kota Jakarta Barat, Kota Jakarta Pusat, Kota Jakarta Timur districts (Dki Jakarta province)",Heavy rain,,,,,,,380.0,Km2,-6.19,106.85,,,2008,2.0,1.0,2008,2.0,6.0,3.0,,88261.0,1500.0,89761.0,,,,,,,79.4563043953641,2,,73722;73723;73725,"Kota Jakarta Barat, Kota Jakarta Pusat, Kota Jakarta Timur (Adm2)."
2008-0067-IDN,2008,67,,Natural,Hydrological,Flood,Flash flood,,,Indonesia,IDN,South-Eastern Asia,Asia,Situbondo district (Jawa Timur province),Heavy rain,,,,,,,400.0,Km2,-7.74,114.0,,"Sampeyan, Pelegangan",2008,2.0,8.0,2008,2.0,12.0,14.0,,7000.0,,7000.0,,,,,,,79.4563043953641,2,,18096,Situbondo (Adm2).
2008-0092-IDN,2008,92,FL-2008-000030,Natural,Hydrological,Flood,Riverine flood,,,Indonesia,IDN,South-Eastern Asia,Asia,"Jepara, Pati districts (Jawa Tengah province), Ende, Ngada, Sikka, Sumba Barat, Timor Tengah Utara, Kupang districts (Nusatenggara Timur province)",Heavy rains,"Slide (land, mud, snow, rock)",,,,,,,Km2,-6.8,111.06,,,2008,2.0,11.0,2008,2.0,27.0,11.0,,3500.0,,3500.0,,,,,,,79.4563043953641,2,,18039;18051;18151;18155;18156;18157;18160;73765,"Ende, Jepara, Kupang, Ngada, Pati, Sikka, Sumba Barat, Timor Tengah Utara (Adm2)."
2008-0108-IDN,2008,108,,Natural,Hydrological,Flood,Riverine flood,,,Indonesia,IDN,South-Eastern Asia,Asia,"Boyolali, Klaten, Kota Surakarta, Sukoharjo districts (Jawa Tengah province), Bojonegoro, Lamongan, Ngawi districts (Jawa Timur province)",Heavy rain,Broken Dam/Burst bank,,,,,,11590.0,Km2,-7.13,112.37,,"Bengawan Solo, Mengawan Madiun",2008,3.0,1.0,2008,3.0,14.0,3.0,,12000.0,,12000.0,,,,,,,79.4563043953641,2,,18034;18042;18047;18059;18067;18081;18088,"Bojonegoro, Boyolali, Klaten, Kota Surakarta, Lamongan, Ngawi, Sukoharjo (Adm2)."
2008-0128-IDN,2008,128,,Natural,Hydrological,Flood,Riverine flood,,,Indonesia,IDN,South-Eastern Asia,Asia,"Kampar, Kota Pekanbaru, Kuantan Singingi districts (Riau province)",Heavy rain,,,,,,,80090.0,Km2,0.54,101.78,,"Siak, Rokan, Kampar, Indragiri",2008,3.0,10.0,2008,4.0,3.0,,,60000.0,,60000.0,,,,,,,79.4563043953641,2,,18165;73688;73764,"Kampar, Kota Pekanbaru, Kuantan Singingi (Adm2)."
2008-0176-IDN,2008,176,,Natural,Hydrological,Flood,Flash flood,,,Indonesia,IDN,South-Eastern Asia,Asia,Aceh Barat district (Nangroe Aceh Darussalam province),Heavy rain,,,,,,,4200.0,Km2,4.65,95.77,,,2008,4.0,23.0,2008,4.0,27.0,,,34514.0,,34514.0,,,,,,,79.4563043953641,2,,73624,Aceh Barat (Adm2).
2008-0383-IDN,2008,383,,Natural,Hydrological,Flood,Riverine flood,,,Indonesia,IDN,South-Eastern Asia,Asia,"Limba B, Biwau, Biawao, Donggala, Limba U2, Moodu, Heledula Utara, Heledulaa Selatan, Ipilo, Bugis, Tenilo, Dembe Jaya II, Dembe Jaya, Wongkaditi Timur areas (Gorontalo district, Gorontalo province), Kota Gorotalo, Bonebolango districts (Gorontalo province), Sumatra Utara, Sulawesi Selatan, Maluku, Riau, Sulawesi Tengah, Jawa Barat, Kalimantan Selatan, Kalimantan Tengah, Kalimantan Timur provinces",Monsoonal rains,,,,,,,9851.0,Km2,0.68,122.52,,,2008,9.0,6.0,2008,9.0,8.0,16.0,,118000.0,,118000.0,,,,,1080.0,1359.0,79.4563043953641,1;2,1523;1524;1525;1532;1537;73613;73615;73618;73620,18199;73660;73675,"Jawa Barat, Kalimantan Selatan, Kalimantan Tengah, Kalimantan Timur, Maluku, Riau, Sulawesi Selatan, Sulawesi Tengah, Sumatera Utara (Adm1). Bonebolango, Gorontalo, Kota Gorontalo (Adm2)."
2008-0526-IDN,2008,526,,Natural,Hydrological,Flood,Riverine flood,,,Indonesia,IDN,South-Eastern Asia,Asia,"Campaka, Cibeber areas (Cianjur district, Java Barat province), Sumatera Barat, Bengkulu, Sulawesi Selatan, Sulawesi Tengah, Sulawasi Barat, Sulawesi Tenggara, Jawa Tengah, Jawa Timur, Kalimantan Timur provinces",Heavy rains,"Slide (land, mud, snow, rock)",,,,,,,Km2,,,,,2008,11.0,15.0,2008,11.0,16.0,33.0,,83000.0,1420.0,84420.0,,,,,,,79.4563043953641,1;2,1514;1520;1521;1525;1532;1533;1535;73619;73620,18010,"Bengkulu, Jawa Tengah, Jawa Timur, Kalimantan Timur, Sulawesi Barat, Sulawesi Selatan, Sulawesi Tengah, Sulawesi Tenggara, Sumatera Barat (Adm1). Cianjur (Adm2)."
2008-0635-IDN,2008,635,,Natural,Hydrological,Flood,Riverine flood,,,Indonesia,IDN,South-Eastern Asia,Asia,Lombok Barat district (Nusatenggara Barat province),Heavy rain,,,,,,,126700.0,Km2,-3.33,103.14,,,2008,12.0,26.0,2009,1.0,12.0,24.0,,15000.0,,15000.0,,,,,,,79.4563043953641,2,,18145,Lombok Barat (Adm2).
2009-0063-IDN,2009,63,,Natural,Hydrological,Flood,Flash flood,,,Indonesia,IDN,South-Eastern Asia,Asia,"Blora, Sragen, Bojonegoro, Jember, Ngawi, Pasuruan districts (Jawa Timur province), Luwu district (Sulawesi Selatan province)",Incessant rains,"Slide (land, mud, snow, rock)",,,,,,60610.0,Km2,-2.63,120.26,,,2009,1.0,27.0,2009,2.0,2.0,18.0,,12000.0,,12000.0,,,,,,,79.1738027553029,2,,18033;18058;18067;18070;18088;18091;73779,"Blora, Bojonegoro, Jember, Luwu, Ngawi, Pasuruan, Sragen (Adm2)."
2009-0121-IDN,2009,121,,Natural,Hydrological,Flood,Riverine flood,,,Indonesia,IDN,South-Eastern Asia,Asia,"Cireundeu village (Tangerang district, Banten province)",Heavy rain,Broken Dam/Burst bank,,,,,,19200.0,Km2,6.55,106.36,,,2009,3.0,26.0,2009,3.0,27.0,64.0,,1600.0,,1600.0,,,,,,,79.1738027553029,2,,18028,Tangerang (Adm2).
2009-0352-IDN,2009,352,FF-2009-000196,Natural,Hydrological,Flood,Flash flood,,,Indonesia,IDN,South-Eastern Asia,Asia,"Batang Gadis, Muara villages (Mandailingnatal district, Sumatera Utara province), Tapanuli Selatan district (Sumatera Utara province)",Heavy torrential rains,,,,,,,,Km2,,,,,2009,9.0,15.0,2009,9.0,18.0,38.0,,10000.0,,10000.0,,,,,,,79.1738027553029,2,,73787;73864,"Mandailingnatal, Tapanuli Selatan (Adm2)."
2009-0436-IDN,2009,436,,Natural,Hydrological,Flood,Flash flood,,,Indonesia,IDN,South-Eastern Asia,Asia,Toli-toli district (Sulawesi Tengah province),Heavy rains,,,,,,,,Km2,,,,,2009,10.0,8.0,2009,10.0,8.0,,,2500.0,,2500.0,,,,,,,79.1738027553029,2,,73873,Toli-toli (Adm2).
2009-0540-IDN,2009,540,,Natural,Hydrological,Flood,Flash flood,,,Indonesia,IDN,South-Eastern Asia,Asia,"Siau Timur area (Kepulauan-sangihe district, Sulawesi Utara province)",,,,,,,,,Km2,,,,,2009,12.0,8.0,2009,12.0,8.0,6.0,4.0,700.0,,704.0,,,,,,,79.1738027553029,2,,73699,Kepulauan-sangihe (Adm2).
2010-0026-IDN,2010,26,,Natural,Hydrological,Flood,Riverine flood,,,Indonesia,IDN,South-Eastern Asia,Asia,Jawa Timur province,,,,,,,,,Km2,,,,Kali Kedung river,2010,1.0,11.0,2010,1.0,11.0,5.0,,28500.0,,28500.0,,,,,,,80.472285151979,1,1521,,Jawa Timur (Adm1).
2010-0034-IDN,2010,34,,Natural,Hydrological,Flood,Flash flood,,,Indonesia,IDN,South-Eastern Asia,Asia,Kolaka Utara district (Sulawasi Tenggara province),,,,,,,,,Km2,,,,Rante Limbong river,2010,1.0,22.0,2010,1.0,22.0,10.0,,225.0,130.0,355.0,,,,,,,80.472285151979,2,,73702,Kolaka Utara (Adm2).
2010-0075-IDN,2010,75,,Natural,Hydrological,Flood,Riverine flood,,,Indonesia,IDN,South-Eastern Asia,Asia,"Ciwidey village (Bandung district, Jawa Barat province)",Heavy rains,"Slide (land, mud, snow, rock)",,,,,,,Km2,,,,,2010,2.0,23.0,2010,3.0,1.0,44.0,,,100.0,100.0,,,,,,,80.472285151979,2,,73636,Bandung (Adm2).
2010-0301-IDN,2010,301,,Natural,Hydrological,Flood,Riverine flood,,,Indonesia,IDN,South-Eastern Asia,Asia,"Buru district (Maluku Utara province), Tanahlaut, Tanahbumbu districts (Kalimantan Selatan province)",Heavy rain,"Slide (land, mud, snow, rock)",,,,,,106460.0,Km2,-2.14,114.97,,,2010,7.0,23.0,2010,7.0,25.0,21.0,7.0,15000.0,,15007.0,,,,,,,80.472285151979,2,,18116;73665;73860,"Buru, Tanahbumbu, Tanahlaut (Adm2)."
2010-0684-IDN,2010,684,,Natural,Hydrological,Flood,Riverine flood,,,Indonesia,IDN,South-Eastern Asia,Asia,Tabalong district (Kalimantan Selatan province),Heavy rains,,,,,,,,Km2,,,,Kinarum river,2010,9.0,11.0,2010,9.0,11.0,24.0,,,,,,,,,,,80.472285151979,2,,18115,Tabalong (Adm2).
2010-0512-IDN,2010,512,FF-2010-000198,Natural,Hydrological,Flood,Flash flood,,,Indonesia,IDN,South-Eastern Asia,Asia,"Wasior I, Wasior II, Rado, Moru, Maniwak, Mangurrai, Wondamawi, Wondiboy villages (Telukwondama district, Papua Barat province)",Torrential rains,"Slide (land, mud, snow, rock)",,,,,,,Km2,-1.22,132.81,,,2010,10.0,2.0,2010,10.0,6.0,291.0,3417.0,9011.0,,12428.0,,,,,78000.0,96928.0,80.472285151979,2,,73870,Telukwondama (Adm2).
2010-0576-IDN,2010,576,,Natural,Hydrological,Flood,Flash flood,,,Indonesia,IDN,South-Eastern Asia,Asia,"Toianas village (Timor Tengah Selatan district, Nusatenggara Timur province)",Heavy rains,,,,,,,23685.0,Km2,-8.672,121.6,,,2010,11.0,2.0,2010,11.0,5.0,16.0,,200.0,,200.0,,,,,,,80.472285151979,2,,18159,Timor Tengah Selatan (Adm2).
2011-0023-IDN,2011,23,,Natural,Hydrological,Flood,Riverine flood,,,Indonesia,IDN,South-Eastern Asia,Asia,"Legon Kulon, Sukasari, Pusakanegara, Pamanukan, Pusaka Jaya areas (Subang district, Jawa Barat)",Heavy rains,,,,,,,10402.0,Km2,-6.8436,108.26,,"Cidagung river, Cipunagara stream",2011,1.0,16.0,2011,1.0,20.0,,,12000.0,,12000.0,,,,,,,83.0126743931774,2,,18025,Subang (Adm2).
2011-0094-IDN,2011,94,,Natural,Hydrological,Flood,Flash flood,,,Indonesia,IDN,South-Eastern Asia,Asia,"Hadiwarno, Jojo, Mejobo, Tenggeles, Kesambi, Golan, Sdanag, Pladen, Bulung Cangkring, Klaling, Sidorekso, Kedungdowo, Gamong, Papringan, Mijen, Karang Rowo, Mgawon, Ngembal Rajo, Manewan, Soco, Singocandi villages (Kudus district, Jawa Tengah province)",,,,,,,,,Km2,,,,,2011,2.0,6.0,2011,2.0,7.0,,,60.0,1000.0,1060.0,,,,,,,83.0126743931774,2,,18049,Kudus (Adm2).
2011-0088-IDN,2011,88,,Natural,Hydrological,Flood,Riverine flood,,,Indonesia,IDN,South-Eastern Asia,Asia,"Tangse area (Pidie district, Nangroe Aceh Darussalam province)",Torrential rain,,,,,,,41506.0,Km2,4.211,97.09,,,2011,3.0,10.0,2011,3.0,11.0,21.0,,750.0,,750.0,,,,,,,83.0126743931774,2,,17968,Pidie (Adm2).
2011-0645-IDN,2011,645,,Natural,Hydrological,Flood,Riverine flood,,,Indonesia,IDN,South-Eastern Asia,Asia,Paniai district (Papua province),Heavy rains,,,,,,,,Km2,,,,Paniai lake,2011,3.0,17.0,2011,3.0,31.0,13.0,,,3000.0,3000.0,,,,,,,83.0126743931774,2,,17996,Paniai (Adm2).
2011-0575-IDN,2011,575,,Natural,Hydrological,Flood,Riverine flood,,,Indonesia,IDN,South-Eastern Asia,Asia,Paniai district (Papua province),Torrential rain,,,,,,,17351.0,Km2,-4.39,137.83,,,2011,4.0,1.0,2011,4.0,10.0,18.0,,3000.0,,3000.0,,,,,,,83.0126743931774,2,,17996,Paniai (Adm2).
2011-0603-IDN,2011,603,,Natural,Hydrological,Flood,Riverine flood,,,Indonesia,IDN,South-Eastern Asia,Asia,"Tieng village (Wonosobo district, Jawa Tengah province)",,,,,,,,2457.0,Km2,-7.379,110.24,,,2011,12.0,18.0,2011,12.0,22.0,10.0,,54.0,,54.0,,,,,,,83.0126743931774,2,,18063,Wonosobo (Adm2).
2012-0575-IDN,2012,575,,Natural,Hydrological,Flood,Riverine flood,,,Indonesia,IDN,South-Eastern Asia,Asia,Kota Ternate district (Maluku Utara province),,,,,,,,,Km2,,,,,2012,5.0,9.0,2012,5.0,9.0,5.0,20.0,,1000.0,1020.0,,,,,,,84.7304788978789,2,,73758,Kota Ternate (Adm2).
2012-0266-IDN,2012,266,,Natural,Hydrological,Flood,Riverine flood,,,Indonesia,IDN,South-Eastern Asia,Asia,"Galala, Lateri, Passo, Laha, Tawiri, South Leitimur, Batu Gajah, Mangga Dua, Karang Panjang, Batu Merah, Kebun Cengkeh, Ahuru villages (Kota Ambon district, Maluku province)",,"Slide (land, mud, snow, rock)",,Yes,,,,,Km2,,,,,2012,7.0,24.0,2012,7.0,24.0,8.0,,625.0,,625.0,,,,,,,84.7304788978789,2,,18139,Kota Ambon (Adm2).
2012-0582-IDN,2012,582,,Natural,Hydrological,Flood,Flash flood,,,Indonesia,IDN,South-Eastern Asia,Asia,Kota Ambon district (Maluku province),,"Slide (land, mud, snow, rock)",,,,,,,Km2,,,,,2012,7.0,31.0,2012,7.0,31.0,8.0,,3770.0,,3770.0,,,,,,,84.7304788978789,2,,18139,Kota Ambon (Adm2).
2012-0432-IDN,2012,432,,Natural,Hydrological,Flood,Flash flood,,,Indonesia,IDN,South-Eastern Asia,Asia,"Parigimoutong, Kota Palu districts (Sulawesi Tengah province)",,,,,,,,,Km2,,,,,2012,8.0,25.0,2012,8.0,25.0,4.0,5.0,1040.0,,1045.0,,,,,,,84.7304788978789,2,,73741;73821,"Kota Palu, Parigimoutong (Adm2)."
2012-0378-IDN,2012,378,,Natural,Hydrological,Flood,Flash flood,,,Indonesia,IDN,South-Eastern Asia,Asia,"Pauh, Nanggalo, Lubeg, Kuranji areas (Kota Padang district, Sumatera Barat province)",,,,,,,,,Km2,,,,,2012,9.0,12.0,2012,9.0,12.0,,,1150.0,,1150.0,,,,,,,84.7304788978789,2,,18204,Kota Padang (Adm2).
2012-0426-IDN,2012,426,,Natural,Hydrological,Flood,Riverine flood,,,Indonesia,IDN,South-Eastern Asia,Asia,"Serdang Bedagai, Nias districts (Sumatra Utara province), Mamasa district (Sulawesi Barat province)",Hevay rains,,,,,,,,Km2,,,,"Batu Ginging, Kuala Namu, Pekong, Ular",2012,11.0,7.0,2012,11.0,9.0,13.0,,15210.0,,15210.0,,,,,,,84.7304788978789,2,,73784;73812;73847,"Mamasa, Nias, Serdang Bedagai (Adm2)."
2012-0539-IDN,2012,539,,Natural,Hydrological,Flood,Riverine flood,,,Indonesia,IDN,South-Eastern Asia,Asia,"Solok Selatan district (Sumatra Barat province), Dompu district (Nusatenggara Barat province)",,"Slide (land, mud, snow, rock)",,,,,,,Km2,,,,,2012,12.0,24.0,2012,12.0,25.0,3.0,,10500.0,,10500.0,,,,,,,84.7304788978789,2,,18144;73852,"Dompu, Solok Selatan (Adm2)."
2013-0034-IDN,2013,34,,Natural,Hydrological,Flood,Riverine flood,,,Indonesia,IDN,South-Eastern Asia,Asia,"Manggala, Biringkanaya, Panakkukang, Tamalanrea areas (Kota Makassar district, Sulawesi Selatan province), Pangkajene Kepulauan, Maros, Jeneponto, Barru, Gowa districts (Sulawesi Selatan province)",,,,,,,,67600.0,Km2,-0.86702,121.88,,,2013,1.0,3.0,2013,1.0,10.0,8.0,,1000.0,,1000.0,,,,,,,85.9716422479773,2,,18168;18172;18173;18179;73735;73792,"Barru, Gowa, Jeneponto, Kota Makasar, Maros, Pangkajene Kepulauan (Adm2)."
2013-0007-IDN,2013,7,FL-2013-000006,Natural,Hydrological,Flood,Riverine flood,,,Indonesia,IDN,South-Eastern Asia,Asia,Dki Jakarta province,Moonsonal rains,,,Yes,,,,1746.0,Km2,-6.17945,106.73,,,2013,1.0,17.0,2013,1.0,31.0,34.0,,248846.0,,248846.0,,,300000.0,348952.0,3000000.0,3489523.0,85.9716422479773,1,1516,,Dki Jakarta (Adm1).
2013-0063-IDN,2013,63,,Natural,Hydrological,Flood,Riverine flood,,,Indonesia,IDN,South-Eastern Asia,Asia,"Kota Manado, Kepulauan-sangihe districts (Sulawesi Utara province), Rokanhulu district (Riau province)",Heavy rains,"Slide (land, mud, snow, rock)",,,,,,28874.0,Km2,1.0256,124.51,,,2013,2.0,15.0,2013,2.0,22.0,17.0,,58040.0,,58040.0,,,,,2000.0,2326.0,85.9716422479773,2,,18200;73699;73836,"Kepulauan-sangihe, Kota Manado, Rokanhulu (Adm2)."
2013-0560-IDN,2013,560,,Natural,Hydrological,Flood,Riverine flood,,,Indonesia,IDN,South-Eastern Asia,Asia,Belu district (Nusatenggara Timur province),Heavy rains enhanced by Tropical cyclone Rusty,,,,,,,,Km2,,,,,2013,2.0,26.0,2013,2.0,28.0,3.0,,13860.0,,13860.0,,,,,,,85.9716422479773,2,,18150,Belu (Adm2).
2013-0126-IDN,2013,126,,Natural,Hydrological,Flood,Riverine flood,,,Indonesia,IDN,South-Eastern Asia,Asia,"Blora district (Jawa Tengah province), Bojonegoro, Ngawi, Tuban, Lamongan, Gresik districts (Jawa Timur province)",,,,,,,,,Km2,,,,,2013,4.0,7.0,2013,4.0,11.0,11.0,,115000.0,,115000.0,,,,,,,85.9716422479773,2,,18033;18067;18069;18081;18088;18099,"Blora, Bojonegoro, Gresik, Lamongan, Ngawi, Tuban (Adm2)."
2013-0267-IDN,2013,267,,Natural,Hydrological,Flood,Riverine flood,,,Indonesia,IDN,South-Eastern Asia,Asia,"Galala, Passo, Sirimau, Teluk Ambon, Leitimur Selatan areas (Kota Ambon district, Maluku province), Kedaton, Rajabassa, Sukabumi, Teluk Betung areas (Kota Bandarlampung district, Lampung province)",Heavy rains,"Slide (land, mud, snow, rock)",,,,,,,Km2,,,,,2013,7.0,28.0,2013,7.0,30.0,12.0,,8140.0,,8140.0,,,,,,,85.9716422479773,2,,18134;18139,"Kota Ambon, Kota Bandarlampung (Adm2)."
2013-0364-IDN,2013,364,,Natural,Hydrological,Flood,Riverine flood,,,Indonesia,IDN,South-Eastern Asia,Asia,"Penejam Paser Utara district (Kalimantan Timur province), Sekadau district (Kalimantan Barat province), Bonebolango district (Gorontalo province), Naganraya district (Nangroe Aceh Darussalam province)",Heavy rains,,,,,,,,Km2,,,,,2013,9.0,12.0,2013,9.0,12.0,,,23640.0,,23640.0,,,,,,,85.9716422479773,2,,73660;73809;73826;73843,"Bonebolango, Naganraya, Penajam Paser Utara, Sekadau (Adm2)."
2013-0428-IDN,2013,428,,Natural,Hydrological,Flood,Riverine flood,,,Indonesia,IDN,South-Eastern Asia,Asia,"Stabat, Batang Serangan, Secanggang, Wampu, Padang Tualang villages (Langkat district, Sumatera Utara province)",Torrential rain,,,,,,,31024.0,Km2,2.954,99.677,,,2013,10.0,7.0,2013,10.0,14.0,,,16000.0,,16000.0,,,,,,,85.9716422479773,2,,18234,Langkat (Adm2).
2013-0553-IDN,2013,553,,Natural,Hydrological,Flood,Riverine flood,,,Indonesia,IDN,South-Eastern Asia,Asia,"Bojonegoro, Tuban, Gresik, Mojokerto districts (Jawa Timur province)",Heavy rainfall,,,,,,,,Km2,,,,"Bengawan Solo, Lamong rivers",2013,12.0,14.0,2013,12.0,15.0,4.0,,84250.0,,84250.0,,,,,2000.0,2326.0,85.9716422479773,2,,18067;18069;18086;18099,"Bojonegoro, Gresik, Mojokerto, Tuban (Adm2)."
2013-0541-IDN,2013,541,,Natural,Hydrological,Flood,Riverine flood,,,Indonesia,IDN,South-Eastern Asia,Asia,Kota Tebingtinggi district (Sumatera Utara province),Heavy rainfall,,,,,,,22525.0,Km2,4.48013,97.29,,,2013,12.0,28.0,2013,12.0,30.0,,,22500.0,,22500.0,,,,,2000.0,2326.0,85.9716422479773,2,,73757,Kota Tebingtinggi (Adm2).
2014-0056-IDN,2014,56,,Natural,Hydrological,Flood,Riverine flood,,,Indonesia,IDN,South-Eastern Asia,Asia,"Tangerang district (Banten province), Dki Jakarta province",Heavy rains,,,,,,,35769.0,Km2,-6.6324,107.71,,,2014,1.0,8.0,2014,2.0,7.0,32.0,,20000.0,,20000.0,,,20000.0,22892.0,600000.0,686764.0,87.3662978351193,1;2,1516,18028,Dki Jakarta (Adm1). Tangerang (Adm2).
2014-0018-IDN,2014,18,,Natural,Hydrological,Flood,Riverine flood,,,Indonesia,IDN,South-Eastern Asia,Asia,"Kota Manado, Minahasa Utara, Kota Tomohon, Minahasa, Minahasa Selatan, Kepulauan-sangihe districts (Sulawesi Utara province)",Heavy rains,"Slide (land, mud, snow, rock)",,,,,,,Km2,,,,"Tondano, Malalayang, Bahu, Singkil",2014,1.0,14.0,2014,1.0,17.0,20.0,,128182.0,,128182.0,,,,,153000.0,175125.0,87.3662978351193,2,,18200;73699;73760;73798;73799;73800,"Kepulauan-sangihe, Kota Manado, Kota Tomohon, Minahasa, Minahasa Selatan, Minahasa Utara (Adm2)."
2014-0057-IDN,2014,57,,Natural,Hydrological,Flood,Riverine flood,,,Indonesia,IDN,South-Eastern Asia,Asia,"Jawa Tengah, Jawa Timur provinces",Heavy rains,"Slide (land, mud, snow, rock)",,,,,,,Km2,,,,,2014,1.0,19.0,2014,1.0,22.0,11.0,,,4000.0,4000.0,,,,,2000.0,2289.0,87.3662978351193,1,1520;1521,,"Jawa Tengah, Jawa Timur (Adm1)."
2014-0038-IDN,2014,38,,Natural,Hydrological,Flood,Riverine flood,,,Indonesia,IDN,South-Eastern Asia,Asia,"Subang, Indramayu districts (Jawa Barat province), Demak, Kudus districts (Jawa Tengah province), Jombang district (Jawa Timur province)",,"Slide (land, mud, snow, rock)",,,,,,,Km2,,,,,2014,1.0,24.0,2014,1.0,28.0,,,259100.0,1250.0,260350.0,,,,,173000.0,198017.0,87.3662978351193,2,,18013;18025;18037;18049;18071,"Demak, Indramayu, Jombang, Kudus, Subang (Adm2)."
2014-0081-IDN,2014,81,,Natural,Hydrological,Flood,Riverine flood,,,Indonesia,IDN,South-Eastern Asia,Asia,"Abepura area (Kota Jayapura district, Papua province)",Heavy rains,,,,,,,,Km2,,,,,2014,2.0,25.0,2014,2.0,25.0,13.0,,275.0,,275.0,,,,,,,87.3662978351193,2,,73727,Kota Jayapura (Adm2).
2014-0473-IDN,2014,473,,Natural,Hydrological,Flood,Riverine flood,,,Indonesia,IDN,South-Eastern Asia,Asia,"Nangroe Aceh Darussalam, Bengkulu, Jambi, Lampung, Sumatera Barat, Sumatera Utara, Riau, Sumatera Selatan provinces",,,,,,,,,Km2,,,,,2014,11.0,22.0,2014,11.0,24.0,1.0,,10420.0,,10420.0,,,,,,,87.3662978351193,1,1512;1514;1518;1526;1535;1537;73618;73622,,"Bengkulu, Jambi, Lampung, Nangroe Aceh Darussalam, Riau, Sumatera Barat, Sumatera Selatan, Sumatera Utara (Adm1)."
2015-0036-IDN,2015,36,,Natural,Hydrological,Flood,Flash flood,,,Indonesia,IDN,South-Eastern Asia,Asia,Pesisir Selatan district (Sumatera Barat province),Torrential rains,,,,,,,,Km2,,,,,2015,1.0,23.0,2015,1.0,25.0,1.0,,8244.0,15.0,8259.0,,,,,,,87.4699322108025,2,,18212,Pesisir Selatan (Adm2).
2015-0076-IDN,2015,76,,Natural,Hydrological,Flood,Riverine flood,,,Indonesia,IDN,South-Eastern Asia,Asia,"Dki Jakarta, Jawa Barat, Jawa Timur, Jawa Tengah, Bali, Nusatenggara Barat provinces",Heavy rain,,,,,,,,Km2,,,,,2015,1.0,30.0,2015,2.0,2.0,2.0,,25000.0,,25000.0,,,,,,,87.4699322108025,1,1513;1516;1520;1521;1528;73613,,"Bali, Dki Jakarta, Jawa Barat, Jawa Tengah, Jawa Timur, Nusatenggara Barat (Adm1)."
2015-0056-IDN,2015,56,,Natural,Hydrological,Flood,Riverine flood,,,Indonesia,IDN,South-Eastern Asia,Asia,Gorontalo province,,,,,,,,,Km2,,,,,2015,2.0,5.0,2015,2.0,9.0,,,300.0,,300.0,,,,,,,87.4699322108025,1,73611,,Gorontalo (Adm1).
2015-0077-IDN,2015,77,,Natural,Hydrological,Flood,Riverine flood,,,Indonesia,IDN,South-Eastern Asia,Asia,"Dki Jakarta, Jawa Barat, Jawa Timur, Jawa Tengah, Bali, Nusatenggara Barat provinces",,,,,,,,,Km2,,,,,2015,2.0,8.0,2015,2.0,13.0,6.0,,,,,,,,,235000.0,268664.0,87.4699322108025,1,1513;1516;1520;1521;1528;73613,,"Bali, Dki Jakarta, Jawa Barat, Jawa Tengah, Jawa Timur, Nusatenggara Barat (Adm1)."
2015-0129-IDN,2015,129,,Natural,Hydrological,Flood,Riverine flood,,,Indonesia,IDN,South-Eastern Asia,Asia,Indramayu district (Java Barat province),,Broken Dam/Burst bank,,,,,,7002.0,Km2,-6.55868,108.4,,Cimanuk river,2015,3.0,15.0,2015,3.0,23.0,,,8000.0,,8000.0,,,,,,,87.4699322108025,2,,18013,Indramayu (Adm2).
2015-0412-IDN,2015,412,,Natural,Hydrological,Flood,,,,Indonesia,IDN,South-Eastern Asia,Asia,Aceh Jaya District (Nanggroe Aceh Darussalam Province),Heavy rains,,,,No,No,,,Km2,,,,,2015,7.0,15.0,2015,7.0,,,,25750.0,,25750.0,,,,,,,87.4699322108025,2,,73625,Aceh Jaya (Adm2).
2016-0040-IDN,2016,40,FL-2016-000009,Natural,Hydrological,Flood,,,,Indonesia,IDN,South-Eastern Asia,Asia,"Dharmasraya, Kota Payakumbuh, Kota Solok, Limapuluhkoto, Kota Pasaman, Solok, Solok Selatan, Sawahlunto/sijunjung districts (Sumatera Barat province), Bangka Tengah, Bangka Selatan, Bangka Barat, Kota Pangkalpinang districts (Bangka Belitung province), Kampar, Rokanhulu districts (Riau province), Aceh Besar, Aceh Utara, Pidie (Nangroe Aceh Darussalam province)",Heavy rains,"Slide (land, mud, snow, rock)",,,,,,235819.0,Km2,-2.465,103.352,,"Rokan, Muara Bandar, Palis, Batang Lubuh, Batang Bangko, Batng Suliti, Batang Lolo rivers",2016,2.0,7.0,2016,2.0,12.0,8.0,,80313.0,,80313.0,,,,,2000.0,2258.0,88.573452875574,2,,17960;17968;18207;18208;73632;73639;73640;73641;73670;73688;73742;73745;73746;73836;73842;73852;73853,"Aceh Besar, Aceh Utara, Bangka Barat, Bangka Selatan, Bangka Tengah, Dharmasraya, Kampar, Kota Pangkalpinang, Kota Pasaman, Kota Payakumbuh, Kota Solok, Limapuluhkoto, Pidie, Rokanhulu, Sawahlunto/sijunjung, Solok, Solok Selatan (Adm2)."
2016-0057-IDN,2016,57,,Natural,Hydrological,Flood,,,,Indonesia,IDN,South-Eastern Asia,Asia,"Jambi; Sanggau, Sambas, Bengkayang, Landak districts (West Kalimantan); Pasuruan (East Java Province); Garut (West Java Province)",Heavy monsoonal rains,,,,,,,,Km2,,,,,2016,2.0,19.0,2016,2.0,24.0,,,30000.0,,30000.0,,,,,,,88.573452875574,1;2,1518,18012;18091;18105;73652;73773;73839,"Jambi (Adm1). Bengkayang, Garut, Landak, Pasuruan, Sambas, Sanggau (Adm2)."
2016-0092-IDN,2016,92,,Natural,Hydrological,Flood,,,,Indonesia,IDN,South-Eastern Asia,Asia,"Sarolangun district (Jambi province), Cianjur district (Jawa Barat province), Tanahbumbu district (Kalimantan Selatan province), Dki Jakarta, Lampung, Sumatera Selatan, Kalimantan Barat, Sulawesi Selatan provinces",Monsoonal rain,"Slide (land, mud, snow, rock)",,,,,,,Km2,,,,,2016,3.0,7.0,2016,3.0,8.0,6.0,,12500.0,,12500.0,,,,,,,88.573452875574,1;2,1516;1522;1526;73620;73622,18010;73841;73860,"Dki Jakarta, Kalimantan Barat, Lampung, Sulawesi Selatan, Sumatera Selatan (Adm1). Cianjur, Sarolangun, Tanahbumbu (Adm2)."
2016-0094-IDN,2016,94,,Natural,Hydrological,Flood,Riverine flood,,,Indonesia,IDN,South-Eastern Asia,Asia,"Cicalengka, Rancaekek, Cileunyi, Solokan Jeruk, Majalaya, Ciparay, Baleendah, Dayeuhkolot, Bojongsoang, Pameungpeuk, Banjaran, Arjasri, Cangkuang, Katapang and Kutawaringin districts areas (Bandung, Jawa Barat province)",Monsoonal rains,"Slide (land, mud, snow, rock)",,,,,,,Km2,,,,Citarum river,2016,3.0,8.0,2016,3.0,13.0,5.0,,24000.0,,24000.0,,,,,,,88.573452875574,2,,73636,Bandung (Adm2).
2016-0306-IDN,2016,306,,Natural,Hydrological,Flood,,,,Indonesia,IDN,South-Eastern Asia,Asia,"Andowia, Asera, Lasolo sub-districts (North Konawe regency - Southeast Sulawesi)",Heavy rains,,,,,,,,Km2,,,,,2016,7.0,11.0,2016,7.0,19.0,,,1354.0,,1354.0,,,,,,,88.573452875574,2,,73695,Kendari (Adm2).
2016-0345-IDN,2016,345,,Natural,Hydrological,Flood,,,,Indonesia,IDN,South-Eastern Asia,Asia,"Garut, Sumedang districts (Jawa Barat)",Torrential rains,"Slide (land, mud, snow, rock)",,,,,,32276.0,Km2,-7.042,108.238,,Ciamanuk river,2016,9.0,20.0,2016,9.0,22.0,53.0,,,8920.0,8920.0,,,,,22000.0,24838.0,88.573452875574,2,,18012;18027,"Garut, Sumedang (Adm2)."
2016-0425-IDN,2016,425,,Natural,Hydrological,Flood,,,,Indonesia,IDN,South-Eastern Asia,Asia,Gorontalo province (North Sulawesi region),Heavy rain,"Slide (land, mud, snow, rock)",,,,,,11225.0,Km2,0.649,123.245,,,2016,10.0,23.0,2016,11.0,10.0,2.0,,4500.0,,4500.0,,,,,,,88.573452875574,1,73611,,Gorontalo (Adm1).
2016-0479-IDN,2016,479,,Natural,Hydrological,Flood,Riverine flood,,,Indonesia,IDN,South-Eastern Asia,Asia,"Karawang, Bandung districts (Jawa Barat province)",,,,,,,,,Km2,,,,Citarum,2016,11.0,13.0,2016,11.0,15.0,5.0,,19669.0,,19669.0,,,,,,,88.573452875574,2,,18014;73636,"Bandung, Karawang (Adm2)."
2016-0525-IDN,2016,525,,Natural,Hydrological,Flood,,,,Indonesia,IDN,South-Eastern Asia,Asia,"Sumatra (3 districts in Merangin regency, Jambi province), Banten (Lebak-Citorek village), Jawa Tengah (Buluhrejo, Plosorejo, Sukomakmur villages), Jawa Timur (Bojonegro, Gresik, Dukun, Bungah and Tuban (Widang, Parengan, Soko, Rengel, Plumpang)), Borneo Isl. (4 districts in West Kalimantan province)",,"Slide (land, mud, snow, rock)",,,,,,,Km2,,,,Bengawan Solo River,2016,11.0,30.0,2016,12.0,7.0,10.0,,105000.0,,105000.0,,,,,10000.0,11290.0,88.573452875574,1;2,1522,18020;18038;18040;18050;18067;18069;18099;73795,"Kalimantan Barat (Adm1). Bojonegoro, Gresik, Grobogan, Karanganyar, Lebak, Magelang, Merangin, Tuban (Adm2)."
2016-0527-IDN,2016,527,,Natural,Hydrological,Flood,,,,Indonesia,IDN,South-Eastern Asia,Asia,"Bima city, East Rasanae, Mpuda, Raba, Rasanae West, Asakota districts (West Nusa Tenggara province)",Torrential rain,"Slide (land, mud, snow, rock)",,,,,,,Km2,,,,Paruga River,2016,12.0,21.0,2016,12.0,26.0,,,105753.0,,105753.0,,,,,74000.0,83546.0,88.573452875574,2,,73656;73713,"Bima, Kota Bima (Adm2)."
2017-0059-IDN,2017,59,,Natural,Hydrological,Flood,,,,Indonesia,IDN,South-Eastern Asia,Asia,"Jakarta (Bekasi, Jakarta)",Heavy rains,,,,,,,40254.0,Km2,-7.029,107.162,,,2017,2.0,21.0,2017,2.0,21.0,2.0,,400.0,,400.0,,,,,,,90.4601793133611,1,1516,,Dki Jakarta (Adm1).
2017-0111-IDN,2017,111,,Natural,Hydrological,Flood,Riverine flood,,,Indonesia,IDN,South-Eastern Asia,Asia,"Limapuluh Koto Regency (Sumatra province), Pangkalan, Kapur IX, Lareh Sago Halaban, Harau districts",,"Slide (land, mud, snow, rock)",,,,,,,Km2,,,,"Sungai Batang Maek, Batang Kapur, Sinamar river, Batang Harau",2017,3.0,3.0,2017,3.0,3.0,8.0,,17410.0,,17410.0,,,,,19000.0,21004.0,90.4601793133611,2,,18208,Limapuluhkoto (Adm2).
2017-0147-IDN,2017,147,,Natural,Hydrological,Flood,Flash flood,,,Indonesia,IDN,South-Eastern Asia,Asia,"Magelang district (Nipis, Sambungrejo, Citrosono villages) (Central Java provinces)",,,,,,,,,Km2,,,,,2017,4.0,29.0,2017,4.0,29.0,12.0,4.0,355.0,,359.0,,,,,,,90.4601793133611,2,,18050,Magelang (Adm2).
2017-0206-IDN,2017,206,,Natural,Hydrological,Flood,Flash flood,,,Indonesia,IDN,South-Eastern Asia,Asia,"Harapan village (East Luwu-Sulawesi Selatan), Kranggan (Setu, South Tangerang-Banten), Jakarta, Sumatra (Asahan-Sumatera Utara), Java, Borneo (Kutai Barat -Kalimatan Timur, Nunukan - Kalimantan Utara), Sulawesi Tenggara",Heavy rainfall,"Slide (land, mud, snow, rock)",,,,,,,Km2,,,,,2017,5.0,12.0,2017,5.0,15.0,7.0,11.0,25000.0,,25011.0,,,,,2000.0,2211.0,90.4601793133611,1,1516;1525;1533;1537;73610;73620,,"Banten, Dki Jakarta, Kalimantan Timur, Sulawesi Selatan, Sulawesi Tenggara, Sumatera Utara (Adm1)."
2017-0177-IDN,2017,177,,Natural,Hydrological,Flood,Riverine flood,,,Indonesia,IDN,South-Eastern Asia,Asia,"Kalimantan (Borneo) and Sulawesi (Celebes): Lampasio, Baolan, Galang, Dako Pamean sub-districts (Toli-toli), Mongkonai area of Kotamugabu City (Bolaangmongondow), districts of Limboto, West Limboto, and Tibawa (Gorontalo), city of Sukadana (Ketapang)",,,,,,,,,Km2,,,,Tuwelei and Lembe Rivers,2017,6.0,1.0,2017,6.0,3.0,4.0,,282345.0,75.0,282420.0,,,,,,,90.4601793133611,2,,18102;18197;73675;73873,"Bolaangmongondow, Gorontalo, Ketapang, Toli-toli (Adm2)."
2017-0494-IDN,2017,494,,Natural,Hydrological,Flood,,,,Indonesia,IDN,South-Eastern Asia,Asia,"Aceh Singkil district, Asahan Regency, Bandung Regency, Balangan Regency, Medan City, Pelalawan Regency, South Ogan Komering Ulu Regency, Tegal Regency",Heavy rains,"Slide (land, mud, snow, rock)",,,,,,27068.0,Km2,-7.229,109.117,,,2017,11.0,3.0,2017,11.0,17.0,9.0,,12000.0,,12000.0,,,,,,,90.4601793133611,2,,18060;18229;73627;73633;73635;73636;73816;73825,"Aceh Singkil, Asahan, Balangan, Bandung, Kota Medan, Ogan Komering Ulu Selatan, Pelalawan, Tegal (Adm2)."
2017-0576-IDN,2017,576,,Natural,Hydrological,Flood,Flash flood,,,Indonesia,IDN,South-Eastern Asia,Asia,"East Lombok Regency (West Nusa Tenggara province), Keruak, Jerowaru, Sakra and West Sakra districts",,,,,,,,,Km2,,,,,2017,11.0,19.0,2017,11.0,24.0,2.0,,2280.0,,2280.0,,,,,,,90.4601793133611,2,,18147,Lombok Timur (Adm2).
2018-0483-IDN,2018,483,,Natural,Hydrological,Flood,,,,Indonesia,IDN,South-Eastern Asia,Asia,Pasir Pangang (Java province),Torrential rains,"Slide (land, mud, snow, rock)",,,,,,,Km2,,,,,2018,2.0,21.0,2018,2.0,23.0,20.0,,100000.0,,100000.0,,,,,,,92.6696698010059,2,,73823,Pasir (Adm2).
2018-0166-IDN,2018,166,,Natural,Hydrological,Flood,,,,Indonesia,IDN,South-Eastern Asia,Asia,West Nusa Tenggara,Torrential Rain,,,,,,,3938.0,Km2,-8.497,118.569,,,2018,3.0,5.0,2018,3.0,6.0,,,3000.0,,3000.0,,,,,,,92.6696698010059,1,1533,,Sulawesi Tenggara (Adm1).
2018-0121-IDN,2018,121,,Natural,Hydrological,Flood,,,,Indonesia,IDN,South-Eastern Asia,Asia,"West Sulawesi, East Kalimantan, North Suamatra",Heavy rains,"Slide (land, mud, snow, rock)",,,,,,,Km2,,,,,2018,3.0,22.0,2018,3.0,26.0,3.0,1.0,12000.0,,12001.0,,,,,,,92.6696698010059,1,1525;1537;73619,,"Kalimantan Timur, Sulawesi Barat, Sumatera Utara (Adm1)."
2018-0425-IDN,2018,425,,Natural,Hydrological,Flood,Flash flood,,,Indonesia,IDN,South-Eastern Asia,Asia,Muara Saladi village in Mandailing Natal Regency (North Sumatra),Heavy rains,"Slide (land, mud, snow, rock)",,,,,,,Km2,,,,,2018,10.0,11.0,2018,10.0,12.0,35.0,,20000.0,,20000.0,,,,,,,92.6696698010059,2,,73787,Mandailingnatal (Adm2).
2018-0471-IDN,2018,471,,Natural,Hydrological,Flood,Flash flood,,,Indonesia,IDN,South-Eastern Asia,Asia,"Java, Sumatra Isl",Heavy rains,"Slide (land, mud, snow, rock)",,,,,,,Km2,,,,,2018,11.0,26.0,2018,12.0,4.0,13.0,,3000.0,,3000.0,,,,,,,92.6696698010059,,,,
2018-0472-IDN,2018,472,,Natural,Hydrological,Flood,,,,Indonesia,IDN,South-Eastern Asia,Asia,"Bogor (West Java); East Java, West Sumatra, Riau, Bali",,"Slide (land, mud, snow, rock)",,,,,,,Km2,,,,,2018,12.0,6.0,2018,12.0,10.0,9.0,,5463.0,,5463.0,,,,,,,92.6696698010059,1;2,1513;1521;1535;73618,18008,"Bali, Jawa Timur, Riau, Sumatera Barat (Adm1). Bogor (Adm2)."
2019-0022-IDN,2019,22,,Natural,Hydrological,Flood,,,,Indonesia,IDN,South-Eastern Asia,Asia,"Kebumen (Banyumas district); Mojokerto, Bojonegoro, Purworedjo, Cilacap districts (Central Java)",Heavy rains,"Slide (land, mud, snow, rock)",,,,,,,Km2,,,,,2019,1.0,17.0,2019,1.0,17.0,2.0,,2650.0,,2650.0,,,,,,,94.3490924994534,2,,18036;18041;18055;18067;18086,"Bojonegoro, Cilacap, Kebumen, Mojokerto, Purworejo (Adm2)."
2019-0107-IDN,2019,107,,Natural,Hydrological,Flood,,,,Indonesia,IDN,South-Eastern Asia,Asia,"Java Isl., western Timor",Heavy rains,"Slide (land, mud, snow, rock)",,,,,,,Km2,,,,,2019,3.0,6.0,2019,3.0,8.0,9.0,4.0,168393.0,,168397.0,,,,,,,94.3490924994534,1,1515;1516;1520;1521;1529;73610;73613,,"Banten, Daerah Istimewa Yogyakarta, Dki Jakarta, Jawa Barat, Jawa Tengah, Jawa Timur, Nusatenggara Timur (Adm1)."
2019-0111-IDN,2019,111,,Natural,Hydrological,Flood,Flash flood,,,Indonesia,IDN,South-Eastern Asia,Asia,Papua province,Heavy rains,,,,,,,,Km2,,,,,2019,3.0,16.0,2019,3.0,18.0,206.0,915.0,58625.0,,59540.0,,,,,103000.0,109169.0,94.3490924994534,1,73617,,Papua (Adm1).
2019-0168-IDN,2019,168,,Natural,Hydrological,Flood,,,,Indonesia,IDN,South-Eastern Asia,Asia,"Bengkulu city, Kaur, North Bengkulu, Central Bengkulu, South Bengkulu, Seluma, Kapahiang, Lebong, Rejang Lebong districts (Bengkulu Province)",Heavy rains,"Slide (land, mud, snow, rock)",,,,,,,Km2,,,,,2019,4.0,25.0,2019,5.0,27.0,18.0,2.0,13000.0,,13002.0,,,,,15000.0,15898.0,94.3490924994534,2,,73653;73654;73692;73712;73774;73834;73844;73882,"Bengkulu Selatan, Bengkulu Utara, Kaur, Kepahiang, Kota Bengkulu, Lebong, Rejanglebong, Seluma (Adm2)."
2019-0167-IDN,2019,167,,Natural,Hydrological,Flood,,,,Indonesia,IDN,South-Eastern Asia,Asia,"South Jakarta, East Jakarta",Heavy rains,,,,,,,,Km2,,,,Ciliwung river,2019,4.0,25.0,2019,4.0,26.0,2.0,,2258.0,,2258.0,,,,,,,94.3490924994534,2,,73724;73725,"Kota Jakarta Selatan, Kota Jakarta Timur (Adm2)."
2019-0281-IDN,2019,281,,Natural,Hydrological,Flood,,,,Indonesia,IDN,South-Eastern Asia,Asia,"South East Sulawesi, South Sulawesi,Central Sulawesi, East Kalimantan",Heavy rain,,,,,Yes,,,Km2,,,,,2019,6.0,3.0,2019,6.0,9.0,2.0,,55495.0,,55495.0,,,,,,,94.3490924994534,1,1525;1532;1533;73620,,"Kalimantan Timur, Sulawesi Selatan, Sulawesi Tengah, Sulawesi Tenggara (Adm1)."
2019-0210-IDN,2019,210,,Natural,Hydrological,Flood,,,,Indonesia,IDN,South-Eastern Asia,Asia,"Konawe, North Konawe, Konawe Island, East Kolaka regencies (Sulawesi, Kalimantan Islands)",Heavy rains,,,,,,,,Km2,,,,,2019,6.0,9.0,2019,6.0,14.0,1.0,,52000.0,,52000.0,,,,,,,94.3490924994534,2,,73703;73704,"Kolaka, Konawe Selatan (Adm2)."
2019-0523-IDN,2019,523,,Natural,Hydrological,Flood,,,,Indonesia,IDN,South-Eastern Asia,Asia,"North Sumatra, and Aceh provinces (Sumatra Island)",,,,,,,,,Km2,,,,,2019,10.0,26.0,2019,10.0,27.0,,,9435.0,,9435.0,,,,,,,94.3490924994534,1,1512;1537,,"Nangroe Aceh Darussalam, Sumatera Utara (Adm1)."
2019-0620-IDN,2019,620,,Natural,Hydrological,Flood,Flash flood,,,Indonesia,IDN,South-Eastern Asia,Asia,"South Solok Regency (west Sumatra), Sigi Regency (central Sulawesi)",,,,,,,,,Km2,,,,,2019,12.0,12.0,2019,12.0,17.0,14.0,,5000.0,,5000.0,,,,,,,94.3490924994534,2,,73671;73852,"Donggala, Solok Selatan (Adm2)."
2019-0657-IDN,2019,657,,Natural,Hydrological,Flood,,,,Indonesia,IDN,South-Eastern Asia,Asia,"Rokan Hulu, Kampar, Pelalawan, Kuantan Singingi, Indragiri Hulu and Rokan Hilir districts (Riau province)",,"Slide (land, mud, snow, rock)",,,,Yes,,,Km2,,,,,2019,12.0,19.0,2019,12.0,21.0,6.0,,60000.0,,60000.0,,,,,,,94.3490924994534,2,,18162;73684;73688;73764;73825;73836,"Indragiri Hilir, Indragiri Hulu, Kampar, Kuantan Singingi, Pelalawan, Rokanhulu (Adm2)."
2019-0632-IDN,2019,632,FL-2019-000182,Natural,Hydrological,Flood,Flash flood,,,Indonesia,IDN,South-Eastern Asia,Asia,"Labuhanbatu Utara districts (North Sumatra); Saling,Talang Datuk, Talang Tinggi and Lunjuk sub-districts (Bengkulu province); Jakarta, Bekasi, Bogor, Depok in West Java district; Banten Province",,"Slide (land, mud, snow, rock)",,,,,,24987.0,Km2,-6.533,107.508,,,2019,12.0,31.0,2020,1.0,3.0,66.0,110.0,501000.0,,501110.0,,,,,1200000.0,1271872.0,94.3490924994534,1;2,1514;1516;73610,18007;18008;18016;18233;73711;73720,"Banten, Bengkulu, Dki Jakarta (Adm1). Bekasi, Bogor, Kota Bekasi, Kota Bogor, Kota Depok, Labuhanbatu (Adm2)."
2020-0014-IDN,2020,14,,Natural,Hydrological,Flood,,,,Indonesia,IDN,South-Eastern Asia,Asia,"Samarinda City (East Kalimantan Province, Borneo Island)",Heavy rains,,,,,,,,Km2,,,,,2020,1.0,14.0,2020,1.0,15.0,,,7213.0,,7213.0,,,,,,,95.5129674174503,2,,18131,Kota Samarinda (Adm2).
2020-0018-IDN,2020,18,,Natural,Hydrological,Flood,Flash flood,,,Indonesia,IDN,South-Eastern Asia,Asia,"Kaur Regency (western Bengkulu Province, Sumatra Isl.)",,Collapse,,,,,,,Km2,,,,,2020,1.0,19.0,2020,1.0,22.0,10.0,,,,,,,,,,,95.5129674174503,2,,73692,Kaur (Adm2).
2020-0033-IDN,2020,33,,Natural,Hydrological,Flood,,,,Indonesia,IDN,South-Eastern Asia,Asia,"Sumedang Regency, Bandung District (West Java); Bojonegoro Regency (East Java)",,,,,,,,,Km2,,,,,2020,1.0,23.0,2020,1.0,28.0,10.0,,75000.0,,75000.0,,,,,,,95.5129674174503,2,,18015;18027;18067;73636,"Bandung, Bojonegoro, Kota Bandung, Sumedang (Adm2)."
2020-0036-IDN,2020,36,,Natural,Hydrological,Flood,,,,Indonesia,IDN,South-Eastern Asia,Asia,Central Tapanuli Regency (North Sumatra Province),Heavy rains,,,,,Yes,,,Km2,,,,,2020,1.0,28.0,2020,1.0,29.0,9.0,22.0,2100.0,,2122.0,,,,,,,95.5129674174503,2,,73865,Tapanuli Tengah (Adm2).
2020-0052-IDN,2020,52,,Natural,Hydrological,Flood,Riverine flood,,,Indonesia,IDN,South-Eastern Asia,Asia,Musi Rawas Regency (South Sumatra Province); Jakarta Province,Heavy rains,,,,,,,,Km2,,,,"Ciliwung, Sunter, Buaran, Batang Maek, Batang Kasok, and Batang Samo rivers",2020,2.0,11.0,2020,2.0,11.0,,,10905.0,,10905.0,,,,,,,95.5129674174503,1;2,1516,73807,Dki Jakarta (Adm1). Musirawas (Adm2).
2020-0059-IDN,2020,59,,Natural,Hydrological,Flood,,,,Indonesia,IDN,South-Eastern Asia,Asia,"Lima Puluh Kota Regency (West Sumatra Province), West Bandung Regency (West Java) ; Pasaman and Solok Regencies",Heavy rains,"Slide (land, mud, snow, rock)",,,,,,,Km2,,,,,2020,2.0,13.0,2020,2.0,26.0,6.0,,115000.0,,115000.0,,,,,10000.0,10470.0,95.5129674174503,2,,18015;18207;18208;73636;73745,"Bandung, Kota Bandung, Kota Pasaman, Kota Solok, Limapuluhkoto (Adm2)."
2020-0068-IDN,2020,68,,Natural,Hydrological,Flood,,,,Indonesia,IDN,South-Eastern Asia,Asia,"East Jakarta, North Jakarta, Karawang, West Jakarta,Tangerang City, Bekasi province",Heavy rains,,,,,,,,Km2,,,,,2020,2.0,26.0,2020,2.0,28.0,10.0,,112000.0,,112000.0,,,,,,,95.5129674174503,2,,18007;18014;73722;73725;73726;73752,"Bekasi, Karawang, Kota Jakarta Barat, Kota Jakarta Timur, Kota Jakarta Utara, Kota Tangerang (Adm2)."
2020-0086-IDN,2020,86,,Natural,Hydrological,Flood,Flash flood,,,Indonesia,IDN,South-Eastern Asia,Asia,"North Bolaang Mongondow Regency, Poso city, Sangkub, Bintauna, West Bolangitang, East Bolangitang Districts (Central, North Sulawesi provinces)",Heavy rains,,,,,,,,Km2,,,,,2020,3.0,4.0,2020,3.0,6.0,2.0,,40000.0,,40000.0,,,,,7200.0,7538.0,95.5129674174503,2,,18197;73830,"Bolaangmongondow, Poso (Adm2)."
2020-0115-IDN,2020,115,,Natural,Hydrological,Flood,,,,Indonesia,IDN,South-Eastern Asia,Asia,"Dayeuhkolot, Baleendah, Bojongsoang, Katapang, Soreang, Banjaran, and Majalaya sub-districts (Bandung district, West Java)  with up to 3 meters (9.8 feet) of floodwaters. At least 9,659 homes and 74 other public facilities were flooded during the event. Wide swaths of infrastructure were also affected.",Heavy rains,,,,,,,,Km2,,,,,2020,3.0,20.0,2020,3.0,21.0,,,84609.0,,84609.0,,,,,,,95.5129674174503,2,,18015;73636,"Bandung, Kota Bandung (Adm2)."
2020-0121-IDN,2020,121,,Natural,Hydrological,Flood,,,,Indonesia,IDN,South-Eastern Asia,Asia,"Dayuehkolot, Baleendah, Bandung, Bogor Regencies , West Java Island (West Java Province)",Heavy rains,,,,,,,,Km2,,,,,2020,3.0,29.0,2020,4.0,1.0,1.0,,56488.0,,56488.0,,,,,,,95.5129674174503,2,,18008;18015;73636,"Bandung, Bogor, Kota Bandung (Adm2)."
2020-0134-IDN,2020,134,,Natural,Hydrological,Flood,Flash flood,,,Indonesia,IDN,South-Eastern Asia,Asia,Tana Toraja Regency (South Sulawesi Province); East Kalimantan; West Sumatra,Heavy rains,"Slide (land, mud, snow, rock)",,,,,,,Km2,,,,,2020,4.0,4.0,2020,4.0,5.0,4.0,,100.0,,100.0,,,,,,,95.5129674174503,1;2,1525;1535,18187,"Kalimantan Timur, Sumatera Barat (Adm1). Tanatoraja (Adm2)."
2020-0144-IDN,2020,144,,Natural,Hydrological,Flood,Flash flood,,,Indonesia,IDN,South-Eastern Asia,Asia,Lamongan District (East Java Regency),Heavy rains,,,,,,,,Km2,,,,,2020,4.0,9.0,2020,4.0,16.0,,,25000.0,,25000.0,,,,,,,95.5129674174503,2,,18081,Lamongan (Adm2).
2020-0161-IDN,2020,161,,Natural,Hydrological,Flood,,,,Indonesia,IDN,South-Eastern Asia,Asia,"West Java, Central Kalimantan, northern Sumatra Islands, Banten, Bengkulu, and East Kalimantan Provinces",Heavy rains,"Slide (land, mud, snow, rock)",,,,,,,Km2,,,,,2020,4.0,20.0,2020,4.0,28.0,,,2000.0,,2000.0,,,,,,,95.5129674174503,1,1514;1524;1525;1537;73610;73613,,"Banten, Bengkulu, Jawa Barat, Kalimantan Tengah, Kalimantan Timur, Sumatera Utara (Adm1)."
2020-0151-IDN,2020,151,,Natural,Hydrological,Flood,,,,Indonesia,IDN,South-Eastern Asia,Asia,"Dayeuhkolot, Baleendah, Bojongsoang districts (Bandung Regency ,West Java Province)",Heavy rains,,,,,,,,Km2,,,,,2020,4.0,30.0,2020,5.0,5.0,2.0,,110000.0,,110000.0,,,,,,,95.5129674174503,2,,73636,Bandung (Adm2).
2020-0185-IDN,2020,185,,Natural,Hydrological,Flood,,,,Indonesia,IDN,South-Eastern Asia,Asia,"Pasangkayu, Polewali Mandar Districts (West Sulawesi Province)",Heavy rains,"Slide (land, mud, snow, rock)",,,,,,,Km2,,,,,2020,5.0,8.0,2020,5.0,8.0,7.0,,3805.0,,3805.0,,,,,,,95.5129674174503,2,,73785;73828,"Mamuju Utara, Polewalimamasa (Adm2)."
2020-0245-IDN,2020,245,FF-2020-000140,Natural,Hydrological,Flood,Flash flood,,,Indonesia,IDN,South-Eastern Asia,Asia,"Aceh, Riau, Riau Islands, Bengkulu, South Sumatra, West Nusa Tenggara, South Sulawesi, and several parts of Kalimantan",Torrential rains,,,,,Yes,,,Km2,,,,,2020,5.0,22.0,2020,6.0,4.0,4.0,,41837.0,,41837.0,,,,,,,95.5129674174503,1,1512;1514;1522;1523;1524;1525;1528;73614;73618;73620;73622,,"Bengkulu, Kalimantan Barat, Kalimantan Selatan, Kalimantan Tengah, Kalimantan Timur, Kepulauan-riau, Nangroe Aceh Darussalam, Nusatenggara Barat, Riau, Sulawesi Selatan, Sumatera Selatan (Adm1)."
2020-0224-IDN,2020,224,,Natural,Hydrological,Flood,,,,Indonesia,IDN,South-Eastern Asia,Asia,"Tegal City, Pekalongan City (Central Java Province) Sorong City (West Papua Province)",,,,,,,,,Km2,,,,,2020,6.0,3.0,2020,6.0,5.0,,,1835.0,,1835.0,,,,,,,95.5129674174503,2,,18044;18048;73751,"Kota Pekalongan, Kota Sorong, Kota Tegal (Adm2)."
2020-0250-IDN,2020,250,,Natural,Hydrological,Flood,Flash flood,,,Indonesia,IDN,South-Eastern Asia,Asia,"Bantaeng, Jeneponto Districts (South Sulawesi Province); Sawawa, Sawawa Tengah, South Sawawa, and Botu Pingge (Bone Bolango Regency, northern Sulawesi province)",Heavy rains,"Slide (land, mud, snow, rock)",,,,,,,Km2,,,,,2020,6.0,11.0,2020,6.0,15.0,7.0,3.0,12000.0,,12003.0,,,,,2100.0,2199.0,95.5129674174503,2,,18167;18173;73660,"Bantaeng, Bonebolango, Jeneponto (Adm2)."
2020-0265-IDN,2020,265,,Natural,Hydrological,Flood,,,,Indonesia,IDN,South-Eastern Asia,Asia,"Nisam, Matangkuli, Pirak Timu,Lhoksukon sub-distrcits (Aceh Utara and Bener Meriah Regency, Aceh Province, northern Sumatra)",,,,,,,,,Km2,,,,,2020,6.0,18.0,2020,6.0,19.0,,,10000.0,,10000.0,,,,,,,95.5129674174503,2,,73632;73650,"Aceh Utara, Bener Meriah (Adm2)."
2020-0325-IDN,2020,325,,Natural,Hydrological,Flood,,,,Indonesia,IDN,South-Eastern Asia,Asia,"Luwu Utara District (North Luwu Regency, South Sulawesi); West Kalimantan province",Heavy rains,"Slide (land, mud, snow, rock)",,,,,,,Km2,,,,,2020,7.0,3.0,2020,7.0,31.0,105.0,51.0,14483.0,,14534.0,,,,,10000.0,10470.0,95.5129674174503,1;2,1522,73778,Kalimantan Barat (Adm1). Luwu Utara (Adm2).
2020-0310-IDN,2020,310,FF-2020-000179,Natural,Hydrological,Flood,Flash flood,,,Indonesia,IDN,South-Eastern Asia,Asia,"Bolaang Uki, Tomini and Helumo sub-districts (South Bolaang Mongondow district, North Sulawesi province)",Heavy rains,,,,,,,,Km2,,,,"Bolangaso, Toluaya, Salongo, Nunuka, Mongolidia, Milangodaadan river",2020,8.0,1.0,2020,8.0,1.0,,,23461.0,,23461.0,,,,,,,95.5129674174503,2,,18197,Bolaangmongondow (Adm2).
2020-0486-IDN,2020,486,,Natural,Hydrological,Flood,,,,Indonesia,IDN,South-Eastern Asia,Asia,"West Java, West Sumatra,Central Kalimantan provinces",Seasonal rains,"Slide (land, mud, snow, rock)",,,,,,,Km2,,,,,2020,10.0,21.0,2020,10.0,31.0,15.0,,10000.0,,10000.0,,,,,,,95.5129674174503,1,1524;1535;73613,,"Jawa Barat, Kalimantan Tengah, Sumatera Barat (Adm1)."
2020-0532-IDN,2020,532,,Natural,Hydrological,Flood,,,,Indonesia,IDN,South-Eastern Asia,Asia,"Central Java, Aceh Provinces (north-western Sumatra)",Heavy rains,,,,,,,,Km2,,,,,2020,12.0,2.0,2020,12.0,10.0,5.0,,110000.0,,110000.0,,,,,,,95.5129674174503,1,1512;1520,,"Jawa Tengah, Nangroe Aceh Darussalam (Adm1)."
2020-0544-IDN,2020,544,,Natural,Hydrological,Flood,Riverine flood,,,Indonesia,IDN,South-Eastern Asia,Asia,Java Island,Heavy rains,"Slide (land, mud, snow, rock)",,,,,,,Km2,,,,"Ciberang, Ciujung, Cilemer, and Cileman rivers",2020,12.0,6.0,2020,12.0,8.0,2.0,2.0,1850.0,,1852.0,,,,,,,95.5129674174503,1,1520;1521;73613,,"Jawa Barat, Jawa Tengah, Jawa Timur (Adm1)."
2020-0551-IDN,2020,551,,Natural,Hydrological,Flood,Flash flood,,,Indonesia,IDN,South-Eastern Asia,Asia,West Nusa Tenggara Province (Lesser Sunda Islands); Aceh Province (northern Sumatra),Heavy rains,,,,,,,,Km2,,,,Cermei River,2020,12.0,12.0,2020,12.0,15.0,,,18200.0,,18200.0,,,,,,,95.5129674174503,1,1512;1528,,"Nangroe Aceh Darussalam, Nusatenggara Barat (Adm1)."
2021-0023-IDN,2021,23,,Natural,Hydrological,Flood,Riverine flood,,,Indonesia,IDN,South-Eastern Asia,Asia,"Sumbawa Island (West Nusa Tenggara Province, Lesser Sunda Islands), Nunukan Regency (North Kalimantan Province)",Heavy rains,,,,,,,,Km2,,,,Sembakung River,2021,1.0,6.0,2021,1.0,8.0,3.0,,10000.0,,10000.0,,,,,,,100.0,2,,73813;73858,"Nunukan, Sumbawa (Adm2)."
2021-0005-IDN,2021,5,,Natural,Hydrological,Flood,,,,Indonesia,IDN,South-Eastern Asia,Asia,"Kalimantan, Sulawesi Island, Maluku Islands",Heavy rains,"Slide (land, mud, snow, rock)",,,,,,,Km2,,,,,2021,1.0,15.0,2021,1.0,21.0,21.0,,126025.0,,126025.0,,,,,,,100.0,1,1522;1523;1524;1525;1532;1533;73615;73616;73619;73620;73621,,"Kalimantan Barat, Kalimantan Selatan, Kalimantan Tengah, Kalimantan Timur, Maluku, Maluku Utara, Sulawesi Barat, Sulawesi Selatan, Sulawesi Tengah, Sulawesi Tenggara, Sulawesi Utara (Adm1)."
2021-0062-IDN,2021,62,,Natural,Hydrological,Flood,,,,Indonesia,IDN,South-Eastern Asia,Asia,"Pasuruan Regency, Nganjuk Regency, Kudus Regency (Java Island)",Heavy rains,,,,,,,,Km2,,,,Kedunglarangan and Kabeng Pulungan rivers,2021,2.0,3.0,2021,2.0,5.0,2.0,,25400.0,,25400.0,,,,,,,100.0,2,,18049;18087;18091,"Kudus, Nganjuk, Pasuruan (Adm2)."
2021-0088-IDN,2021,88,,Natural,Hydrological,Flood,,,,Indonesia,IDN,South-Eastern Asia,Asia,"West Java, and Jakarta Provinces (Java Island)",Heavy rains,,,,,,,,Km2,,,,,2021,2.0,19.0,2021,2.0,23.0,7.0,,228650.0,,228650.0,,,,,50000.0,50000.0,100.0,1,1516;73613,,"Dki Jakarta, Jawa Barat (Adm1)."
2021-0104-IDN,2021,104,,Natural,Hydrological,Flood,,,,Indonesia,IDN,South-Eastern Asia,Asia,Semarang City (Central Java Province),Heavy rains,,,,,,,,Km2,,,,,2021,2.0,23.0,2021,2.0,26.0,1.0,,90590.0,,90590.0,,,,,,,100.0,2,,18057,Semarang (Adm2).
2021-0165-IDN,2021,165,,Natural,Hydrological,Flood,,,,Indonesia,IDN,South-Eastern Asia,Asia,Bojonegoro Regency (East Java Province); Tangerang District (Banten Province); Banyuwangi Regency (East Java Province); North Gorontalo Regency (Gorontalo Province); Gresik Regency (East Java); Bogor Regency (West Java Province),Heavy rains,"Slide (land, mud, snow, rock)",,,,,,,Km2,,,,,2021,3.0,17.0,2021,3.0,18.0,,,1974.0,,1974.0,,,,,,,100.0,2,,18008;18028;18065;18067;18069;73675,"Banyuwangi, Bogor, Bojonegoro, Gorontalo, Gresik, Tangerang (Adm2)."
2021-0185-IDN,2021,185,,Natural,Hydrological,Flood,,,,Indonesia,IDN,South-Eastern Asia,Asia,"West Java, North Sumatra, western Lesser Sunda Islands, Aceh provinces",Heavy rains,"Slide (land, mud, snow, rock)",,,,,,,Km2,,,,,2021,3.0,25.0,2021,3.0,31.0,,,75506.0,,75506.0,,,,,,,100.0,1,1512;1537;73613,,"Jawa Barat, Nangroe Aceh Darussalam, Sumatera Utara (Adm1)."
2021-0302-IDN,2021,302,,Natural,Hydrological,Flood,,,,Indonesia,IDN,South-Eastern Asia,Asia,"Dayeuhkolot, Baleendah, Bojongsoang, and Margarahayu sub-districts (Bandung Regency, West Java Province)",Heavy rains,,,,,,,,Km2,,,,Citarum River,2021,5.0,25.0,2021,5.0,25.0,,,59800.0,,59800.0,,,,,,,100.0,2,,18015;73636;73718,"Bandung, Kota Bandung, Kota Cimahi (Adm2)."
2021-0379-IDN,2021,379,,Natural,Hydrological,Flood,,,,Indonesia,IDN,South-Eastern Asia,Asia,"Teunom, Panga, Darul Hikmah, Setia Bakti, Krueng Sabee, Sampoiniet and Jaya districts (Aceh Jaya Regency, Aceh Province)",Heavy rains,"Slide (land, mud, snow, rock)",,,,,,,Km2,,,,,2021,7.0,5.0,2021,7.0,7.0,,,6408.0,,6408.0,,,,,,,100.0,2,,73625,Aceh Jaya (Adm2).
2021-0530-IDN,2021,530,,Natural,Hydrological,Flood,,,,Indonesia,IDN,South-Eastern Asia,Asia,"Karo Regency (North Sumatra); Kalimantan, Java, Sulawesi, Aceh",Heavy rains,"Slide (land, mud, snow, rock)",,,,,,,Km2,,,,,2021,8.0,19.0,2021,8.0,30.0,9.0,,62900.0,,62900.0,,,,,,,100.0,,,,
2021-0584-IDN,2021,584,,Natural,Hydrological,Flood,,,,Indonesia,IDN,South-Eastern Asia,Asia,"West Java, Papua, East Kalimantan, Banten ad Riau Provinces",Heavy rains,"Slide (land, mud, snow, rock)",,,,,,,Km2,,,,,2021,9.0,13.0,2021,9.0,14.0,,,11839.0,,11839.0,,,,,,,100.0,1,1525;73610;73613;73617;73618,,"Banten, Jawa Barat, Kalimantan Timur, Papua, Riau (Adm1)."
2021-0653-IDN,2021,653,,Natural,Hydrological,Flood,,,,Indonesia,IDN,South-Eastern Asia,Asia,"Medan City (North Sumatra Province), East, West, Central Kalimantan (Borneo Island); Belawan 1, Belawan 2, Sincanang, Bahari, Bahagia, Bagan Deli, and Labuan Deli",Heavy rains,,,,,,,,Km2,,,,,2021,10.0,5.0,2021,10.0,6.0,,,79095.0,,79095.0,,,,,,,100.0,1;2,1522;1524;1525,18229;73669,"Kalimantan Barat, Kalimantan Tengah, Kalimantan Timur (Adm1). Deli Serdang, Kota Medan (Adm2)."
2021-0695-IDN,2021,695,,Natural,Hydrological,Flood,,,,Indonesia,IDN,South-Eastern Asia,Asia,"Sekadau Regency (West Kalimantan Province, Borneo Island); Cilacap Regency (Central Java Province), Wajo Regency (South Sulawesi Province)",Heav rains,,,,,,,,Km2,,,,,2021,10.0,27.0,2021,10.0,28.0,,,2226.0,,2226.0,,,,,,,100.0,,,,
2021-0719-IDN,2021,719,,Natural,Hydrological,Flood,Flash flood,,,Indonesia,IDN,South-Eastern Asia,Asia,Batu and Malang (East Java Province),Heavy rains,,,,,,,,Km2,,,,Brantas River,2021,11.0,4.0,2021,11.0,4.0,9.0,,1275.0,,1275.0,,,,,,,100.0,2,,18076;73709,"Kota Batu, Kota Malang (Adm2)."
2021-0768-IDN,2021,768,,Natural,Hydrological,Flood,,,,Indonesia,IDN,South-Eastern Asia,Asia,"Lebak Regency (Banten Province, western Java); Pemalang and Tegal Regencies (Central Java Province)",Heavy rains,,,,,,,,Km2,,,,Rambut River,2021,11.0,19.0,2021,11.0,25.0,,8.0,11020.0,,11028.0,,,,,,,100.0,2,,18020;18048;18053;18060,"Kota Tegal, Lebak, Pemalang, Tegal (Adm2)."
2021-0788-IDN,2021,788,,Natural,Hydrological,Flood,,,,Indonesia,IDN,South-Eastern Asia,Asia,"Hulu Sungai Tengah and Banjarmasin (South Kalimantan); Makassar of South Sulawesi, North and West Lombok (West Nusa Tenggara); North Jakarta and Thousand Islands (Jakarta); Semarang of Central Java and Denpasar and Badung (Bali)","Heavy rains and high tides, and exacerbated by La Nina",,,,,,,,Km2,,,,,2021,12.0,5.0,2021,12.0,7.0,6.0,8.0,78730.0,,78738.0,,,,,,,100.0,2,,17969;18046;18057;18111;18113;18145;73719;73726;73735,"Badung, Hulusungai Tengah, Kota Banjarmasin, Kota Denpasar, Kota Jakarta Utara, Kota Makasar, Kota Semarang, Lombok Barat, Semarang (Adm2)."
2021-0823-IDN,2021,823,,Natural,Hydrological,Flood,,,,Indonesia,IDN,South-Eastern Asia,Asia,Padang Pariaman Regency (West Sumatra); Mamuju Regency (West Sulawesi),Heavy rains,"Slide (land, mud, snow, rock)",,,,Yes,,,Km2,,,,,2021,12.0,18.0,2021,12.0,19.0,,,43000.0,,43000.0,,,,,,,100.0,2,,73786;73819,"Mamuju, Padangpariaman (Adm2)."
2021-0835-IDN,2021,835,,Natural,Hydrological,Flood,,,,Indonesia,IDN,South-Eastern Asia,Asia,"East Aceh and Aceh Tamiang (Aceh Province, northern Sumatra)",,,,,,,,,Km2,,,,,2021,12.0,31.0,2022,1.0,4.0,2.0,,27500.0,,27500.0,,,,,,,100.0,2,,73628;73631,"Aceh Tamiang, Aceh Timur (Adm2)."
2022-0011-IDN,2022,11,,Natural,Hydrological,Flood,,,,Indonesia,IDN,South-Eastern Asia,Asia,Jayapura City (Papua Province); East Java,Heavy rains,"Slide (land, mud, snow, rock)",,,,,,,Km2,,,,,2022,1.0,10.0,2022,1.0,11.0,10.0,,6500.0,,6500.0,,,,,,,,2,,73685,Jayapura (Adm2).
2022-0087-IDN,2022,87,,Natural,Hydrological,Flood,,,,Indonesia,IDN,South-Eastern Asia,Asia,"Tegal Regency (Central Java Province); Bengkalis Regency (Riau Province, Sumatra Island); Gresik Regency (East Java Province); West Kalimatan",Heavy rains,,,,,,,,Km2,,,,,2022,2.0,10.0,2022,2.0,15.0,1.0,,14700.0,,14700.0,,,,,,,,,,,
2022-0120-IDN,2022,120,,Natural,Hydrological,Flood,,,,Indonesia,IDN,South-Eastern Asia,Asia,"Banten Province (western Java), Central Java, East Java",Heavy rains,,,,,,,,Km2,,,,,2022,2.0,27.0,2022,3.0,2.0,5.0,,31800.0,,31800.0,,,,,,,,,,,
2022-0136-IDN,2022,136,,Natural,Hydrological,Flood,,,,Indonesia,IDN,South-Eastern Asia,Asia,Purworejo and Kebumen regencies (Java); Balikpapan City (East Kalimantan),Heavy rains,"Slide (land, mud, snow, rock)",,,,,,,Km2,,,,,2022,3.0,14.0,2022,3.0,17.0,4.0,3.0,16000.0,,16003.0,,,,,,,,,,,
2022-0324-IDN,2022,324,,Natural,Hydrological,Flood,,,,Indonesia,IDN,South-Eastern Asia,Asia,"Cipelang Village (Bogor Regency, West Java Province), Medan City (North Sumatra Province); Central Java Province; Central and North Kalimantan Province",,"Slide (land, mud, snow, rock)",,,,,,,Km2,,,,,2022,5.0,21.0,2022,5.0,24.0,,1.0,17200.0,,17201.0,,,,,,,,,,,
2022-0418-IDN,2022,418,,Natural,Hydrological,Flood,,,,Indonesia,IDN,South-Eastern Asia,Asia,"South Sulawesi, Central Sulawesi and Gorontalo provinces; Maluku Archipelago",Heavy rains,"Slide (land, mud, snow, rock)",,,,,,,Km2,,,,,2022,7.0,5.0,2022,7.0,12.0,7.0,,3126.0,,3126.0,,,,,,,,,,,
2022-0694-IDN,2022,694,,Natural,Hydrological,Flood,,,,Indonesia,IDN,South-Eastern Asia,Asia,Karangasem Regency (eastern Bali); Bangli Regency (eastern Bali); Jembrana Regency (western Bali),Heavy rains,"Slide (land, mud, snow, rock)",,,,,,,Km2,,,,,2022,10.0,3.0,2022,10.0,21.0,5.0,3.0,200.0,,203.0,,,,,,,,,,,
2022-0642-IDN,2022,642,,Natural,Hydrological,Flood,Flash flood,,,Indonesia,IDN,South-Eastern Asia,Asia,South Jakarta; Lhokseumawe City (Aceh); Palopo City (South Sulawesi); Palembang City (South Sumatra),Heavy rains,Collapse,"Slide (land, mud, snow, rock)",,,,,,Km2,,,,,2022,10.0,4.0,2022,10.0,9.0,10.0,2.0,40000.0,,40002.0,,,,,,,,,,,
